gbifID	datasetKey	occurrenceID	kingdom	phylum	class	order	family	genus	species	infraspecificEpithet	taxonRank	scientificName	verbatimScientificName	verbatimScientificNameAuthorship	countryCode	locality	stateProvince	occurrenceStatus	individualCount	publishingOrgKey	decimalLatitude	decimalLongitude	coordinateUncertaintyInMeters	coordinatePrecision	elevation	elevationAccuracy	depth	depthAccuracy	eventDate	day	month	year	taxonKey	speciesKey	basisOfRecord	institutionCode	collectionCode	catalogNumber	recordNumber	identifiedBy	dateIdentified	license	rightsHolder	recordedBy	typeStatus	establishmentMeans	lastInterpreted	mediaType	issue
923926724	50c9509d-22c7-4a22-a47d-8c48425ef4a7	http://www.inaturalist.org/observations/766415	Animalia	Chordata	Squamata		Gekkonidae	Hemidactylus	Hemidactylus turcicus		SPECIES	Hemidactylus turcicus (Linnaeus, 1758)	Hemidactylus turcicus		US		California	PRESENT		28eb1a3f-1c15-4a95-931a-4af90ecb574d	32.730933	-115.994775							2014-06-22T23:51:39	22	6	2014	5221528	5221528	HUMAN_OBSERVATION	iNaturalist	Observations	766415		Chris Patnaude	2014-07-03T15:37:12	CC_BY_NC_4_0	Chris Patnaude	Chris Patnaude			2026-02-23T22:51:39.566Z	StillImage	COORDINATE_ROUNDED;CONTINENT_DERIVED_FROM_COORDINATES;TAXON_ID_NOT_FOUND
891737663	50c9509d-22c7-4a22-a47d-8c48425ef4a7	http://www.inaturalist.org/observations/391438	Animalia	Chordata	Squamata		Gekkonidae	Hemidactylus	Hemidactylus turcicus		SPECIES	Hemidactylus turcicus (Linnaeus, 1758)	Hemidactylus turcicus		US		California	PRESENT		28eb1a3f-1c15-4a95-931a-4af90ecb574d	33.854742	-116.543863	5.0						2013-09-07T23:43:03	7	9	2013	5221528	5221528	HUMAN_OBSERVATION	iNaturalist	Observations	391438		Richard Smart (he, him, his)	2013-09-08T16:05:23	CC_BY_4_0	Richard Smart (he, him, his)	Richard Smart (he, him, his)			2026-02-23T21:44:44.037Z	StillImage	CONTINENT_DERIVED_FROM_COORDINATES;TAXON_ID_NOT_FOUND
891149908	50c9509d-22c7-4a22-a47d-8c48425ef4a7	http://www.inaturalist.org/observations/260224	Animalia	Chordata	Squamata		Gekkonidae	Hemidactylus	Hemidactylus turcicus		SPECIES	Hemidactylus turcicus (Linnaeus, 1758)	Hemidactylus turcicus		US		California	PRESENT		28eb1a3f-1c15-4a95-931a-4af90ecb574d	34.25088	-118.609423	46.0						2011-08-08T12:22:17	8	8	2011	5221528	5221528	HUMAN_OBSERVATION	iNaturalist	Observations	260224		Lila Higgins	2013-05-09T17:06:40	CC_BY_4_0	Lila Higgins	Lila Higgins			2026-02-23T21:44:42.351Z		CONTINENT_DERIVED_FROM_COORDINATES;TAXON_ID_NOT_FOUND
891146288	50c9509d-22c7-4a22-a47d-8c48425ef4a7	http://www.inaturalist.org/observations/250821	Animalia	Chordata	Squamata		Gekkonidae	Hemidactylus	Hemidactylus turcicus		SPECIES	Hemidactylus turcicus (Linnaeus, 1758)	Hemidactylus turcicus		US		California	PRESENT		28eb1a3f-1c15-4a95-931a-4af90ecb574d	34.251455	-118.609988	5.0						2013-04-27T21:14:40	27	4	2013	5221528	5221528	HUMAN_OBSERVATION	iNaturalist	Observations	250821		Mark Rosenstein	2013-05-01T15:08:24	CC_BY_NC_4_0	Miguel Ordeñana	Miguel Ordeñana			2026-02-24T00:03:57.031Z	StillImage	COORDINATE_ROUNDED;CONTINENT_DERIVED_FROM_COORDINATES;TAXON_ID_NOT_FOUND
890747285	7a25f7aa-03fb-4322-aaeb-66719e1a9527	0c70d611-2f1c-4835-8c46-14e1ed437376	Animalia	Chordata	Squamata		Gekkonidae	Hemidactylus	Hemidactylus turcicus		SPECIES	Hemidactylus turcicus (Linnaeus, 1758)	Hemidactylus turcicus		US	516 N. Pennsylvania Ave., Glendora	California	PRESENT	1	493fe050-055d-11d8-b84f-b8a03c50a862	34.14	-117.87							2013-08-11	11	8	2013	5221528	5221528	PRESERVED_SPECIMEN	LACM	Herps	184283	GBP 1488			CC0_1_0		Bobby Espinoza and Greg Pauly		native	2026-02-26T00:49:27.221Z		CONTINENT_DERIVED_FROM_COORDINATES
890747282	7a25f7aa-03fb-4322-aaeb-66719e1a9527	f4723217-81e0-442c-8cfb-3caf9616cd74	Animalia	Chordata	Squamata		Gekkonidae	Hemidactylus	Hemidactylus turcicus		SPECIES	Hemidactylus turcicus (Linnaeus, 1758)	Hemidactylus turcicus		US	Chatsworth, vicinity of Glade Ave and Lassen St.	California	PRESENT	1	493fe050-055d-11d8-b84f-b8a03c50a862	34.25	-118.61							2013-06-03	3	6	2013	5221528	5221528	PRESERVED_SPECIMEN	LACM	Herps	184192	GBP 1419			CC0_1_0		Greg Pauly		native	2026-02-26T00:49:27.034Z		
890747194	7a25f7aa-03fb-4322-aaeb-66719e1a9527	5993494b-38d9-48de-888f-8487e7846fd0	Animalia	Chordata	Squamata		Gekkonidae	Hemidactylus	Hemidactylus turcicus		SPECIES	Hemidactylus turcicus (Linnaeus, 1758)	Hemidactylus turcicus		US	Rodeway Inn and Suites, 1781 E. Hobsonway, East Blythe	California	PRESENT	1	493fe050-055d-11d8-b84f-b8a03c50a862	33.61	-114.57							2013-07-22	22	7	2013	5221528	5221528	PRESERVED_SPECIMEN	LACM	Herps	184227	GBP 1470			CC0_1_0		Greg Pauly		native	2026-02-26T00:49:36.409Z		
890747190	7a25f7aa-03fb-4322-aaeb-66719e1a9527	1a07dc5b-7228-440a-8b51-825ea1f79d65	Animalia	Chordata	Squamata		Gekkonidae	Hemidactylus	Hemidactylus turcicus		SPECIES	Hemidactylus turcicus (Linnaeus, 1758)	Hemidactylus turcicus		US	Rodeway Inn and Suites, 1781 E. Hobsonway, East Blythe	California	PRESENT	1	493fe050-055d-11d8-b84f-b8a03c50a862	33.61	-114.57							2013-07-22	22	7	2013	5221528	5221528	PRESERVED_SPECIMEN	LACM	Herps	184226	GBP 1469			CC0_1_0		Greg Pauly		native	2026-02-26T00:49:29.552Z		
890747185	7a25f7aa-03fb-4322-aaeb-66719e1a9527	b6c5ccc6-42b2-4465-b9ae-dd4aade6f243	Animalia	Chordata	Squamata		Gekkonidae	Hemidactylus	Hemidactylus turcicus		SPECIES	Hemidactylus turcicus (Linnaeus, 1758)	Hemidactylus turcicus		US	Rodeway Inn and Suites, 1781 E. Hobsonway, East Blythe	California	PRESENT	1	493fe050-055d-11d8-b84f-b8a03c50a862	33.61	-114.57							2013-07-22	22	7	2013	5221528	5221528	PRESERVED_SPECIMEN	LACM	Herps	184225	GBP 1468			CC0_1_0		Greg Pauly		native	2026-02-26T00:49:27.151Z		
890747181	7a25f7aa-03fb-4322-aaeb-66719e1a9527	8085f895-9b37-43d2-894d-833a5973f233	Animalia	Chordata	Squamata		Gekkonidae	Hemidactylus	Hemidactylus turcicus		SPECIES	Hemidactylus turcicus (Linnaeus, 1758)	Hemidactylus turcicus		US	Rodeway Inn and Suites, 1781 E. Hobsonway, East Blythe	California	PRESENT	1	493fe050-055d-11d8-b84f-b8a03c50a862	33.61	-114.57							2013-07-22	22	7	2013	5221528	5221528	PRESERVED_SPECIMEN	LACM	Herps	184224	GBP 1467			CC0_1_0		Greg Pauly		native	2026-02-26T00:49:19.646Z		
890747174	7a25f7aa-03fb-4322-aaeb-66719e1a9527	84d71648-45d8-4a84-b4b4-45f9066280c0	Animalia	Chordata	Squamata		Gekkonidae	Hemidactylus	Hemidactylus turcicus		SPECIES	Hemidactylus turcicus (Linnaeus, 1758)	Hemidactylus turcicus		US	Rodeway Inn and Suites, 1781 E. Hobsonway, East Blythe	California	PRESENT	1	493fe050-055d-11d8-b84f-b8a03c50a862	33.61	-114.57							2013-07-22	22	7	2013	5221528	5221528	PRESERVED_SPECIMEN	LACM	Herps	184223	GBP 1466			CC0_1_0		Greg Pauly		native	2026-02-26T00:49:19.611Z		
890747169	7a25f7aa-03fb-4322-aaeb-66719e1a9527	9a0a5f15-9462-4c8b-b3c5-7ea66f222f26	Animalia	Chordata	Squamata		Gekkonidae	Hemidactylus	Hemidactylus turcicus		SPECIES	Hemidactylus turcicus (Linnaeus, 1758)	Hemidactylus turcicus		US	Rodeway Inn and Suites, 1781 E. Hobsonway, East Blythe	California	PRESENT	1	493fe050-055d-11d8-b84f-b8a03c50a862	33.61	-114.57							2013-07-22	22	7	2013	5221528	5221528	PRESERVED_SPECIMEN	LACM	Herps	184222	GBP 1465			CC0_1_0		Greg Pauly		native	2026-02-26T00:49:23.092Z		
890747150	7a25f7aa-03fb-4322-aaeb-66719e1a9527	4325689b-cad3-4c7d-a8d4-07aed6325ea3	Animalia	Chordata	Squamata		Gekkonidae	Hemidactylus	Hemidactylus turcicus		SPECIES	Hemidactylus turcicus (Linnaeus, 1758)	Hemidactylus turcicus		US	Rodeway Inn and Suites, 1781 E. Hobsonway, East Blythe	California	PRESENT	1	493fe050-055d-11d8-b84f-b8a03c50a862	33.61	-114.57							2013-07-22	22	7	2013	5221528	5221528	PRESERVED_SPECIMEN	LACM	Herps	184264	GBP 1472			CC0_1_0		Greg Pauly		native	2026-02-26T00:49:18.407Z		
890747140	7a25f7aa-03fb-4322-aaeb-66719e1a9527	b1a373c5-ed60-4563-bfe7-b7d4d29e263b	Animalia	Chordata	Squamata		Gekkonidae	Hemidactylus	Hemidactylus turcicus		SPECIES	Hemidactylus turcicus (Linnaeus, 1758)	Hemidactylus turcicus		US	Rodeway Inn and Suites, 1781 E. Hobsonway, East Blythe	California	PRESENT	1	493fe050-055d-11d8-b84f-b8a03c50a862	33.61	-114.57							2013-07-22	22	7	2013	5221528	5221528	PRESERVED_SPECIMEN	LACM	Herps	184263	GBP 1471			CC0_1_0		Greg Pauly		native	2026-02-26T00:49:32.462Z		
890746681	7a25f7aa-03fb-4322-aaeb-66719e1a9527	a2f62c5c-e943-48c8-b80b-063d9fa6f7be	Animalia	Chordata	Squamata		Gekkonidae	Hemidactylus	Hemidactylus turcicus		SPECIES	Hemidactylus turcicus (Linnaeus, 1758)	Hemidactylus turcicus		US	Chatsworth, vicinity of Glade Ave and Lassen St.	California	PRESENT	1	493fe050-055d-11d8-b84f-b8a03c50a862	34.25	-118.61							2013-04-27	27	4	2013	5221528	5221528	PRESERVED_SPECIMEN	LACM	Herps	183838	GBP 1348			CC0_1_0		Bobby Espinoza, Max Espinoza, Greg Pauly		native	2026-02-26T00:49:37.261Z		
890746672	7a25f7aa-03fb-4322-aaeb-66719e1a9527	84a13587-a262-45bf-b0e1-72e3967ce6c9	Animalia	Chordata	Squamata		Gekkonidae	Hemidactylus	Hemidactylus turcicus		SPECIES	Hemidactylus turcicus (Linnaeus, 1758)	Hemidactylus turcicus		US	Chatsworth, vicinity of Glade Ave and Lassen St.	California	PRESENT	1	493fe050-055d-11d8-b84f-b8a03c50a862	34.25	-118.61							2013-04-27	27	4	2013	5221528	5221528	PRESERVED_SPECIMEN	LACM	Herps	183837	GBP 1347			CC0_1_0		Bobby Espinoza, Max Espinoza, Greg Pauly		native	2026-02-26T00:49:22.929Z		
890746663	7a25f7aa-03fb-4322-aaeb-66719e1a9527	ea860198-233f-4224-a0f0-975a8fe537df	Animalia	Chordata	Squamata		Gekkonidae	Hemidactylus	Hemidactylus turcicus		SPECIES	Hemidactylus turcicus (Linnaeus, 1758)	Hemidactylus turcicus		US	Chatsworth, vicinity of Glade Ave and Lassen St.	California	PRESENT	1	493fe050-055d-11d8-b84f-b8a03c50a862	34.25	-118.61							2013-04-27	27	4	2013	5221528	5221528	PRESERVED_SPECIMEN	LACM	Herps	183836	GBP 1346			CC0_1_0		Bobby Espinoza, Max Espinoza, Greg Pauly		native	2026-02-26T00:49:30.289Z		
890746652	7a25f7aa-03fb-4322-aaeb-66719e1a9527	981b3811-3b05-47d4-8c62-3e311b30f7c5	Animalia	Chordata	Squamata		Gekkonidae	Hemidactylus	Hemidactylus turcicus		SPECIES	Hemidactylus turcicus (Linnaeus, 1758)	Hemidactylus turcicus		US	Chatsworth, vicinity of Glade Ave and Lassen St.	California	PRESENT	1	493fe050-055d-11d8-b84f-b8a03c50a862	34.25	-118.61							2013-04-27	27	4	2013	5221528	5221528	PRESERVED_SPECIMEN	LACM	Herps	183835	GBP 1345			CC0_1_0		Bobby Espinoza, Max Espinoza, Greg Pauly		native	2026-02-26T00:49:19.804Z		
890746644	7a25f7aa-03fb-4322-aaeb-66719e1a9527	6f910939-6130-44bb-b47a-6b8ecfb843b1	Animalia	Chordata	Squamata		Gekkonidae	Hemidactylus	Hemidactylus turcicus		SPECIES	Hemidactylus turcicus (Linnaeus, 1758)	Hemidactylus turcicus		US	Chatsworth, vicinity of Glade Ave and Lassen St.	California	PRESENT	1	493fe050-055d-11d8-b84f-b8a03c50a862	34.25	-118.61							2013-04-27	27	4	2013	5221528	5221528	PRESERVED_SPECIMEN	LACM	Herps	183834	GBP 1344			CC0_1_0		Bobby Espinoza, Max Espinoza, Greg Pauly		native	2026-02-26T00:49:34.040Z		
890746637	7a25f7aa-03fb-4322-aaeb-66719e1a9527	e20ba511-fa1b-4db9-af43-f7f4cb5479bc	Animalia	Chordata	Squamata		Gekkonidae	Hemidactylus	Hemidactylus turcicus		SPECIES	Hemidactylus turcicus (Linnaeus, 1758)	Hemidactylus turcicus		US	Chatsworth, vicinity of Glade Ave and Lassen St.	California	PRESENT	1	493fe050-055d-11d8-b84f-b8a03c50a862	34.25	-118.61							2013-04-27	27	4	2013	5221528	5221528	PRESERVED_SPECIMEN	LACM	Herps	183833	GBP 1343			CC0_1_0		Bobby Espinoza, Max Espinoza, Greg Pauly		native	2026-02-26T00:49:24.099Z		
657522095	7a25f7aa-03fb-4322-aaeb-66719e1a9527	dadd6f1d-437b-4cbb-b72f-c02f1ea07d0c	Animalia	Chordata	Squamata		Gekkonidae	Hemidactylus	Hemidactylus turcicus		SPECIES	Hemidactylus turcicus (Linnaeus, 1758)	Hemidactylus turcicus		US	1846 S. Camino Real, Palm Springs	California	PRESENT	1	493fe050-055d-11d8-b84f-b8a03c50a862	33.8	-116.54			133.2	0.0			2010-06-24	24	6	2010	5221528	5221528	PRESERVED_SPECIMEN	LACM	Herps	179876				CC0_1_0		Jonathan Hakim		native	2026-02-26T00:49:31.029Z		
657522094	7a25f7aa-03fb-4322-aaeb-66719e1a9527	d334fbdc-1a45-4257-952d-21640e671351	Animalia	Chordata	Squamata		Gekkonidae	Hemidactylus	Hemidactylus turcicus		SPECIES	Hemidactylus turcicus (Linnaeus, 1758)	Hemidactylus turcicus		US	1846 S. Camino Real, Palm Springs	California	PRESENT	1	493fe050-055d-11d8-b84f-b8a03c50a862	33.8	-116.54							2010-06-24	24	6	2010	5221528	5221528	PRESERVED_SPECIMEN	LACM	Herps	179875				CC0_1_0		Jonathan Hakim		native	2026-02-26T00:49:32.500Z		
657522093	7a25f7aa-03fb-4322-aaeb-66719e1a9527	b33ecbe2-ad8a-4058-ac0e-6b183444a637	Animalia	Chordata	Squamata		Gekkonidae	Hemidactylus	Hemidactylus turcicus		SPECIES	Hemidactylus turcicus (Linnaeus, 1758)	Hemidactylus turcicus		US	1930 S. Camino Real, Palm Springs, at Brentwood Suites Motel	California	PRESENT	1	493fe050-055d-11d8-b84f-b8a03c50a862	33.8	-116.54			134.7	0.0			2010-06-24	24	6	2010	5221528	5221528	PRESERVED_SPECIMEN	LACM	Herps	179874				CC0_1_0		Jonathan Hakim		native	2026-02-26T00:49:23.966Z		
657522092	7a25f7aa-03fb-4322-aaeb-66719e1a9527	4d4ec8a3-6bd7-4a79-be98-7e19048e4216	Animalia	Chordata	Squamata		Gekkonidae	Hemidactylus	Hemidactylus turcicus		SPECIES	Hemidactylus turcicus (Linnaeus, 1758)	Hemidactylus turcicus		US	1930 S. Camino Real, Palm Springs, at Brentwood Suites Motel	California	PRESENT	1	493fe050-055d-11d8-b84f-b8a03c50a862	33.8	-116.54			135.0	0.0			2010-06-24	24	6	2010	5221528	5221528	PRESERVED_SPECIMEN	LACM	Herps	179873				CC0_1_0		Jonathan Hakim		native	2026-02-26T00:49:22.429Z		
657522091	7a25f7aa-03fb-4322-aaeb-66719e1a9527	88560d43-6283-4d48-87d7-b82e68eb931b	Animalia	Chordata	Squamata		Gekkonidae	Hemidactylus	Hemidactylus turcicus		SPECIES	Hemidactylus turcicus (Linnaeus, 1758)	Hemidactylus turcicus		US	1930 S. Camino Real, Palm Springs, at Brentwood Suites Motel	California	PRESENT	1	493fe050-055d-11d8-b84f-b8a03c50a862	33.8	-116.54			134.7	0.0			2010-06-24	24	6	2010	5221528	5221528	PRESERVED_SPECIMEN	LACM	Herps	179872				CC0_1_0		Jonathan Hakim		native	2026-02-26T00:49:30.531Z		
657522090	7a25f7aa-03fb-4322-aaeb-66719e1a9527	3b1258e6-0e3a-48cb-a35c-6c0710027b59	Animalia	Chordata	Squamata		Gekkonidae	Hemidactylus	Hemidactylus turcicus		SPECIES	Hemidactylus turcicus (Linnaeus, 1758)	Hemidactylus turcicus		US	1930 S. Camino Real, Palm Springs, at Brentwood Suites Motel	California	PRESENT	1	493fe050-055d-11d8-b84f-b8a03c50a862	33.8	-116.54			134.7	0.0			2010-06-24	24	6	2010	5221528	5221528	PRESERVED_SPECIMEN	LACM	Herps	179871				CC0_1_0		Jonathan Hakim		native	2026-02-26T00:49:34.504Z		
657497292	7a25f7aa-03fb-4322-aaeb-66719e1a9527	18f37d28-cfc3-4662-a3e8-530e21919725	Animalia	Chordata	Squamata		Gekkonidae	Hemidactylus	Hemidactylus turcicus		SPECIES	Hemidactylus turcicus (Linnaeus, 1758)	Hemidactylus turcicus		US	Needles, Marina RV Park	California	PRESENT	1	493fe050-055d-11d8-b84f-b8a03c50a862	34.85	-114.61							2004-07-23	23	7	2004	5221528	5221528	PRESERVED_SPECIMEN	LACM	Herps	155124				CC0_1_0		Kent Beaman and David Goodward		native	2026-02-26T00:49:30.001Z		
657497269	7a25f7aa-03fb-4322-aaeb-66719e1a9527	864ec15a-da66-4aca-a5d1-9e12f0eeda64	Animalia	Chordata	Squamata		Gekkonidae	Hemidactylus	Hemidactylus turcicus		SPECIES	Hemidactylus turcicus (Linnaeus, 1758)	Hemidactylus turcicus		US	48218 Calle Conejo, Indio	California	PRESENT	1	493fe050-055d-11d8-b84f-b8a03c50a862	33.7	-116.24							2003-10-19	19	10	2003	5221528	5221528	PRESERVED_SPECIMEN	LACM	Herps	155073				CC0_1_0		K. Beaman		native	2026-02-26T00:49:19.636Z		
657497268	7a25f7aa-03fb-4322-aaeb-66719e1a9527	3b951700-7942-4769-b23a-4289ede5660d	Animalia	Chordata	Squamata		Gekkonidae	Hemidactylus	Hemidactylus turcicus		SPECIES	Hemidactylus turcicus (Linnaeus, 1758)	Hemidactylus turcicus		US	250 W. Jones St., Brawley	California	PRESENT	1	493fe050-055d-11d8-b84f-b8a03c50a862	32.99	-115.55							2003-10-12	12	10	2003	5221528	5221528	PRESERVED_SPECIMEN	LACM	Herps	155072				CC0_1_0		K. Beaman		native	2026-02-26T00:49:22.037Z		
657495440	7a25f7aa-03fb-4322-aaeb-66719e1a9527	6c81d8cd-24db-4449-b599-45dcaf08be44	Animalia	Chordata	Squamata		Gekkonidae	Hemidactylus	Hemidactylus turcicus		SPECIES	Hemidactylus turcicus (Linnaeus, 1758)	Hemidactylus turcicus		US	El Centro, Bureau of Land Management Office, 1661 4th St.	California	PRESENT	1	493fe050-055d-11d8-b84f-b8a03c50a862	32.78	-115.55							2002-08-06	6	8	2002	5221528	5221528	PRESERVED_SPECIMEN	LACM	Herps	153061				CC0_1_0		Christopher Knauf & Tyler Grant		native	2026-02-26T00:49:25.382Z		
657495439	7a25f7aa-03fb-4322-aaeb-66719e1a9527	90556285-d70c-483f-8902-c7d4bc8aa888	Animalia	Chordata	Squamata		Gekkonidae	Hemidactylus	Hemidactylus turcicus		SPECIES	Hemidactylus turcicus (Linnaeus, 1758)	Hemidactylus turcicus		US	El Centro, 2511 Hamilton Ave.	California	PRESENT	1	493fe050-055d-11d8-b84f-b8a03c50a862	32.79	-115.59							2002-08-18	18	8	2002	5221528	5221528	PRESERVED_SPECIMEN	LACM	Herps	153060				CC0_1_0		Tyler Grant		native	2026-02-26T00:49:23.485Z		
657495022	7a25f7aa-03fb-4322-aaeb-66719e1a9527	d5c8e0a9-4624-4c16-846d-29a71b171e27	Animalia	Chordata	Squamata		Gekkonidae	Hemidactylus	Hemidactylus turcicus		SPECIES	Hemidactylus turcicus (Linnaeus, 1758)	Hemidactylus turcicus		US	Ocotillo	California	PRESENT	1	493fe050-055d-11d8-b84f-b8a03c50a862	32.74	-115.99							2002-07-25	25	7	2002	5221528	5221528	PRESERVED_SPECIMEN	LACM	Herps	152674				CC0_1_0		Kent Beaman & Clark Mahrdt		native	2026-02-26T00:49:20.658Z		
657495021	7a25f7aa-03fb-4322-aaeb-66719e1a9527	3f955461-fe38-4638-98fd-131d4eb24a4d	Animalia	Chordata	Squamata		Gekkonidae	Hemidactylus	Hemidactylus turcicus		SPECIES	Hemidactylus turcicus (Linnaeus, 1758)	Hemidactylus turcicus		US	Ocotillo	California	PRESENT	1	493fe050-055d-11d8-b84f-b8a03c50a862	32.74	-115.99							2002-07-25	25	7	2002	5221528	5221528	PRESERVED_SPECIMEN	LACM	Herps	152673				CC0_1_0		Kent Beaman & Clark Mahrdt		native	2026-02-26T00:49:25.554Z		
657495020	7a25f7aa-03fb-4322-aaeb-66719e1a9527	51c6e580-cb3e-4d99-a693-8789be7896bf	Animalia	Chordata	Squamata		Gekkonidae	Hemidactylus	Hemidactylus turcicus		SPECIES	Hemidactylus turcicus (Linnaeus, 1758)	Hemidactylus turcicus		US	Sam's Family Spa, 70-875 Dillon Rd., Space 105, Desert Hot Springs	California	PRESENT	1	493fe050-055d-11d8-b84f-b8a03c50a862	33.89	-116.33							2002-08-03	3	8	2002	5221528	5221528	PRESERVED_SPECIMEN	LACM	Herps	152672				CC0_1_0		Kent Beaman & Dave Goodward		native	2026-02-26T00:49:30.145Z		
657495019	7a25f7aa-03fb-4322-aaeb-66719e1a9527	c14aa6e6-24a3-4421-9aae-9914ddd14da1	Animalia	Chordata	Squamata		Gekkonidae	Hemidactylus	Hemidactylus turcicus		SPECIES	Hemidactylus turcicus (Linnaeus, 1758)	Hemidactylus turcicus		US	217 Crestview Dr., Palm Springs	California	PRESENT	1	493fe050-055d-11d8-b84f-b8a03c50a862	33.8	-116.55							2002-08-03	3	8	2002	5221528	5221528	PRESERVED_SPECIMEN	LACM	Herps	152671				CC0_1_0		Kent Beaman & Dave Goodward		native	2026-02-26T00:49:36.988Z		
657490465	7a25f7aa-03fb-4322-aaeb-66719e1a9527	f018696c-709b-46b8-b202-ccc8c6bfda60	Animalia	Chordata	Squamata		Gekkonidae	Hemidactylus	Hemidactylus turcicus		SPECIES	Hemidactylus turcicus (Linnaeus, 1758)	Hemidactylus turcicus		US	217 Crestview Dr., Palm Springs	California	PRESENT	1	493fe050-055d-11d8-b84f-b8a03c50a862	33.8	-116.55							2001-08-24	24	8	2001	5221528	5221528	PRESERVED_SPECIMEN	LACM	Herps	147938				CC0_1_0		K Beaman & D. Goodward		native	2026-02-26T00:49:23.737Z		
657489956	7a25f7aa-03fb-4322-aaeb-66719e1a9527	73adefd5-e441-4fbf-8b64-4231a8caa6cb	Animalia	Chordata	Squamata		Gekkonidae	Hemidactylus	Hemidactylus turcicus		SPECIES	Hemidactylus turcicus (Linnaeus, 1758)	Hemidactylus turcicus		US	Sam's Family Spa, 70-875 Dillon Rd., Space 105, Desert Hot Springs	California	PRESENT	1	493fe050-055d-11d8-b84f-b8a03c50a862	33.89	-116.33							2001-04-23	23	4	2001	5221528	5221528	PRESERVED_SPECIMEN	LACM	Herps	147515				CC0_1_0		N. Moorhatch		native	2026-02-26T00:49:32.966Z		
657489152	7a25f7aa-03fb-4322-aaeb-66719e1a9527	1f02cae0-5f48-4c2c-b6da-25eddd0d2412	Animalia	Chordata	Squamata		Gekkonidae	Hemidactylus	Hemidactylus turcicus		SPECIES	Hemidactylus turcicus (Linnaeus, 1758)	Hemidactylus turcicus		US	Sam's Family Spa, 70-875 Dillon Rd., Space 105, Desert Hot Springs	California	PRESENT	1	493fe050-055d-11d8-b84f-b8a03c50a862	33.92	-116.43							2000-10-15	15	10	2000	5221528	5221528	PRESERVED_SPECIMEN	LACM	Herps	146693				CC0_1_0		N. Moorhatch		native	2026-02-26T00:49:17.084Z		
657489150	7a25f7aa-03fb-4322-aaeb-66719e1a9527	efd358ac-f8e1-48de-90cc-dc46f5f06505	Animalia	Chordata	Squamata		Gekkonidae	Hemidactylus	Hemidactylus turcicus		SPECIES	Hemidactylus turcicus (Linnaeus, 1758)	Hemidactylus turcicus		US	Earp, Riverview Mobile Home & RV Park, 0.3 mi N of Hwy 62/95	California	PRESENT	1	493fe050-055d-11d8-b84f-b8a03c50a862	34.17	-114.3							2000-09-17	17	9	2000	5221528	5221528	PRESERVED_SPECIMEN	LACM	Herps	146691				CC0_1_0		Dave Goodward		native	2026-02-26T00:49:27.627Z		
657489149	7a25f7aa-03fb-4322-aaeb-66719e1a9527	384f1ac2-58f7-44f2-90a3-0c146f770f7f	Animalia	Chordata	Squamata		Gekkonidae	Hemidactylus	Hemidactylus turcicus		SPECIES	Hemidactylus turcicus (Linnaeus, 1758)	Hemidactylus turcicus		US	Blythe, N Lovekin Boulevard and El Parque Dr.	California	PRESENT	1	493fe050-055d-11d8-b84f-b8a03c50a862	33.63	-114.61							2000-09-16	16	9	2000	5221528	5221528	PRESERVED_SPECIMEN	LACM	Herps	146690				CC0_1_0		Dave Goodward		native	2026-02-26T00:49:31.713Z		
657480031	7a25f7aa-03fb-4322-aaeb-66719e1a9527	b88e9bb3-6f2f-4e3f-b506-045f64c6c38d	Animalia	Chordata	Squamata		Gekkonidae	Hemidactylus	Hemidactylus turcicus		SPECIES	Hemidactylus turcicus (Linnaeus, 1758)	Hemidactylus turcicus		US	Ocotillo	California	PRESENT	1	493fe050-055d-11d8-b84f-b8a03c50a862	32.74	-115.99							1988-05-21	21	5	1988	5221528	5221528	PRESERVED_SPECIMEN	LACM	Herps	137493				CC0_1_0		Jerry & Martin Feldner		native	2026-02-26T00:49:32.443Z		
657479872	7a25f7aa-03fb-4322-aaeb-66719e1a9527	123f3449-8ac8-431a-bd01-0f760a811978	Animalia	Chordata	Squamata		Gekkonidae	Hemidactylus	Hemidactylus turcicus		SPECIES	Hemidactylus turcicus (Linnaeus, 1758)	Hemidactylus turcicus		US	Ocotillo	California	PRESENT	1	493fe050-055d-11d8-b84f-b8a03c50a862	32.74	-115.99							1988-05-21	21	5	1988	5221528	5221528	PRESERVED_SPECIMEN	LACM	Herps	137495				CC0_1_0		Jerry & Martin Feldner		native	2026-02-26T00:49:29.934Z		
657479871	7a25f7aa-03fb-4322-aaeb-66719e1a9527	6deed55e-434e-48d1-9a11-791b38eebc66	Animalia	Chordata	Squamata		Gekkonidae	Hemidactylus	Hemidactylus turcicus		SPECIES	Hemidactylus turcicus (Linnaeus, 1758)	Hemidactylus turcicus		US	Ocotillo	California	PRESENT	1	493fe050-055d-11d8-b84f-b8a03c50a862	32.74	-115.99							1988-05-21	21	5	1988	5221528	5221528	PRESERVED_SPECIMEN	LACM	Herps	137494				CC0_1_0		Jerry & Martin Feldner		native	2026-02-26T00:49:28.688Z		
6159388380	50c9509d-22c7-4a22-a47d-8c48425ef4a7	https://www.inaturalist.org/observations/338256075	Animalia	Chordata	Squamata		Gekkonidae	Hemidactylus	Hemidactylus turcicus		SPECIES	Hemidactylus turcicus (Linnaeus, 1758)	Hemidactylus turcicus		US		California	PRESENT		28eb1a3f-1c15-4a95-931a-4af90ecb574d	32.790786	-117.101231	7.0						2026-02-11T15:29:27	11	2	2026	5221528	5221528	HUMAN_OBSERVATION	iNaturalist	Observations	338256075		Ryth N	2026-02-12T00:27:42	CC_BY_NC_4_0	artmachette	artmachette			2026-02-24T01:09:44.967Z	StillImage	COORDINATE_ROUNDED;CONTINENT_DERIVED_FROM_COORDINATES;TAXON_ID_NOT_FOUND
6159379284	50c9509d-22c7-4a22-a47d-8c48425ef4a7	https://www.inaturalist.org/observations/338656713	Animalia	Chordata	Squamata		Gekkonidae	Hemidactylus	Hemidactylus turcicus		SPECIES	Hemidactylus turcicus (Linnaeus, 1758)	Hemidactylus turcicus		US		California	PRESENT		28eb1a3f-1c15-4a95-931a-4af90ecb574d	33.243497	-117.251503							2026-01-18T15:09:52	18	1	2026	5221528	5221528	HUMAN_OBSERVATION	iNaturalist	Observations	338656713		Ryth N	2026-02-15T03:27:35	CC_BY_NC_4_0	mkrzysto	mkrzysto			2026-02-24T00:03:40.504Z	StillImage	COORDINATE_ROUNDED;CONTINENT_DERIVED_FROM_COORDINATES;TAXON_ID_NOT_FOUND
6159342072	50c9509d-22c7-4a22-a47d-8c48425ef4a7	https://www.inaturalist.org/observations/338674103	Animalia	Chordata	Squamata		Gekkonidae	Hemidactylus	Hemidactylus turcicus		SPECIES	Hemidactylus turcicus (Linnaeus, 1758)	Hemidactylus turcicus		US		California	PRESENT		28eb1a3f-1c15-4a95-931a-4af90ecb574d	33.750553	-116.358222	4.0						2026-02-14T20:28:52	14	2	2026	5221528	5221528	HUMAN_OBSERVATION	iNaturalist	Observations	338674103		Laura MK	2026-02-15T04:46:52	CC_BY_NC_4_0	Laura MK	Laura MK			2026-02-24T00:03:39.893Z	StillImage	COORDINATE_ROUNDED;CONTINENT_DERIVED_FROM_COORDINATES;TAXON_ID_NOT_FOUND
6147454500	50c9509d-22c7-4a22-a47d-8c48425ef4a7	https://www.inaturalist.org/observations/337869200	Animalia	Chordata	Squamata		Gekkonidae	Hemidactylus	Hemidactylus turcicus		SPECIES	Hemidactylus turcicus (Linnaeus, 1758)	Hemidactylus turcicus		US		California	PRESENT		28eb1a3f-1c15-4a95-931a-4af90ecb574d	34.149447	-117.843697	5.0						2026-02-07T19:36:12	7	2	2026	5221528	5221528	HUMAN_OBSERVATION	iNaturalist	Observations	337869200		gavitp	2026-02-08T22:35:09	CC_BY_NC_4_0	gavitp	gavitp			2026-02-24T00:03:37.183Z	StillImage	COORDINATE_ROUNDED;CONTINENT_DERIVED_FROM_COORDINATES;TAXON_ID_NOT_FOUND
6133323439	50c9509d-22c7-4a22-a47d-8c48425ef4a7	https://www.inaturalist.org/observations/336708640	Animalia	Chordata	Squamata		Gekkonidae	Hemidactylus	Hemidactylus turcicus		SPECIES	Hemidactylus turcicus (Linnaeus, 1758)	Hemidactylus turcicus		US		California	PRESENT		28eb1a3f-1c15-4a95-931a-4af90ecb574d	36.858505	-119.70852	10.0						2017-07-29T19:30:34	29	7	2017	5221528	5221528	HUMAN_OBSERVATION	iNaturalist	Observations	336708640		T. Ramona Arechiga	2026-01-30T17:27:36	CC_BY_NC_4_0	T. Ramona Arechiga	T. Ramona Arechiga			2026-02-24T01:09:26.876Z	StillImage	CONTINENT_DERIVED_FROM_COORDINATES;TAXON_ID_NOT_FOUND
6133242027	50c9509d-22c7-4a22-a47d-8c48425ef4a7	https://www.inaturalist.org/observations/245462502	Animalia	Chordata	Squamata		Gekkonidae	Hemidactylus	Hemidactylus turcicus		SPECIES	Hemidactylus turcicus (Linnaeus, 1758)	Hemidactylus turcicus		US		California	PRESENT		28eb1a3f-1c15-4a95-931a-4af90ecb574d	33.723908	-116.2781	19.0						2023-09-06T21:22:36	6	9	2023	5221528	5221528	HUMAN_OBSERVATION	iNaturalist	Observations	245462502		joesjoes20	2024-10-04T07:32:15	CC_BY_NC_4_0	jjnunez	jjnunez			2026-02-23T23:43:46.084Z	StillImage	COORDINATE_ROUNDED;CONTINENT_DERIVED_FROM_COORDINATES;TAXON_ID_NOT_FOUND
6133082146	50c9509d-22c7-4a22-a47d-8c48425ef4a7	https://www.inaturalist.org/observations/336434473	Animalia	Chordata	Squamata		Gekkonidae	Hemidactylus	Hemidactylus turcicus		SPECIES	Hemidactylus turcicus (Linnaeus, 1758)	Hemidactylus turcicus		US		California	PRESENT		28eb1a3f-1c15-4a95-931a-4af90ecb574d	34.180088	-118.330955	12.0						2026-01-13T13:32:21	13	1	2026	5221528	5221528	HUMAN_OBSERVATION	iNaturalist	Observations	336434473		pootishedj	2026-01-28T05:49:34	CC_BY_NC_4_0	pootishedj	pootishedj			2026-02-23T22:50:54.914Z	StillImage	COORDINATE_ROUNDED;CONTINENT_DERIVED_FROM_COORDINATES;TAXON_ID_NOT_FOUND
6131054739	50c9509d-22c7-4a22-a47d-8c48425ef4a7	https://www.inaturalist.org/observations/335788112	Animalia	Chordata	Squamata		Gekkonidae	Hemidactylus	Hemidactylus turcicus		SPECIES	Hemidactylus turcicus (Linnaeus, 1758)	Hemidactylus turcicus		US		California	PRESENT		28eb1a3f-1c15-4a95-931a-4af90ecb574d	33.936095	-118.130443	28902.0						2026-01-22T19:32:35	22	1	2026	5221528	5221528	HUMAN_OBSERVATION	iNaturalist	Observations	335788112		Laura MK	2026-01-23T03:32:55	CC_BY_NC_4_0	Laura MK	Laura MK			2026-02-24T00:03:09.058Z	StillImage	COORDINATE_ROUNDED;CONTINENT_DERIVED_FROM_COORDINATES;TAXON_ID_NOT_FOUND
6130998882	50c9509d-22c7-4a22-a47d-8c48425ef4a7	https://www.inaturalist.org/observations/333893113	Animalia	Chordata	Squamata		Gekkonidae	Hemidactylus	Hemidactylus turcicus		SPECIES	Hemidactylus turcicus (Linnaeus, 1758)	Hemidactylus turcicus		US		California	PRESENT		28eb1a3f-1c15-4a95-931a-4af90ecb574d	34.139763	-117.315013	11.0						2026-01-06T15:21:24	6	1	2026	5221528	5221528	HUMAN_OBSERVATION	iNaturalist	Observations	333893113		x19aaron99x	2026-01-07T21:27:53	CC_BY_NC_4_0	x19aaron99x	x19aaron99x			2026-02-24T00:02:45.234Z	StillImage	COORDINATE_ROUNDED;CONTINENT_DERIVED_FROM_COORDINATES;TAXON_ID_NOT_FOUND
6130909553	50c9509d-22c7-4a22-a47d-8c48425ef4a7	https://www.inaturalist.org/observations/333784841	Animalia	Chordata	Squamata		Gekkonidae	Hemidactylus	Hemidactylus turcicus		SPECIES	Hemidactylus turcicus (Linnaeus, 1758)	Hemidactylus turcicus		US		California	PRESENT		28eb1a3f-1c15-4a95-931a-4af90ecb574d	34.139904	-117.314262	3.0						2026-01-06T14:31:53	6	1	2026	5221528	5221528	HUMAN_OBSERVATION	iNaturalist	Observations	333784841		Angelica Welch	2026-01-06T23:21:48	CC_BY_NC_4_0	Angelica Welch	Angelica Welch			2026-02-24T00:02:40.131Z	StillImage	COORDINATE_ROUNDED;CONTINENT_DERIVED_FROM_COORDINATES;TAXON_ID_NOT_FOUND
6130317716	50c9509d-22c7-4a22-a47d-8c48425ef4a7	https://www.inaturalist.org/observations/329614317	Animalia	Chordata	Squamata		Gekkonidae	Hemidactylus	Hemidactylus turcicus		SPECIES	Hemidactylus turcicus (Linnaeus, 1758)	Hemidactylus turcicus		US		California	PRESENT		28eb1a3f-1c15-4a95-931a-4af90ecb574d	34.255233	-118.397505	25.0						2020-10-30T07:44:46	30	10	2020	5221528	5221528	HUMAN_OBSERVATION	iNaturalist	Observations	329614317		David Lonardi	2025-12-20T19:07:06	CC_BY_NC_4_0	Matthew Brinton	Matthew Brinton			2026-02-23T22:49:58.388Z		COORDINATE_ROUNDED;CONTINENT_DERIVED_FROM_COORDINATES;TAXON_ID_NOT_FOUND
6130077599	50c9509d-22c7-4a22-a47d-8c48425ef4a7	https://www.inaturalist.org/observations/334367851	Animalia	Chordata	Squamata		Gekkonidae	Hemidactylus	Hemidactylus turcicus		SPECIES	Hemidactylus turcicus (Linnaeus, 1758)	Hemidactylus turcicus		US		California	PRESENT		28eb1a3f-1c15-4a95-931a-4af90ecb574d	33.790935	-116.413548	10.0						2025-12-23T13:18:21	23	12	2025	5221528	5221528	HUMAN_OBSERVATION	iNaturalist	Observations	334367851		a-t-b	2026-01-11T16:42:26	CC_BY_NC_4_0	a-t-b	a-t-b			2026-02-23T22:50:38.956Z	StillImage	COORDINATE_ROUNDED;CONTINENT_DERIVED_FROM_COORDINATES;TAXON_ID_NOT_FOUND
5938408982	50c9509d-22c7-4a22-a47d-8c48425ef4a7	https://www.inaturalist.org/observations/332883760	Animalia	Chordata	Squamata		Gekkonidae	Hemidactylus	Hemidactylus turcicus		SPECIES	Hemidactylus turcicus (Linnaeus, 1758)	Hemidactylus turcicus		US		California	PRESENT		28eb1a3f-1c15-4a95-931a-4af90ecb574d	38.44068	-121.833572	4.0						2023-10-02T10:13:33	2	10	2023	5221528	5221528	HUMAN_OBSERVATION	iNaturalist	Observations	332883760		paigedavis03	2025-12-31T15:36:43	CC_BY_NC_4_0	paigedavis03	paigedavis03			2026-02-23T22:50:24.535Z	StillImage	COORDINATE_ROUNDED;CONTINENT_DERIVED_FROM_COORDINATES;TAXON_ID_NOT_FOUND
5938217000	50c9509d-22c7-4a22-a47d-8c48425ef4a7	https://www.inaturalist.org/observations/332820233	Animalia	Chordata	Squamata		Gekkonidae	Hemidactylus	Hemidactylus turcicus		SPECIES	Hemidactylus turcicus (Linnaeus, 1758)	Hemidactylus turcicus		US		California	PRESENT		28eb1a3f-1c15-4a95-931a-4af90ecb574d	33.79213	-116.513733	3.0						2025-12-30T18:33:49	30	12	2025	5221528	5221528	HUMAN_OBSERVATION	iNaturalist	Observations	332820233		Nathalie Mitchell	2025-12-31T02:52:22	CC_BY_NC_4_0	Nathalie Mitchell	Nathalie Mitchell			2026-02-23T22:50:22.279Z	StillImage	COORDINATE_ROUNDED;CONTINENT_DERIVED_FROM_COORDINATES;TAXON_ID_NOT_FOUND
5936261485	50c9509d-22c7-4a22-a47d-8c48425ef4a7	https://www.inaturalist.org/observations/331176277	Animalia	Chordata	Squamata		Gekkonidae	Hemidactylus	Hemidactylus turcicus		SPECIES	Hemidactylus turcicus (Linnaeus, 1758)	Hemidactylus turcicus		US		California	PRESENT		28eb1a3f-1c15-4a95-931a-4af90ecb574d	33.996284	-118.428304	1782.0						2025-12-15T12:00	15	12	2025	5221528	5221528	HUMAN_OBSERVATION	iNaturalist	Observations	331176277		I AM TK	2025-12-18T09:06:49	CC_BY_NC_4_0	natashagoudarzi	natashagoudarzi			2026-02-24T00:27:15.093Z	StillImage	COORDINATE_ROUNDED;CONTINENT_DERIVED_FROM_COORDINATES;TAXON_ID_NOT_FOUND
5935393931	50c9509d-22c7-4a22-a47d-8c48425ef4a7	https://www.inaturalist.org/observations/331599242	Animalia	Chordata	Squamata		Gekkonidae	Hemidactylus	Hemidactylus turcicus		SPECIES	Hemidactylus turcicus (Linnaeus, 1758)	Hemidactylus turcicus		US		California	PRESENT		28eb1a3f-1c15-4a95-931a-4af90ecb574d	34.091252	-117.896983	5.0						2025-12-21T14:21:37	21	12	2025	5221528	5221528	HUMAN_OBSERVATION	iNaturalist	Observations	331599242		I AM TK	2025-12-22T15:36:43	CC_BY_NC_4_0	clareoldham	clareoldham			2026-02-23T22:50:13.233Z	StillImage	COORDINATE_ROUNDED;CONTINENT_DERIVED_FROM_COORDINATES;TAXON_ID_NOT_FOUND
5932360582	50c9509d-22c7-4a22-a47d-8c48425ef4a7	https://www.inaturalist.org/observations/330609447	Animalia	Chordata	Squamata		Gekkonidae	Hemidactylus	Hemidactylus turcicus		SPECIES	Hemidactylus turcicus (Linnaeus, 1758)	Hemidactylus turcicus		US		California	PRESENT		28eb1a3f-1c15-4a95-931a-4af90ecb574d	32.756654	-115.547177	13.0						2025-12-13T10:00:03	13	12	2025	5221528	5221528	HUMAN_OBSERVATION	iNaturalist	Observations	330609447		Aidan Leyva	2025-12-13T18:23:49	CC_BY_NC_4_0	Aidan Leyva	Aidan Leyva			2026-02-23T23:02:25.234Z	StillImage	COORDINATE_ROUNDED;CONTINENT_DERIVED_FROM_COORDINATES;TAXON_ID_NOT_FOUND
5932279301	50c9509d-22c7-4a22-a47d-8c48425ef4a7	https://www.inaturalist.org/observations/330275204	Animalia	Chordata	Squamata		Gekkonidae	Hemidactylus	Hemidactylus turcicus		SPECIES	Hemidactylus turcicus (Linnaeus, 1758)	Hemidactylus turcicus		US		California	PRESENT		28eb1a3f-1c15-4a95-931a-4af90ecb574d	33.713783	-116.215583	48.0						2025-12-10T12:47:23	10	12	2025	5221528	5221528	HUMAN_OBSERVATION	iNaturalist	Observations	330275204		carlosiologist	2025-12-10T23:13:07	CC_BY_NC_4_0	carlosiologist	carlosiologist			2026-02-23T22:50:00.133Z	StillImage	COORDINATE_ROUNDED;CONTINENT_DERIVED_FROM_COORDINATES;TAXON_ID_NOT_FOUND
5920457748	50c9509d-22c7-4a22-a47d-8c48425ef4a7	https://www.inaturalist.org/observations/329666367	Animalia	Chordata	Squamata		Gekkonidae	Hemidactylus	Hemidactylus turcicus		SPECIES	Hemidactylus turcicus (Linnaeus, 1758)	Hemidactylus turcicus		US		California	PRESENT		28eb1a3f-1c15-4a95-931a-4af90ecb574d	37.749797	-121.422472							2024-10-01T20:19:02	1	10	2024	5221528	5221528	HUMAN_OBSERVATION	iNaturalist	Observations	329666367		joesjoes20	2025-12-06T09:13:20	CC_BY_NC_4_0	Russell Marotzke	Russell Marotzke			2026-02-23T22:49:52.472Z	StillImage	COORDINATE_ROUNDED;CONTINENT_DERIVED_FROM_COORDINATES;TAXON_ID_NOT_FOUND
5920196915	50c9509d-22c7-4a22-a47d-8c48425ef4a7	https://www.inaturalist.org/observations/329497267	Animalia	Chordata	Squamata		Gekkonidae	Hemidactylus	Hemidactylus turcicus		SPECIES	Hemidactylus turcicus (Linnaeus, 1758)	Hemidactylus turcicus		US		California	PRESENT		28eb1a3f-1c15-4a95-931a-4af90ecb574d	33.773045	-116.289908	4.0						2025-12-04T14:14:36	4	12	2025	5221528	5221528	HUMAN_OBSERVATION	iNaturalist	Observations	329497267		Irene	2025-12-04T22:27:12	CC0_1_0	Irene	Irene			2026-02-24T01:08:10.923Z	StillImage	COORDINATE_ROUNDED;CONTINENT_DERIVED_FROM_COORDINATES;TAXON_ID_NOT_FOUND
5920187968	50c9509d-22c7-4a22-a47d-8c48425ef4a7	https://www.inaturalist.org/observations/329654571	Animalia	Chordata	Squamata		Gekkonidae	Hemidactylus	Hemidactylus turcicus		SPECIES	Hemidactylus turcicus (Linnaeus, 1758)	Hemidactylus turcicus		US		California	PRESENT		28eb1a3f-1c15-4a95-931a-4af90ecb574d	36.768805	-119.78874							2025-08-15T03:55:12	15	8	2025	5221528	5221528	HUMAN_OBSERVATION	iNaturalist	Observations	329654571		Richard Danielson	2025-12-06T04:56:28	CC_BY_NC_4_0	Richard Danielson	Richard Danielson			2026-02-23T22:49:53.506Z	StillImage	COORDINATE_ROUNDED;CONTINENT_DERIVED_FROM_COORDINATES;TAXON_ID_NOT_FOUND
5909370102	50c9509d-22c7-4a22-a47d-8c48425ef4a7	https://www.inaturalist.org/observations/327437881	Animalia	Chordata	Squamata		Gekkonidae	Hemidactylus	Hemidactylus turcicus		SPECIES	Hemidactylus turcicus (Linnaeus, 1758)	Hemidactylus turcicus		US		California	PRESENT		28eb1a3f-1c15-4a95-931a-4af90ecb574d	33.743013	-116.276205	3.0						2024-12-26T17:21:55	26	12	2024	5221528	5221528	HUMAN_OBSERVATION	iNaturalist	Observations	327437881		joesjoes20	2025-11-24T20:40:59	CC_BY_NC_4_0	cole-lang	cole-lang			2026-02-23T22:49:41.775Z	StillImage	COORDINATE_ROUNDED;CONTINENT_DERIVED_FROM_COORDINATES;TAXON_ID_NOT_FOUND
5908965277	50c9509d-22c7-4a22-a47d-8c48425ef4a7	https://www.inaturalist.org/observations/328885417	Animalia	Chordata	Squamata		Gekkonidae	Hemidactylus	Hemidactylus turcicus		SPECIES	Hemidactylus turcicus (Linnaeus, 1758)	Hemidactylus turcicus		US		California	PRESENT		28eb1a3f-1c15-4a95-931a-4af90ecb574d	34.253033	-118.612931	8.0						2025-10-24T18:37	24	10	2025	5221528	5221528	HUMAN_OBSERVATION	iNaturalist	Observations	328885417		dani_b06	2025-11-30T07:40:36	CC_BY_NC_4_0	dani_b06	dani_b06			2026-02-23T23:01:58.772Z	StillImage	COORDINATE_ROUNDED;CONTINENT_DERIVED_FROM_COORDINATES;TAXON_ID_NOT_FOUND
5908811845	50c9509d-22c7-4a22-a47d-8c48425ef4a7	https://www.inaturalist.org/observations/328872711	Animalia	Chordata	Squamata		Gekkonidae	Hemidactylus	Hemidactylus turcicus		SPECIES	Hemidactylus turcicus (Linnaeus, 1758)	Hemidactylus turcicus		US		California	PRESENT		28eb1a3f-1c15-4a95-931a-4af90ecb574d	32.768488	-115.574495	29066.0						2025-10-23T16:52:36	23	10	2025	5221528	5221528	HUMAN_OBSERVATION	iNaturalist	Observations	328872711		cowfishfan213	2025-11-30T05:15:28	CC_BY_NC_4_0	cowfishfan213	cowfishfan213			2026-02-23T22:49:46.460Z	StillImage	COORDINATE_ROUNDED;CONTINENT_DERIVED_FROM_COORDINATES;TAXON_ID_NOT_FOUND
5908679966	50c9509d-22c7-4a22-a47d-8c48425ef4a7	https://www.inaturalist.org/observations/328356592	Animalia	Chordata	Squamata		Gekkonidae	Hemidactylus	Hemidactylus turcicus		SPECIES	Hemidactylus turcicus (Linnaeus, 1758)	Hemidactylus turcicus		US		California	PRESENT		28eb1a3f-1c15-4a95-931a-4af90ecb574d	33.929869	-117.965627	1.0						2025-11-23T19:02	23	11	2025	5221528	5221528	HUMAN_OBSERVATION	iNaturalist	Observations	328356592		nmoorhatch	2025-11-26T16:03:17	CC_BY_4_0	nmoorhatch	nmoorhatch			2026-02-24T01:07:54.200Z	StillImage	COORDINATE_ROUNDED;CONTINENT_DERIVED_FROM_COORDINATES;TAXON_ID_NOT_FOUND
5908661725	50c9509d-22c7-4a22-a47d-8c48425ef4a7	https://www.inaturalist.org/observations/329228429	Animalia	Chordata	Squamata		Gekkonidae	Hemidactylus	Hemidactylus turcicus		SPECIES	Hemidactylus turcicus (Linnaeus, 1758)	Hemidactylus turcicus		US		California	PRESENT		28eb1a3f-1c15-4a95-931a-4af90ecb574d	32.824455	-115.543525	12265.0						2025-10-27T21:09:31	27	10	2025	5221528	5221528	HUMAN_OBSERVATION	iNaturalist	Observations	329228429		zinnia_e	2025-12-02T18:46:48	CC_BY_NC_4_0	zinnia_e	zinnia_e			2026-02-23T22:49:50.539Z	StillImage	COORDINATE_ROUNDED;CONTINENT_DERIVED_FROM_COORDINATES;TAXON_ID_NOT_FOUND
5903917996	50c9509d-22c7-4a22-a47d-8c48425ef4a7	https://www.inaturalist.org/observations/327522696	Animalia	Chordata	Squamata		Gekkonidae	Hemidactylus	Hemidactylus turcicus		SPECIES	Hemidactylus turcicus (Linnaeus, 1758)	Hemidactylus turcicus		US		California	PRESENT		28eb1a3f-1c15-4a95-931a-4af90ecb574d	34.070819	-118.328765	28874.0						2025-11-21T07:47:48	21	11	2025	5221528	5221528	HUMAN_OBSERVATION	iNaturalist	Observations	327522696		viskera	2025-11-21T16:01:03	CC_BY_NC_4_0	viskera	viskera			2026-02-24T01:07:43.806Z	StillImage	COORDINATE_ROUNDED;CONTINENT_DERIVED_FROM_COORDINATES;TAXON_ID_NOT_FOUND
5897888699	50c9509d-22c7-4a22-a47d-8c48425ef4a7	https://www.inaturalist.org/observations/326220186	Animalia	Chordata	Squamata		Gekkonidae	Hemidactylus	Hemidactylus turcicus		SPECIES	Hemidactylus turcicus (Linnaeus, 1758)	Hemidactylus turcicus		US		California	PRESENT		28eb1a3f-1c15-4a95-931a-4af90ecb574d	33.986037	-117.426597	4.0						2025-11-07T21:59:24	7	11	2025	5221528	5221528	HUMAN_OBSERVATION	iNaturalist	Observations	326220186		Jacob Morales	2025-11-12T19:09:52	CC_BY_NC_4_0	Jacob Morales	Jacob Morales			2026-02-24T01:07:29.089Z	StillImage	COORDINATE_ROUNDED;CONTINENT_DERIVED_FROM_COORDINATES;TAXON_ID_NOT_FOUND
5897841693	50c9509d-22c7-4a22-a47d-8c48425ef4a7	https://www.inaturalist.org/observations/326220158	Animalia	Chordata	Squamata		Gekkonidae	Hemidactylus	Hemidactylus turcicus		SPECIES	Hemidactylus turcicus (Linnaeus, 1758)	Hemidactylus turcicus		US		California	PRESENT		28eb1a3f-1c15-4a95-931a-4af90ecb574d	33.986088	-117.426658	5.0						2025-11-07T21:58:39	7	11	2025	5221528	5221528	HUMAN_OBSERVATION	iNaturalist	Observations	326220158		Jacob Morales	2025-11-12T19:09:32	CC_BY_NC_4_0	Jacob Morales	Jacob Morales			2026-02-24T01:07:27.783Z	StillImage	COORDINATE_ROUNDED;CONTINENT_DERIVED_FROM_COORDINATES;TAXON_ID_NOT_FOUND
5897821809	50c9509d-22c7-4a22-a47d-8c48425ef4a7	https://www.inaturalist.org/observations/326220168	Animalia	Chordata	Squamata		Gekkonidae	Hemidactylus	Hemidactylus turcicus		SPECIES	Hemidactylus turcicus (Linnaeus, 1758)	Hemidactylus turcicus		US		California	PRESENT		28eb1a3f-1c15-4a95-931a-4af90ecb574d	33.986012	-117.42658	3.0						2025-11-07T21:59:14	7	11	2025	5221528	5221528	HUMAN_OBSERVATION	iNaturalist	Observations	326220168		Jacob Morales	2025-11-12T19:09:42	CC_BY_NC_4_0	Jacob Morales	Jacob Morales			2026-02-23T22:49:21.950Z	StillImage	COORDINATE_ROUNDED;CONTINENT_DERIVED_FROM_COORDINATES;TAXON_ID_NOT_FOUND
5897781944	50c9509d-22c7-4a22-a47d-8c48425ef4a7	https://www.inaturalist.org/observations/327342606	Animalia	Chordata	Squamata		Gekkonidae	Hemidactylus	Hemidactylus turcicus		SPECIES	Hemidactylus turcicus (Linnaeus, 1758)	Hemidactylus turcicus		US		California	PRESENT		28eb1a3f-1c15-4a95-931a-4af90ecb574d	33.909855	-117.677438	28902.0						2025-11-20T00:15:39	20	11	2025	5221528	5221528	HUMAN_OBSERVATION	iNaturalist	Observations	327342606		Matthew Schmahl	2025-11-20T08:20:51	CC_BY_NC_4_0	Matthew Schmahl	Matthew Schmahl			2026-02-24T01:07:41.749Z	StillImage	COORDINATE_ROUNDED;CONTINENT_DERIVED_FROM_COORDINATES;TAXON_ID_NOT_FOUND
5897780466	50c9509d-22c7-4a22-a47d-8c48425ef4a7	https://www.inaturalist.org/observations/327163859	Animalia	Chordata	Squamata		Gekkonidae	Hemidactylus	Hemidactylus turcicus		SPECIES	Hemidactylus turcicus (Linnaeus, 1758)	Hemidactylus turcicus		US		California	PRESENT		28eb1a3f-1c15-4a95-931a-4af90ecb574d	33.98607	-117.426653	4.0						2025-11-13T22:10:38	13	11	2025	5221528	5221528	HUMAN_OBSERVATION	iNaturalist	Observations	327163859		Jacob Morales	2025-11-18T21:34:13	CC_BY_NC_4_0	Jacob Morales	Jacob Morales			2026-02-23T22:49:30.074Z	StillImage	COORDINATE_ROUNDED;CONTINENT_DERIVED_FROM_COORDINATES;TAXON_ID_NOT_FOUND
5897759021	50c9509d-22c7-4a22-a47d-8c48425ef4a7	https://www.inaturalist.org/observations/326218115	Animalia	Chordata	Squamata		Gekkonidae	Hemidactylus	Hemidactylus turcicus		SPECIES	Hemidactylus turcicus (Linnaeus, 1758)	Hemidactylus turcicus		US		California	PRESENT		28eb1a3f-1c15-4a95-931a-4af90ecb574d	33.986088	-117.426645	4.0						2025-10-30T22:10:21	30	10	2025	5221528	5221528	HUMAN_OBSERVATION	iNaturalist	Observations	326218115		Jacob Morales	2025-11-12T18:56:03	CC_BY_NC_4_0	Jacob Morales	Jacob Morales			2026-02-23T22:49:20.250Z	StillImage	COORDINATE_ROUNDED;CONTINENT_DERIVED_FROM_COORDINATES;TAXON_ID_NOT_FOUND
5897681031	50c9509d-22c7-4a22-a47d-8c48425ef4a7	https://www.inaturalist.org/observations/326219570	Animalia	Chordata	Squamata		Gekkonidae	Hemidactylus	Hemidactylus turcicus		SPECIES	Hemidactylus turcicus (Linnaeus, 1758)	Hemidactylus turcicus		US		California	PRESENT		28eb1a3f-1c15-4a95-931a-4af90ecb574d	33.986008	-117.426613	5.0						2025-11-03T22:40:33	3	11	2025	5221528	5221528	HUMAN_OBSERVATION	iNaturalist	Observations	326219570		Jacob Morales	2025-11-12T19:05:29	CC_BY_NC_4_0	Jacob Morales	Jacob Morales			2026-02-24T00:01:05.901Z	StillImage	COORDINATE_ROUNDED;CONTINENT_DERIVED_FROM_COORDINATES;TAXON_ID_NOT_FOUND
5897675266	50c9509d-22c7-4a22-a47d-8c48425ef4a7	https://www.inaturalist.org/observations/327163848	Animalia	Chordata	Squamata		Gekkonidae	Hemidactylus	Hemidactylus turcicus		SPECIES	Hemidactylus turcicus (Linnaeus, 1758)	Hemidactylus turcicus		US		California	PRESENT		28eb1a3f-1c15-4a95-931a-4af90ecb574d	33.986053	-117.42658	3.0						2025-11-13T22:10:24	13	11	2025	5221528	5221528	HUMAN_OBSERVATION	iNaturalist	Observations	327163848		Jacob Morales	2025-11-18T21:34:04	CC_BY_NC_4_0	Jacob Morales	Jacob Morales			2026-02-23T22:49:30.663Z	StillImage	COORDINATE_ROUNDED;CONTINENT_DERIVED_FROM_COORDINATES;TAXON_ID_NOT_FOUND
5897674388	50c9509d-22c7-4a22-a47d-8c48425ef4a7	https://www.inaturalist.org/observations/326220623	Animalia	Chordata	Squamata		Gekkonidae	Hemidactylus	Hemidactylus turcicus		SPECIES	Hemidactylus turcicus (Linnaeus, 1758)	Hemidactylus turcicus		US		California	PRESENT		28eb1a3f-1c15-4a95-931a-4af90ecb574d	33.98597	-117.426537	6.0						2025-11-11T12:29	11	11	2025	5221528	5221528	HUMAN_OBSERVATION	iNaturalist	Observations	326220623		Jacob Morales	2025-11-12T19:13:13	CC_BY_NC_4_0	Jacob Morales	Jacob Morales			2026-02-24T01:07:27.975Z	StillImage	COORDINATE_ROUNDED;CONTINENT_DERIVED_FROM_COORDINATES;TAXON_ID_NOT_FOUND
5897655689	50c9509d-22c7-4a22-a47d-8c48425ef4a7	https://www.inaturalist.org/observations/326127037	Animalia	Chordata	Squamata		Gekkonidae	Hemidactylus	Hemidactylus turcicus		SPECIES	Hemidactylus turcicus (Linnaeus, 1758)	Hemidactylus turcicus		US		California	PRESENT		28eb1a3f-1c15-4a95-931a-4af90ecb574d	33.241525	-117.316688	10.0						2025-11-11T18:37:45	11	11	2025	5221528	5221528	HUMAN_OBSERVATION	iNaturalist	Observations	326127037		Allison Luoma	2025-11-12T02:43:54	CC_BY_NC_4_0	Allison Luoma	Allison Luoma			2026-02-24T01:07:27.152Z	StillImage	COORDINATE_ROUNDED;CONTINENT_DERIVED_FROM_COORDINATES;TAXON_ID_NOT_FOUND
5897627758	50c9509d-22c7-4a22-a47d-8c48425ef4a7	https://www.inaturalist.org/observations/326220341	Animalia	Chordata	Squamata		Gekkonidae	Hemidactylus	Hemidactylus turcicus		SPECIES	Hemidactylus turcicus (Linnaeus, 1758)	Hemidactylus turcicus		US		California	PRESENT		28eb1a3f-1c15-4a95-931a-4af90ecb574d	33.986028	-117.42658	3.0						2025-11-09T17:49:05	9	11	2025	5221528	5221528	HUMAN_OBSERVATION	iNaturalist	Observations	326220341		Jacob Morales	2025-11-12T19:11:24	CC_BY_NC_4_0	Jacob Morales	Jacob Morales			2026-02-23T22:49:22.011Z	StillImage	COORDINATE_ROUNDED;CONTINENT_DERIVED_FROM_COORDINATES;TAXON_ID_NOT_FOUND
5897615478	50c9509d-22c7-4a22-a47d-8c48425ef4a7	https://www.inaturalist.org/observations/326220563	Animalia	Chordata	Squamata		Gekkonidae	Hemidactylus	Hemidactylus turcicus		SPECIES	Hemidactylus turcicus (Linnaeus, 1758)	Hemidactylus turcicus		US		California	PRESENT		28eb1a3f-1c15-4a95-931a-4af90ecb574d	33.986055	-117.426628	3.0						2025-11-10T19:26:18	10	11	2025	5221528	5221528	HUMAN_OBSERVATION	iNaturalist	Observations	326220563		Jacob Morales	2025-11-12T19:12:54	CC_BY_NC_4_0	Jacob Morales	Jacob Morales			2026-02-24T01:07:29.845Z	StillImage	COORDINATE_ROUNDED;CONTINENT_DERIVED_FROM_COORDINATES;TAXON_ID_NOT_FOUND
5897571577	50c9509d-22c7-4a22-a47d-8c48425ef4a7	https://www.inaturalist.org/observations/326219173	Animalia	Chordata	Squamata		Gekkonidae	Hemidactylus	Hemidactylus turcicus		SPECIES	Hemidactylus turcicus (Linnaeus, 1758)	Hemidactylus turcicus		US		California	PRESENT		28eb1a3f-1c15-4a95-931a-4af90ecb574d	33.98602	-117.42658	13.0						2025-10-31T23:09:07	31	10	2025	5221528	5221528	HUMAN_OBSERVATION	iNaturalist	Observations	326219173		Jacob Morales	2025-11-12T19:03:55	CC_BY_NC_4_0	Jacob Morales	Jacob Morales			2026-02-24T00:01:04.581Z	StillImage	CONTINENT_DERIVED_FROM_COORDINATES;TAXON_ID_NOT_FOUND
5897551193	50c9509d-22c7-4a22-a47d-8c48425ef4a7	https://www.inaturalist.org/observations/326220232	Animalia	Chordata	Squamata		Gekkonidae	Hemidactylus	Hemidactylus turcicus		SPECIES	Hemidactylus turcicus (Linnaeus, 1758)	Hemidactylus turcicus		US		California	PRESENT		28eb1a3f-1c15-4a95-931a-4af90ecb574d	33.986062	-117.42662	4.0						2025-11-07T21:59:32	7	11	2025	5221528	5221528	HUMAN_OBSERVATION	iNaturalist	Observations	326220232		Jacob Morales	2025-11-12T19:10:21	CC_BY_NC_4_0	Jacob Morales	Jacob Morales			2026-02-24T01:07:26.967Z	StillImage	COORDINATE_ROUNDED;CONTINENT_DERIVED_FROM_COORDINATES;TAXON_ID_NOT_FOUND
5897528936	50c9509d-22c7-4a22-a47d-8c48425ef4a7	https://www.inaturalist.org/observations/327163839	Animalia	Chordata	Squamata		Gekkonidae	Hemidactylus	Hemidactylus turcicus		SPECIES	Hemidactylus turcicus (Linnaeus, 1758)	Hemidactylus turcicus		US		California	PRESENT		28eb1a3f-1c15-4a95-931a-4af90ecb574d	33.986063	-117.42662	3.0						2025-11-12T23:11:51	12	11	2025	5221528	5221528	HUMAN_OBSERVATION	iNaturalist	Observations	327163839		Jacob Morales	2025-11-18T21:33:55	CC_BY_NC_4_0	Jacob Morales	Jacob Morales			2026-02-23T22:49:31.042Z	StillImage	COORDINATE_ROUNDED;CONTINENT_DERIVED_FROM_COORDINATES;TAXON_ID_NOT_FOUND
5897521257	50c9509d-22c7-4a22-a47d-8c48425ef4a7	https://www.inaturalist.org/observations/327176016	Animalia	Chordata	Squamata		Gekkonidae	Hemidactylus	Hemidactylus turcicus		SPECIES	Hemidactylus turcicus (Linnaeus, 1758)	Hemidactylus turcicus		US		California	PRESENT		28eb1a3f-1c15-4a95-931a-4af90ecb574d	32.813147	-115.382813	2.0						2025-11-03T22:39:12	3	11	2025	5221528	5221528	HUMAN_OBSERVATION	iNaturalist	Observations	327176016		I AM TK	2025-11-18T23:29:03	CC_BY_NC_4_0	Ashley Larios	Ashley Larios			2026-02-24T00:01:17.763Z	StillImage	COORDINATE_ROUNDED;CONTINENT_DERIVED_FROM_COORDINATES;TAXON_ID_NOT_FOUND
5897466826	50c9509d-22c7-4a22-a47d-8c48425ef4a7	https://www.inaturalist.org/observations/326218338	Animalia	Chordata	Squamata		Gekkonidae	Hemidactylus	Hemidactylus turcicus		SPECIES	Hemidactylus turcicus (Linnaeus, 1758)	Hemidactylus turcicus		US		California	PRESENT		28eb1a3f-1c15-4a95-931a-4af90ecb574d	33.986092	-117.426588	4.0						2025-10-30T22:11:01	30	10	2025	5221528	5221528	HUMAN_OBSERVATION	iNaturalist	Observations	326218338		Jacob Morales	2025-11-12T18:57:38	CC_BY_NC_4_0	Jacob Morales	Jacob Morales			2026-02-24T00:01:10.791Z	StillImage	COORDINATE_ROUNDED;CONTINENT_DERIVED_FROM_COORDINATES;TAXON_ID_NOT_FOUND
5897443531	50c9509d-22c7-4a22-a47d-8c48425ef4a7	https://www.inaturalist.org/observations/326431584	Animalia	Chordata	Squamata		Gekkonidae	Hemidactylus	Hemidactylus turcicus		SPECIES	Hemidactylus turcicus (Linnaeus, 1758)	Hemidactylus turcicus		US		California	PRESENT		28eb1a3f-1c15-4a95-931a-4af90ecb574d	33.604129	-117.676648	28930.0						2025-11-13T21:55:21	13	11	2025	5221528	5221528	HUMAN_OBSERVATION	iNaturalist	Observations	326431584		Caleb Martinez	2025-11-14T05:57:09	CC_BY_NC_4_0	Caleb Martinez	Caleb Martinez			2026-02-23T22:49:30.853Z	StillImage	COORDINATE_ROUNDED;CONTINENT_DERIVED_FROM_COORDINATES;TAXON_ID_NOT_FOUND
5897311613	50c9509d-22c7-4a22-a47d-8c48425ef4a7	https://www.inaturalist.org/observations/326219621	Animalia	Chordata	Squamata		Gekkonidae	Hemidactylus	Hemidactylus turcicus		SPECIES	Hemidactylus turcicus (Linnaeus, 1758)	Hemidactylus turcicus		US		California	PRESENT		28eb1a3f-1c15-4a95-931a-4af90ecb574d	33.98602	-117.42662	4.0						2025-11-03T22:40:42	3	11	2025	5221528	5221528	HUMAN_OBSERVATION	iNaturalist	Observations	326219621		Jacob Morales	2025-11-12T19:05:55	CC_BY_NC_4_0	Jacob Morales	Jacob Morales			2026-02-24T00:01:03.985Z	StillImage	CONTINENT_DERIVED_FROM_COORDINATES;TAXON_ID_NOT_FOUND
5897308228	50c9509d-22c7-4a22-a47d-8c48425ef4a7	https://www.inaturalist.org/observations/326218437	Animalia	Chordata	Squamata		Gekkonidae	Hemidactylus	Hemidactylus turcicus		SPECIES	Hemidactylus turcicus (Linnaeus, 1758)	Hemidactylus turcicus		US		California	PRESENT		28eb1a3f-1c15-4a95-931a-4af90ecb574d	33.986088	-117.426588	4.0						2025-10-30T22:11:12	30	10	2025	5221528	5221528	HUMAN_OBSERVATION	iNaturalist	Observations	326218437		Jacob Morales	2025-11-12T18:58:15	CC_BY_NC_4_0	Jacob Morales	Jacob Morales			2026-02-23T22:49:24.942Z	StillImage	COORDINATE_ROUNDED;CONTINENT_DERIVED_FROM_COORDINATES;TAXON_ID_NOT_FOUND
5897307766	50c9509d-22c7-4a22-a47d-8c48425ef4a7	https://www.inaturalist.org/observations/326220369	Animalia	Chordata	Squamata		Gekkonidae	Hemidactylus	Hemidactylus turcicus		SPECIES	Hemidactylus turcicus (Linnaeus, 1758)	Hemidactylus turcicus		US		California	PRESENT		28eb1a3f-1c15-4a95-931a-4af90ecb574d	33.986053	-117.426562	3.0						2025-11-10T08:44:50	10	11	2025	5221528	5221528	HUMAN_OBSERVATION	iNaturalist	Observations	326220369		Jacob Morales	2025-11-12T19:11:42	CC_BY_NC_4_0	Jacob Morales	Jacob Morales			2026-02-24T00:01:09.160Z	StillImage	COORDINATE_ROUNDED;CONTINENT_DERIVED_FROM_COORDINATES;TAXON_ID_NOT_FOUND
5897307075	50c9509d-22c7-4a22-a47d-8c48425ef4a7	https://www.inaturalist.org/observations/326220575	Animalia	Chordata	Squamata		Gekkonidae	Hemidactylus	Hemidactylus turcicus		SPECIES	Hemidactylus turcicus (Linnaeus, 1758)	Hemidactylus turcicus		US		California	PRESENT		28eb1a3f-1c15-4a95-931a-4af90ecb574d	33.986078	-117.426628	4.0						2025-11-10T19:26:23	10	11	2025	5221528	5221528	HUMAN_OBSERVATION	iNaturalist	Observations	326220575		Jacob Morales	2025-11-12T19:13:03	CC_BY_NC_4_0	Jacob Morales	Jacob Morales			2026-02-24T01:07:28.142Z	StillImage	COORDINATE_ROUNDED;CONTINENT_DERIVED_FROM_COORDINATES;TAXON_ID_NOT_FOUND
5897302722	50c9509d-22c7-4a22-a47d-8c48425ef4a7	https://www.inaturalist.org/observations/326431563	Animalia	Chordata	Squamata		Gekkonidae	Hemidactylus	Hemidactylus turcicus		SPECIES	Hemidactylus turcicus (Linnaeus, 1758)	Hemidactylus turcicus		US		California	PRESENT		28eb1a3f-1c15-4a95-931a-4af90ecb574d	33.796588	-117.712934	28930.0						2025-11-12T21:57:24	12	11	2025	5221528	5221528	HUMAN_OBSERVATION	iNaturalist	Observations	326431563		Caleb Martinez	2025-11-14T05:56:46	CC_BY_NC_4_0	Caleb Martinez	Caleb Martinez			2026-02-24T00:01:11.553Z	StillImage	COORDINATE_ROUNDED;CONTINENT_DERIVED_FROM_COORDINATES;TAXON_ID_NOT_FOUND
5897276128	50c9509d-22c7-4a22-a47d-8c48425ef4a7	https://www.inaturalist.org/observations/326218386	Animalia	Chordata	Squamata		Gekkonidae	Hemidactylus	Hemidactylus turcicus		SPECIES	Hemidactylus turcicus (Linnaeus, 1758)	Hemidactylus turcicus		US		California	PRESENT		28eb1a3f-1c15-4a95-931a-4af90ecb574d	33.986092	-117.426588	4.0						2025-10-30T22:11:09	30	10	2025	5221528	5221528	HUMAN_OBSERVATION	iNaturalist	Observations	326218386		Jacob Morales	2025-11-12T18:57:54	CC_BY_NC_4_0	Jacob Morales	Jacob Morales			2026-02-24T01:07:28.542Z	StillImage	COORDINATE_ROUNDED;CONTINENT_DERIVED_FROM_COORDINATES;TAXON_ID_NOT_FOUND
5897247730	50c9509d-22c7-4a22-a47d-8c48425ef4a7	https://www.inaturalist.org/observations/327163825	Animalia	Chordata	Squamata		Gekkonidae	Hemidactylus	Hemidactylus turcicus		SPECIES	Hemidactylus turcicus (Linnaeus, 1758)	Hemidactylus turcicus		US		California	PRESENT		28eb1a3f-1c15-4a95-931a-4af90ecb574d	33.986088	-117.42662	4.0						2025-11-12T23:11:07	12	11	2025	5221528	5221528	HUMAN_OBSERVATION	iNaturalist	Observations	327163825		Jacob Morales	2025-11-18T21:33:45	CC_BY_NC_4_0	Jacob Morales	Jacob Morales			2026-02-24T01:07:44.838Z	StillImage	COORDINATE_ROUNDED;CONTINENT_DERIVED_FROM_COORDINATES;TAXON_ID_NOT_FOUND
5897241808	50c9509d-22c7-4a22-a47d-8c48425ef4a7	https://www.inaturalist.org/observations/325949891	Animalia	Chordata	Squamata		Gekkonidae	Hemidactylus	Hemidactylus turcicus		SPECIES	Hemidactylus turcicus (Linnaeus, 1758)	Hemidactylus turcicus		US		California	PRESENT		28eb1a3f-1c15-4a95-931a-4af90ecb574d	33.754376	-116.275605	11916.0						2025-10-20T19:31:22	20	10	2025	5221528	5221528	HUMAN_OBSERVATION	iNaturalist	Observations	325949891		mianav	2025-11-11T00:27:50	CC_BY_NC_4_0	mianav	mianav			2026-02-24T00:01:01.426Z	StillImage	COORDINATE_ROUNDED;CONTINENT_DERIVED_FROM_COORDINATES;TAXON_ID_NOT_FOUND
5897215979	50c9509d-22c7-4a22-a47d-8c48425ef4a7	https://www.inaturalist.org/observations/326219242	Animalia	Chordata	Squamata		Gekkonidae	Hemidactylus	Hemidactylus turcicus		SPECIES	Hemidactylus turcicus (Linnaeus, 1758)	Hemidactylus turcicus		US		California	PRESENT		28eb1a3f-1c15-4a95-931a-4af90ecb574d	33.9861	-117.426645	4.0						2025-10-31T23:09	31	10	2025	5221528	5221528	HUMAN_OBSERVATION	iNaturalist	Observations	326219242		Jacob Morales	2025-11-12T19:04:35	CC_BY_NC_4_0	Jacob Morales	Jacob Morales			2026-02-23T22:49:24.999Z	StillImage	CONTINENT_DERIVED_FROM_COORDINATES;TAXON_ID_NOT_FOUND
5897202136	50c9509d-22c7-4a22-a47d-8c48425ef4a7	https://www.inaturalist.org/observations/326203537	Animalia	Chordata	Squamata		Gekkonidae	Hemidactylus	Hemidactylus turcicus		SPECIES	Hemidactylus turcicus (Linnaeus, 1758)	Hemidactylus turcicus		US		California	PRESENT		28eb1a3f-1c15-4a95-931a-4af90ecb574d	34.057514	-117.184586	25.0						2025-11-11T18:58	11	11	2025	5221528	5221528	HUMAN_OBSERVATION	iNaturalist	Observations	326203537		Morgan Stickrod	2025-11-12T17:10:25	CC0_1_0	Morgan Stickrod	Morgan Stickrod			2026-02-23T22:49:22.575Z	StillImage	COORDINATE_ROUNDED;CONTINENT_DERIVED_FROM_COORDINATES;TAXON_ID_NOT_FOUND
5897193114	50c9509d-22c7-4a22-a47d-8c48425ef4a7	https://www.inaturalist.org/observations/326219193	Animalia	Chordata	Squamata		Gekkonidae	Hemidactylus	Hemidactylus turcicus		SPECIES	Hemidactylus turcicus (Linnaeus, 1758)	Hemidactylus turcicus		US		California	PRESENT		28eb1a3f-1c15-4a95-931a-4af90ecb574d	33.986155	-117.426613	6.0						2025-10-31T23:09:10	31	10	2025	5221528	5221528	HUMAN_OBSERVATION	iNaturalist	Observations	326219193		Jacob Morales	2025-11-12T19:04:11	CC_BY_NC_4_0	Jacob Morales	Jacob Morales			2026-02-24T00:01:04.561Z	StillImage	COORDINATE_ROUNDED;CONTINENT_DERIVED_FROM_COORDINATES;TAXON_ID_NOT_FOUND
5897179757	50c9509d-22c7-4a22-a47d-8c48425ef4a7	https://www.inaturalist.org/observations/326218518	Animalia	Chordata	Squamata		Gekkonidae	Hemidactylus	Hemidactylus turcicus		SPECIES	Hemidactylus turcicus (Linnaeus, 1758)	Hemidactylus turcicus		US		California	PRESENT		28eb1a3f-1c15-4a95-931a-4af90ecb574d	33.98608	-117.426537	3.0						2025-10-30T22:11:37	30	10	2025	5221528	5221528	HUMAN_OBSERVATION	iNaturalist	Observations	326218518		Jacob Morales	2025-11-12T18:58:31	CC_BY_NC_4_0	Jacob Morales	Jacob Morales			2026-02-23T22:49:21.168Z	StillImage	COORDINATE_ROUNDED;CONTINENT_DERIVED_FROM_COORDINATES;TAXON_ID_NOT_FOUND
5897133194	50c9509d-22c7-4a22-a47d-8c48425ef4a7	https://www.inaturalist.org/observations/326220312	Animalia	Chordata	Squamata		Gekkonidae	Hemidactylus	Hemidactylus turcicus		SPECIES	Hemidactylus turcicus (Linnaeus, 1758)	Hemidactylus turcicus		US		California	PRESENT		28eb1a3f-1c15-4a95-931a-4af90ecb574d	33.986112	-117.426537	3.0						2025-11-09T17:48:40	9	11	2025	5221528	5221528	HUMAN_OBSERVATION	iNaturalist	Observations	326220312		Jacob Morales	2025-11-12T19:11:04	CC_BY_NC_4_0	Jacob Morales	Jacob Morales			2026-02-23T22:49:18.822Z	StillImage	COORDINATE_ROUNDED;CONTINENT_DERIVED_FROM_COORDINATES;TAXON_ID_NOT_FOUND
5893026658	50c9509d-22c7-4a22-a47d-8c48425ef4a7	https://www.inaturalist.org/observations/295597907	Animalia	Chordata	Squamata		Gekkonidae	Hemidactylus	Hemidactylus turcicus		SPECIES	Hemidactylus turcicus (Linnaeus, 1758)	Hemidactylus turcicus		US		California	PRESENT		28eb1a3f-1c15-4a95-931a-4af90ecb574d	34.058864	-117.187845	7.0						2025-07-05T21:35:37	5	7	2025	5221528	5221528	HUMAN_OBSERVATION	iNaturalist	Observations	295597907		joesjoes20	2025-07-25T04:33:04	CC_BY_NC_4_0	iherrera7	iherrera7			2026-02-23T22:43:38.349Z	StillImage	COORDINATE_ROUNDED;CONTINENT_DERIVED_FROM_COORDINATES;TAXON_ID_NOT_FOUND
5893023285	50c9509d-22c7-4a22-a47d-8c48425ef4a7	https://www.inaturalist.org/observations/323012666	Animalia	Chordata	Squamata		Gekkonidae	Hemidactylus	Hemidactylus turcicus		SPECIES	Hemidactylus turcicus (Linnaeus, 1758)	Hemidactylus turcicus		US		California	PRESENT		28eb1a3f-1c15-4a95-931a-4af90ecb574d	35.396755	-119.088528	28706.0						2025-10-10T15:58:32	10	10	2025	5221528	5221528	HUMAN_OBSERVATION	iNaturalist	Observations	323012666		alexb0000	2025-11-09T04:24:41	CC_BY_NC_4_0	jett-_-	jett-_-			2026-02-23T22:48:54.800Z	StillImage	COORDINATE_ROUNDED;CONTINENT_DERIVED_FROM_COORDINATES;TAXON_ID_NOT_FOUND
5893019142	50c9509d-22c7-4a22-a47d-8c48425ef4a7	https://www.inaturalist.org/observations/321681697	Animalia	Chordata	Squamata		Gekkonidae	Hemidactylus	Hemidactylus turcicus		SPECIES	Hemidactylus turcicus (Linnaeus, 1758)	Hemidactylus turcicus		US		California	PRESENT		28eb1a3f-1c15-4a95-931a-4af90ecb574d	33.759828	-116.23442	20.0						2025-10-17T20:57:38	17	10	2025	5221528	5221528	HUMAN_OBSERVATION	iNaturalist	Observations	321681697		nerdyasianguy	2025-10-18T19:50:51	CC_BY_NC_4_0	nerdyasianguy	nerdyasianguy			2026-02-24T01:06:34.212Z	StillImage	COORDINATE_ROUNDED;CONTINENT_DERIVED_FROM_COORDINATES;TAXON_ID_NOT_FOUND
5893009693	50c9509d-22c7-4a22-a47d-8c48425ef4a7	https://www.inaturalist.org/observations/319066941	Animalia	Chordata	Squamata		Gekkonidae	Hemidactylus	Hemidactylus turcicus		SPECIES	Hemidactylus turcicus (Linnaeus, 1758)	Hemidactylus turcicus		US		California	PRESENT		28eb1a3f-1c15-4a95-931a-4af90ecb574d	33.686375	-116.2239	5.0						2023-09-02T20:50:38	2	9	2023	5221528	5221528	HUMAN_OBSERVATION	iNaturalist	Observations	319066941		Chris Jackson	2025-10-06T04:15:08	CC_BY_NC_4_0	Chris Jackson	Chris Jackson			2026-02-23T23:59:29.983Z	StillImage	CONTINENT_DERIVED_FROM_COORDINATES;TAXON_ID_NOT_FOUND
5892998032	50c9509d-22c7-4a22-a47d-8c48425ef4a7	https://www.inaturalist.org/observations/317684515	Animalia	Chordata	Squamata		Gekkonidae	Hemidactylus	Hemidactylus turcicus		SPECIES	Hemidactylus turcicus (Linnaeus, 1758)	Hemidactylus turcicus		US		California	PRESENT		28eb1a3f-1c15-4a95-931a-4af90ecb574d	35.365345	-119.125907	4.0						2025-09-29T19:47:56	29	9	2025	5221528	5221528	HUMAN_OBSERVATION	iNaturalist	Observations	317684515		owenthebug	2025-09-30T02:48:04	CC_BY_NC_4_0	owenthebug	owenthebug			2026-02-24T00:24:23.739Z	StillImage	COORDINATE_ROUNDED;CONTINENT_DERIVED_FROM_COORDINATES;TAXON_ID_NOT_FOUND
5892944011	50c9509d-22c7-4a22-a47d-8c48425ef4a7	https://www.inaturalist.org/observations/325431224	Animalia	Chordata	Squamata		Gekkonidae	Hemidactylus	Hemidactylus turcicus		SPECIES	Hemidactylus turcicus (Linnaeus, 1758)	Hemidactylus turcicus		US		California	PRESENT		28eb1a3f-1c15-4a95-931a-4af90ecb574d	33.663145	-117.301413	2.0						2025-11-07T19:12:28	7	11	2025	5221528	5221528	HUMAN_OBSERVATION	iNaturalist	Observations	325431224		Ben Machado	2025-11-08T14:04:37	CC_BY_NC_4_0	Pdoxexeqiongxs	Pdoxexeqiongxs			2026-02-23T22:49:11.509Z	StillImage	COORDINATE_ROUNDED;CONTINENT_DERIVED_FROM_COORDINATES;TAXON_ID_NOT_FOUND
5892940458	50c9509d-22c7-4a22-a47d-8c48425ef4a7	https://www.inaturalist.org/observations/320000268	Animalia	Chordata	Squamata		Gekkonidae	Hemidactylus	Hemidactylus turcicus		SPECIES	Hemidactylus turcicus (Linnaeus, 1758)	Hemidactylus turcicus		US		California	PRESENT		28eb1a3f-1c15-4a95-931a-4af90ecb574d	33.98607	-117.426653	4.0						2025-10-06T21:59:28	6	10	2025	5221528	5221528	HUMAN_OBSERVATION	iNaturalist	Observations	320000268		Jacob Morales	2025-10-10T18:01:23	CC_BY_NC_4_0	Jacob Morales	Jacob Morales			2026-02-23T23:59:43.952Z	StillImage	COORDINATE_ROUNDED;CONTINENT_DERIVED_FROM_COORDINATES;TAXON_ID_NOT_FOUND
5892937328	50c9509d-22c7-4a22-a47d-8c48425ef4a7	https://www.inaturalist.org/observations/295861404	Animalia	Chordata	Squamata		Gekkonidae	Hemidactylus	Hemidactylus turcicus		SPECIES	Hemidactylus turcicus (Linnaeus, 1758)	Hemidactylus turcicus		US		California	PRESENT		28eb1a3f-1c15-4a95-931a-4af90ecb574d	34.11085	-117.817422	10.0						2025-06-13T23:00:02	13	6	2025	5221528	5221528	HUMAN_OBSERVATION	iNaturalist	Observations	295861404		joesjoes20	2025-07-25T04:25:23	CC_BY_NC_4_0	jauntswithhackie	jauntswithhackie			2026-02-24T01:00:52.188Z	StillImage	COORDINATE_ROUNDED;CONTINENT_DERIVED_FROM_COORDINATES;TAXON_ID_NOT_FOUND
5892916731	50c9509d-22c7-4a22-a47d-8c48425ef4a7	https://www.inaturalist.org/observations/321161986	Animalia	Chordata	Squamata		Gekkonidae	Hemidactylus	Hemidactylus turcicus		SPECIES	Hemidactylus turcicus (Linnaeus, 1758)	Hemidactylus turcicus		US		California	PRESENT		28eb1a3f-1c15-4a95-931a-4af90ecb574d	33.732045	-116.354447	10.0						2025-10-08T22:22:07	8	10	2025	5221528	5221528	HUMAN_OBSERVATION	iNaturalist	Observations	321161986		sunn01	2025-10-16T03:00:38	CC_BY_NC_4_0	sunn01	sunn01			2026-02-24T00:25:09.592Z	StillImage	COORDINATE_ROUNDED;CONTINENT_DERIVED_FROM_COORDINATES;TAXON_ID_NOT_FOUND
5892906654	50c9509d-22c7-4a22-a47d-8c48425ef4a7	https://www.inaturalist.org/observations/314725495	Animalia	Chordata	Squamata		Gekkonidae	Hemidactylus	Hemidactylus turcicus		SPECIES	Hemidactylus turcicus (Linnaeus, 1758)	Hemidactylus turcicus		US		California	PRESENT		28eb1a3f-1c15-4a95-931a-4af90ecb574d	33.572737	-116.062129	91.0						2025-09-16T20:42:39	16	9	2025	5221528	5221528	HUMAN_OBSERVATION	iNaturalist	Observations	314725495		niumrain	2025-09-18T04:50:16	CC_BY_NC_4_0	niumrain	niumrain			2026-02-23T22:47:30.414Z	StillImage	COORDINATE_ROUNDED;CONTINENT_DERIVED_FROM_COORDINATES;TAXON_ID_NOT_FOUND
5892906633	50c9509d-22c7-4a22-a47d-8c48425ef4a7	https://www.inaturalist.org/observations/310009605	Animalia	Chordata	Squamata		Gekkonidae	Hemidactylus	Hemidactylus turcicus		SPECIES	Hemidactylus turcicus (Linnaeus, 1758)	Hemidactylus turcicus		US		California	PRESENT		28eb1a3f-1c15-4a95-931a-4af90ecb574d	34.436596	-118.528507	28.0						2025-08-26T17:29:44	26	8	2025	5221528	5221528	HUMAN_OBSERVATION	iNaturalist	Observations	310009605		Arjan Walia	2025-08-29T17:24:10	CC_BY_NC_4_0	Arjan Walia	Arjan Walia			2026-02-24T01:04:19.331Z	StillImage	COORDINATE_ROUNDED;CONTINENT_DERIVED_FROM_COORDINATES;TAXON_ID_NOT_FOUND
5892884067	50c9509d-22c7-4a22-a47d-8c48425ef4a7	https://www.inaturalist.org/observations/302483922	Animalia	Chordata	Squamata		Gekkonidae	Hemidactylus	Hemidactylus turcicus		SPECIES	Hemidactylus turcicus (Linnaeus, 1758)	Hemidactylus turcicus		US		California	PRESENT		28eb1a3f-1c15-4a95-931a-4af90ecb574d	33.773494	-116.387397							2025-06-25T22:13:58	25	6	2025	5221528	5221528	HUMAN_OBSERVATION	iNaturalist	Observations	302483922		Ryth N	2025-07-31T18:56:02	CC_BY_NC_4_0	B	B			2026-02-24T01:02:30.939Z	StillImage	COORDINATE_ROUNDED;CONTINENT_DERIVED_FROM_COORDINATES;TAXON_ID_NOT_FOUND
5892879932	50c9509d-22c7-4a22-a47d-8c48425ef4a7	https://www.inaturalist.org/observations/314083324	Animalia	Chordata	Squamata		Gekkonidae	Hemidactylus	Hemidactylus turcicus		SPECIES	Hemidactylus turcicus (Linnaeus, 1758)	Hemidactylus turcicus		US		California	PRESENT		28eb1a3f-1c15-4a95-931a-4af90ecb574d	33.696288	-116.308372	5.0						2025-09-15T04:12:34	15	9	2025	5221528	5221528	HUMAN_OBSERVATION	iNaturalist	Observations	314083324		Zach Smith	2025-09-15T11:13:22	CC_BY_NC_4_0	Zach Smith	Zach Smith			2026-02-23T23:58:21.343Z	StillImage	COORDINATE_ROUNDED;CONTINENT_DERIVED_FROM_COORDINATES;TAXON_ID_NOT_FOUND
5892878008	50c9509d-22c7-4a22-a47d-8c48425ef4a7	https://www.inaturalist.org/observations/322792631	Animalia	Chordata	Squamata		Gekkonidae	Hemidactylus	Hemidactylus turcicus		SPECIES	Hemidactylus turcicus (Linnaeus, 1758)	Hemidactylus turcicus		US		California	PRESENT		28eb1a3f-1c15-4a95-931a-4af90ecb574d	33.986012	-117.426597	3.0						2025-10-20T21:26:28	20	10	2025	5221528	5221528	HUMAN_OBSERVATION	iNaturalist	Observations	322792631		Jacob Morales	2025-10-24T16:58:50	CC_BY_NC_4_0	Jacob Morales	Jacob Morales			2026-02-23T22:48:49.471Z	StillImage	COORDINATE_ROUNDED;CONTINENT_DERIVED_FROM_COORDINATES;TAXON_ID_NOT_FOUND
5892870066	50c9509d-22c7-4a22-a47d-8c48425ef4a7	https://www.inaturalist.org/observations/311712296	Animalia	Chordata	Squamata		Gekkonidae	Hemidactylus	Hemidactylus turcicus		SPECIES	Hemidactylus turcicus (Linnaeus, 1758)	Hemidactylus turcicus		US		California	PRESENT		28eb1a3f-1c15-4a95-931a-4af90ecb574d	32.837791	-116.975154	56.0						2025-05-19T21:08:45	19	5	2025	5221528	5221528	HUMAN_OBSERVATION	iNaturalist	Observations	311712296		samaluka	2025-09-05T18:32:01	CC_BY_NC_4_0	Luis Cuarao	Luis Cuarao			2026-02-23T23:57:47.199Z	StillImage	COORDINATE_ROUNDED;CONTINENT_DERIVED_FROM_COORDINATES;TAXON_ID_NOT_FOUND
5892848464	50c9509d-22c7-4a22-a47d-8c48425ef4a7	https://www.inaturalist.org/observations/325632414	Animalia	Chordata	Squamata		Gekkonidae	Hemidactylus	Hemidactylus turcicus		SPECIES	Hemidactylus turcicus (Linnaeus, 1758)	Hemidactylus turcicus		US		California	PRESENT		28eb1a3f-1c15-4a95-931a-4af90ecb574d	34.14937	-117.843613	28.0						2025-11-08T21:35:34	8	11	2025	5221528	5221528	HUMAN_OBSERVATION	iNaturalist	Observations	325632414		gavitp	2025-11-09T05:36:19	CC_BY_NC_4_0	gavitp	gavitp			2026-02-23T22:49:19.560Z	StillImage	COORDINATE_ROUNDED;CONTINENT_DERIVED_FROM_COORDINATES;TAXON_ID_NOT_FOUND
5892820677	50c9509d-22c7-4a22-a47d-8c48425ef4a7	https://www.inaturalist.org/observations/322309314	Animalia	Chordata	Squamata		Gekkonidae	Hemidactylus	Hemidactylus turcicus		SPECIES	Hemidactylus turcicus (Linnaeus, 1758)	Hemidactylus turcicus		US		California	PRESENT		28eb1a3f-1c15-4a95-931a-4af90ecb574d	35.409866	-119.08996	4.0						2025-10-21T11:20:24	21	10	2025	5221528	5221528	HUMAN_OBSERVATION	iNaturalist	Observations	322309314		Grant Van Horn	2025-10-21T22:15:45	CC_BY_NC_4_0	Grant Van Horn	Grant Van Horn			2026-02-24T00:00:13.080Z	StillImage	COORDINATE_ROUNDED;CONTINENT_DERIVED_FROM_COORDINATES;TAXON_ID_NOT_FOUND
5892808537	50c9509d-22c7-4a22-a47d-8c48425ef4a7	https://www.inaturalist.org/observations/303179487	Animalia	Chordata	Squamata		Gekkonidae	Hemidactylus	Hemidactylus turcicus		SPECIES	Hemidactylus turcicus (Linnaeus, 1758)	Hemidactylus turcicus		US		California	PRESENT		28eb1a3f-1c15-4a95-931a-4af90ecb574d	37.628156	-120.999319	28359.0						2025-07-20T22:19	20	7	2025	5221528	5221528	HUMAN_OBSERVATION	iNaturalist	Observations	303179487		james-vg	2025-08-02T17:28:25	CC_BY_NC_4_0	james-vg	james-vg			2026-02-23T22:45:12.643Z	StillImage	COORDINATE_ROUNDED;CONTINENT_DERIVED_FROM_COORDINATES;TAXON_ID_NOT_FOUND
5892808418	50c9509d-22c7-4a22-a47d-8c48425ef4a7	https://www.inaturalist.org/observations/323112920	Animalia	Chordata	Squamata		Gekkonidae	Hemidactylus	Hemidactylus turcicus		SPECIES	Hemidactylus turcicus (Linnaeus, 1758)	Hemidactylus turcicus		US		California	PRESENT		28eb1a3f-1c15-4a95-931a-4af90ecb574d	35.421069	-119.075589	9.0						2025-10-25T19:37:40	25	10	2025	5221528	5221528	HUMAN_OBSERVATION	iNaturalist	Observations	323112920		the_t0x1c1ty	2025-10-26T02:48:19	CC_BY_NC_4_0	the_t0x1c1ty	the_t0x1c1ty			2026-02-23T22:48:55.034Z	StillImage	COORDINATE_ROUNDED;CONTINENT_DERIVED_FROM_COORDINATES;TAXON_ID_NOT_FOUND
5892778357	50c9509d-22c7-4a22-a47d-8c48425ef4a7	https://www.inaturalist.org/observations/273387800	Animalia	Chordata	Squamata		Gekkonidae	Hemidactylus	Hemidactylus turcicus		SPECIES	Hemidactylus turcicus (Linnaeus, 1758)	Hemidactylus turcicus		US		California	PRESENT		28eb1a3f-1c15-4a95-931a-4af90ecb574d	34.055691	-117.187493	99.0						2015-04-12T10:42:14	12	4	2015	5221528	5221528	HUMAN_OBSERVATION	iNaturalist	Observations	273387800		Josh B	2025-04-25T21:30:40	CC_BY_4_0	Josh B	Josh B			2026-02-23T22:39:27.914Z	StillImage	COORDINATE_ROUNDED;CONTINENT_DERIVED_FROM_COORDINATES;TAXON_ID_NOT_FOUND
5892762513	50c9509d-22c7-4a22-a47d-8c48425ef4a7	https://www.inaturalist.org/observations/322792611	Animalia	Chordata	Squamata		Gekkonidae	Hemidactylus	Hemidactylus turcicus		SPECIES	Hemidactylus turcicus (Linnaeus, 1758)	Hemidactylus turcicus		US		California	PRESENT		28eb1a3f-1c15-4a95-931a-4af90ecb574d	33.98603	-117.426737	9.0						2025-10-20T21:25:55	20	10	2025	5221528	5221528	HUMAN_OBSERVATION	iNaturalist	Observations	322792611		Jacob Morales	2025-10-24T16:58:44	CC_BY_NC_4_0	Jacob Morales	Jacob Morales			2026-02-23T22:48:50.466Z	StillImage	COORDINATE_ROUNDED;CONTINENT_DERIVED_FROM_COORDINATES;TAXON_ID_NOT_FOUND
5892757040	50c9509d-22c7-4a22-a47d-8c48425ef4a7	https://www.inaturalist.org/observations/322791710	Animalia	Chordata	Squamata		Gekkonidae	Hemidactylus	Hemidactylus turcicus		SPECIES	Hemidactylus turcicus (Linnaeus, 1758)	Hemidactylus turcicus		US		California	PRESENT		28eb1a3f-1c15-4a95-931a-4af90ecb574d	33.986038	-117.426588	4.0						2025-10-19T20:22:58	19	10	2025	5221528	5221528	HUMAN_OBSERVATION	iNaturalist	Observations	322791710		Jacob Morales	2025-10-24T16:55:04	CC_BY_NC_4_0	Jacob Morales	Jacob Morales			2026-02-23T22:48:49.305Z	StillImage	COORDINATE_ROUNDED;CONTINENT_DERIVED_FROM_COORDINATES;TAXON_ID_NOT_FOUND
5892755672	50c9509d-22c7-4a22-a47d-8c48425ef4a7	https://www.inaturalist.org/observations/312508166	Animalia	Chordata	Squamata		Gekkonidae	Hemidactylus	Hemidactylus turcicus		SPECIES	Hemidactylus turcicus (Linnaeus, 1758)	Hemidactylus turcicus		US		California	PRESENT		28eb1a3f-1c15-4a95-931a-4af90ecb574d	34.106399	-117.593108	13307.0						2025-09-02	2	9	2025	5221528	5221528	HUMAN_OBSERVATION	iNaturalist	Observations	312508166		Sophia .	2025-09-08T18:36:22	CC_BY_NC_4_0	Sophia .	Sophia .			2026-02-23T22:47:08.785Z	StillImage	CONTINENT_DERIVED_FROM_COORDINATES;TAXON_ID_NOT_FOUND
5892719428	50c9509d-22c7-4a22-a47d-8c48425ef4a7	https://www.inaturalist.org/observations/307272725	Animalia	Chordata	Squamata		Gekkonidae	Hemidactylus	Hemidactylus turcicus		SPECIES	Hemidactylus turcicus (Linnaeus, 1758)	Hemidactylus turcicus		US		California	PRESENT		28eb1a3f-1c15-4a95-931a-4af90ecb574d	34.228603	-118.25125	4.0						2025-08-18T06:53:39	18	8	2025	5221528	5221528	HUMAN_OBSERVATION	iNaturalist	Observations	307272725		Jeff Fenwick	2025-09-25T23:00:09	CC_BY_NC_4_0	Jeff Fenwick	Jeff Fenwick			2026-02-23T23:56:43.331Z	StillImage	COORDINATE_ROUNDED;CONTINENT_DERIVED_FROM_COORDINATES;TAXON_ID_NOT_FOUND
5892694874	50c9509d-22c7-4a22-a47d-8c48425ef4a7	https://www.inaturalist.org/observations/269485451	Animalia	Chordata	Squamata		Gekkonidae	Hemidactylus	Hemidactylus turcicus		SPECIES	Hemidactylus turcicus (Linnaeus, 1758)	Hemidactylus turcicus		US		California	PRESENT		28eb1a3f-1c15-4a95-931a-4af90ecb574d	32.798708	-115.631171	5.0						2025-04-02T17:36	2	4	2025	5221528	5221528	HUMAN_OBSERVATION	iNaturalist	Observations	269485451		Toby	2025-04-09T17:40:46	CC_BY_NC_4_0	Toby	Toby			2026-02-23T22:38:49.566Z	StillImage	COORDINATE_ROUNDED;CONTINENT_DERIVED_FROM_COORDINATES;TAXON_ID_NOT_FOUND
5892668053	50c9509d-22c7-4a22-a47d-8c48425ef4a7	https://www.inaturalist.org/observations/314216623	Animalia	Chordata	Squamata		Gekkonidae	Hemidactylus	Hemidactylus turcicus		SPECIES	Hemidactylus turcicus (Linnaeus, 1758)	Hemidactylus turcicus		US		California	PRESENT		28eb1a3f-1c15-4a95-931a-4af90ecb574d	32.734108	-117.171945	25.0						2025-03-30T20:21	30	3	2025	5221528	5221528	HUMAN_OBSERVATION	iNaturalist	Observations	314216623		samaluka	2025-09-19T02:49:08	CC_BY_NC_4_0	brigidmyree	brigidmyree			2026-02-23T22:47:30.686Z	StillImage	COORDINATE_ROUNDED;CONTINENT_DERIVED_FROM_COORDINATES;TAXON_ID_NOT_FOUND
5892599770	50c9509d-22c7-4a22-a47d-8c48425ef4a7	https://www.inaturalist.org/observations/315972766	Animalia	Chordata	Squamata		Gekkonidae	Hemidactylus	Hemidactylus turcicus		SPECIES	Hemidactylus turcicus (Linnaeus, 1758)	Hemidactylus turcicus		US		California	PRESENT		28eb1a3f-1c15-4a95-931a-4af90ecb574d	38.686261	-121.513437	196275.0						2025-09-22T20:52:45	22	9	2025	5221528	5221528	HUMAN_OBSERVATION	iNaturalist	Observations	315972766		Joshua Luo	2025-09-29T04:29:52	CC_BY_NC_4_0	teresabowers22	teresabowers22			2026-02-23T23:58:53.125Z	StillImage	COORDINATE_ROUNDED;CONTINENT_DERIVED_FROM_COORDINATES;TAXON_ID_NOT_FOUND
5892552049	50c9509d-22c7-4a22-a47d-8c48425ef4a7	https://www.inaturalist.org/observations/316598218	Animalia	Chordata	Squamata		Gekkonidae	Hemidactylus	Hemidactylus turcicus		SPECIES	Hemidactylus turcicus (Linnaeus, 1758)	Hemidactylus turcicus		US		California	PRESENT		28eb1a3f-1c15-4a95-931a-4af90ecb574d	35.387505	-119.043617	30.0						2025-09-23T06:45:06	23	9	2025	5221528	5221528	HUMAN_OBSERVATION	iNaturalist	Observations	316598218		kucapce	2025-09-25T21:13:27	CC_BY_NC_4_0	kucapce	kucapce			2026-02-24T01:05:37.964Z	StillImage	COORDINATE_ROUNDED;CONTINENT_DERIVED_FROM_COORDINATES;TAXON_ID_NOT_FOUND
5892546725	50c9509d-22c7-4a22-a47d-8c48425ef4a7	https://www.inaturalist.org/observations/234782780	Animalia	Chordata	Squamata		Gekkonidae	Hemidactylus	Hemidactylus turcicus		SPECIES	Hemidactylus turcicus (Linnaeus, 1758)	Hemidactylus turcicus		US		California	PRESENT		28eb1a3f-1c15-4a95-931a-4af90ecb574d	36.315968	-119.143635	13407.0						2024-08-09T14:18:20	9	8	2024	5221528	5221528	HUMAN_OBSERVATION	iNaturalist	Observations	234782780		joesjoes20	2024-11-22T03:50:37	CC_BY_NC_4_0	alvarezandrew	alvarezandrew			2026-02-23T22:32:20.543Z	StillImage	COORDINATE_ROUNDED;CONTINENT_DERIVED_FROM_COORDINATES;TAXON_ID_NOT_FOUND
5892539849	50c9509d-22c7-4a22-a47d-8c48425ef4a7	https://www.inaturalist.org/observations/323676375	Animalia	Chordata	Squamata		Gekkonidae	Hemidactylus	Hemidactylus turcicus		SPECIES	Hemidactylus turcicus (Linnaeus, 1758)	Hemidactylus turcicus		US		California	PRESENT		28eb1a3f-1c15-4a95-931a-4af90ecb574d	33.986008	-117.426575	3.0						2025-10-24T21:06:50	24	10	2025	5221528	5221528	HUMAN_OBSERVATION	iNaturalist	Observations	323676375		Jacob Morales	2025-10-28T16:32:47	CC_BY_NC_4_0	Jacob Morales	Jacob Morales			2026-02-23T22:49:01.638Z	StillImage	COORDINATE_ROUNDED;CONTINENT_DERIVED_FROM_COORDINATES;TAXON_ID_NOT_FOUND
5892530591	50c9509d-22c7-4a22-a47d-8c48425ef4a7	https://www.inaturalist.org/observations/302275247	Animalia	Chordata	Squamata		Gekkonidae	Hemidactylus	Hemidactylus turcicus		SPECIES	Hemidactylus turcicus (Linnaeus, 1758)	Hemidactylus turcicus		US		California	PRESENT		28eb1a3f-1c15-4a95-931a-4af90ecb574d	34.312563	-118.471458	6.0						2025-07-29T09:20:13	29	7	2025	5221528	5221528	HUMAN_OBSERVATION	iNaturalist	Observations	302275247		Ben Machado	2025-07-30T18:42:31	CC_BY_NC_4_0	chuynature	chuynature			2026-02-23T23:55:30.097Z	StillImage	COORDINATE_ROUNDED;CONTINENT_DERIVED_FROM_COORDINATES;TAXON_ID_NOT_FOUND
5892523401	50c9509d-22c7-4a22-a47d-8c48425ef4a7	https://www.inaturalist.org/observations/301301155	Animalia	Chordata	Squamata		Gekkonidae	Hemidactylus	Hemidactylus turcicus		SPECIES	Hemidactylus turcicus (Linnaeus, 1758)	Hemidactylus turcicus		US		California	PRESENT		28eb1a3f-1c15-4a95-931a-4af90ecb574d	33.588588	-117.661785	11.0						2025-07-25T22:24:53	25	7	2025	5221528	5221528	HUMAN_OBSERVATION	iNaturalist	Observations	301301155		gabby	2025-07-26T20:43:20	CC_BY_NC_4_0	Bentley Jacobo	Bentley Jacobo			2026-02-23T23:55:16.651Z	StillImage	COORDINATE_ROUNDED;CONTINENT_DERIVED_FROM_COORDINATES;TAXON_ID_NOT_FOUND
5892522601	50c9509d-22c7-4a22-a47d-8c48425ef4a7	https://www.inaturalist.org/observations/322791638	Animalia	Chordata	Squamata		Gekkonidae	Hemidactylus	Hemidactylus turcicus		SPECIES	Hemidactylus turcicus (Linnaeus, 1758)	Hemidactylus turcicus		US		California	PRESENT		28eb1a3f-1c15-4a95-931a-4af90ecb574d	33.986042	-117.426672	4.0						2025-10-19T20:22:40	19	10	2025	5221528	5221528	HUMAN_OBSERVATION	iNaturalist	Observations	322791638		Jacob Morales	2025-10-24T16:54:47	CC_BY_NC_4_0	Jacob Morales	Jacob Morales			2026-02-24T01:06:49.521Z	StillImage	COORDINATE_ROUNDED;CONTINENT_DERIVED_FROM_COORDINATES;TAXON_ID_NOT_FOUND
5892513857	50c9509d-22c7-4a22-a47d-8c48425ef4a7	https://www.inaturalist.org/observations/320103103	Animalia	Chordata	Squamata		Gekkonidae	Hemidactylus	Hemidactylus turcicus		SPECIES	Hemidactylus turcicus (Linnaeus, 1758)	Hemidactylus turcicus		US		California	PRESENT		28eb1a3f-1c15-4a95-931a-4af90ecb574d	34.272118	-118.504718	779.0						2025-10-10T22:39:45	10	10	2025	5221528	5221528	HUMAN_OBSERVATION	iNaturalist	Observations	320103103		Guillermo Roque	2025-10-11T15:18:43	CC_BY_NC_4_0	Amber Norwood	Amber Norwood			2026-02-24T00:24:57.231Z	StillImage	COORDINATE_ROUNDED;CONTINENT_DERIVED_FROM_COORDINATES;TAXON_ID_NOT_FOUND
5892513797	50c9509d-22c7-4a22-a47d-8c48425ef4a7	https://www.inaturalist.org/observations/311148234	Animalia	Chordata	Squamata		Gekkonidae	Hemidactylus	Hemidactylus turcicus		SPECIES	Hemidactylus turcicus (Linnaeus, 1758)	Hemidactylus turcicus		US		California	PRESENT		28eb1a3f-1c15-4a95-931a-4af90ecb574d	36.737798	-119.787125	22827.0						2025-08-22T17:25	22	8	2025	5221528	5221528	HUMAN_OBSERVATION	iNaturalist	Observations	311148234		Aaron Griffing	2025-09-03T01:24:18	CC_BY_NC_4_0	mitochondria	mitochondria			2026-02-23T22:46:52.627Z	StillImage	COORDINATE_ROUNDED;CONTINENT_DERIVED_FROM_COORDINATES;TAXON_ID_NOT_FOUND
5892512001	50c9509d-22c7-4a22-a47d-8c48425ef4a7	https://www.inaturalist.org/observations/314942949	Animalia	Chordata	Squamata		Gekkonidae	Hemidactylus	Hemidactylus turcicus		SPECIES	Hemidactylus turcicus (Linnaeus, 1758)	Hemidactylus turcicus		US		California	PRESENT		28eb1a3f-1c15-4a95-931a-4af90ecb574d	32.83731	-116.975401	4.0						2025-09-18T21:26:06	18	9	2025	5221528	5221528	HUMAN_OBSERVATION	iNaturalist	Observations	314942949		samaluka	2025-09-19T04:28:23	CC_BY_NC_4_0	samaluka	samaluka			2026-02-23T22:47:36.922Z	StillImage	COORDINATE_ROUNDED;CONTINENT_DERIVED_FROM_COORDINATES;TAXON_ID_NOT_FOUND
5892511606	50c9509d-22c7-4a22-a47d-8c48425ef4a7	https://www.inaturalist.org/observations/279860171	Animalia	Chordata	Squamata		Gekkonidae	Hemidactylus	Hemidactylus turcicus		SPECIES	Hemidactylus turcicus (Linnaeus, 1758)	Hemidactylus turcicus		US		California	PRESENT		28eb1a3f-1c15-4a95-931a-4af90ecb574d	33.77705	-118.154307	109.0						2025-05-06T17:10	6	5	2025	5221528	5221528	HUMAN_OBSERVATION	iNaturalist	Observations	279860171		joesjoes20	2025-05-10T05:33:10	CC_BY_NC_4_0	erojas23	erojas23			2026-02-23T22:40:34.657Z	StillImage	COORDINATE_ROUNDED;CONTINENT_DERIVED_FROM_COORDINATES;TAXON_ID_NOT_FOUND
5892486784	50c9509d-22c7-4a22-a47d-8c48425ef4a7	https://www.inaturalist.org/observations/314939923	Animalia	Chordata	Squamata		Gekkonidae	Hemidactylus	Hemidactylus turcicus		SPECIES	Hemidactylus turcicus (Linnaeus, 1758)	Hemidactylus turcicus		US		California	PRESENT		28eb1a3f-1c15-4a95-931a-4af90ecb574d	32.734417	-117.117547	3.0						2025-09-18T21:01:04	18	9	2025	5221528	5221528	HUMAN_OBSERVATION	iNaturalist	Observations	314939923		samaluka	2025-10-01T18:26:31	CC_BY_NC_4_0	kkastner	kkastner			2026-02-24T01:05:18.202Z	StillImage	COORDINATE_ROUNDED;CONTINENT_DERIVED_FROM_COORDINATES;TAXON_ID_NOT_FOUND
5892482799	50c9509d-22c7-4a22-a47d-8c48425ef4a7	https://www.inaturalist.org/observations/325457923	Animalia	Chordata	Squamata		Gekkonidae	Hemidactylus	Hemidactylus turcicus		SPECIES	Hemidactylus turcicus (Linnaeus, 1758)	Hemidactylus turcicus		US		California	PRESENT		28eb1a3f-1c15-4a95-931a-4af90ecb574d	33.904255	-116.38218	18.0						2025-11-07T15:32:28	7	11	2025	5221528	5221528	HUMAN_OBSERVATION	iNaturalist	Observations	325457923		wblack6289	2025-11-08T09:03:00	CC_BY_NC_4_0	wblack6289	wblack6289			2026-02-24T00:00:54.374Z	StillImage	CONTINENT_DERIVED_FROM_COORDINATES;TAXON_ID_NOT_FOUND
5892481200	50c9509d-22c7-4a22-a47d-8c48425ef4a7	https://www.inaturalist.org/observations/321275232	Animalia	Chordata	Squamata		Gekkonidae	Hemidactylus	Hemidactylus turcicus		SPECIES	Hemidactylus turcicus (Linnaeus, 1758)	Hemidactylus turcicus		US		California	PRESENT		28eb1a3f-1c15-4a95-931a-4af90ecb574d	32.821197	-117.100267	6.0						2025-10-13T19:13:27	13	10	2025	5221528	5221528	HUMAN_OBSERVATION	iNaturalist	Observations	321275232		doc-brock	2025-10-16T18:34:26	CC_BY_NC_4_0	doc-brock	doc-brock			2026-02-23T23:59:58.198Z	StillImage	COORDINATE_ROUNDED;CONTINENT_DERIVED_FROM_COORDINATES;TAXON_ID_NOT_FOUND
5892480950	50c9509d-22c7-4a22-a47d-8c48425ef4a7	https://www.inaturalist.org/observations/321680731	Animalia	Chordata	Squamata		Gekkonidae	Hemidactylus	Hemidactylus turcicus		SPECIES	Hemidactylus turcicus (Linnaeus, 1758)	Hemidactylus turcicus		US		California	PRESENT		28eb1a3f-1c15-4a95-931a-4af90ecb574d	33.759258	-116.23442	3.0						2025-10-17T20:52:01	17	10	2025	5221528	5221528	HUMAN_OBSERVATION	iNaturalist	Observations	321680731		nerdyasianguy	2025-10-18T19:45:56	CC_BY_NC_4_0	nerdyasianguy	nerdyasianguy			2026-02-24T01:06:35.526Z	StillImage	COORDINATE_ROUNDED;CONTINENT_DERIVED_FROM_COORDINATES;TAXON_ID_NOT_FOUND
5892467694	50c9509d-22c7-4a22-a47d-8c48425ef4a7	https://www.inaturalist.org/observations/320323736	Animalia	Chordata	Squamata		Gekkonidae	Hemidactylus	Hemidactylus turcicus		SPECIES	Hemidactylus turcicus (Linnaeus, 1758)	Hemidactylus turcicus		US		California	PRESENT		28eb1a3f-1c15-4a95-931a-4af90ecb574d	33.588945	-117.204826	136.0						2025-10-11T20:38:54	11	10	2025	5221528	5221528	HUMAN_OBSERVATION	iNaturalist	Observations	320323736		joesjoes20	2025-10-13T02:23:08	CC_BY_NC_4_0	Gerg	Gerg			2026-02-23T23:59:46.938Z	StillImage	COORDINATE_ROUNDED;CONTINENT_DERIVED_FROM_COORDINATES;TAXON_ID_NOT_FOUND
5892458444	50c9509d-22c7-4a22-a47d-8c48425ef4a7	https://www.inaturalist.org/observations/322791789	Animalia	Chordata	Squamata		Gekkonidae	Hemidactylus	Hemidactylus turcicus		SPECIES	Hemidactylus turcicus (Linnaeus, 1758)	Hemidactylus turcicus		US		California	PRESENT		28eb1a3f-1c15-4a95-931a-4af90ecb574d	33.986042	-117.426588	4.0						2025-10-19T20:23:03	19	10	2025	5221528	5221528	HUMAN_OBSERVATION	iNaturalist	Observations	322791789		Jacob Morales	2025-10-24T16:55:20	CC_BY_NC_4_0	Jacob Morales	Jacob Morales			2026-02-24T00:00:20.922Z	StillImage	COORDINATE_ROUNDED;CONTINENT_DERIVED_FROM_COORDINATES;TAXON_ID_NOT_FOUND
5892455022	50c9509d-22c7-4a22-a47d-8c48425ef4a7	https://www.inaturalist.org/observations/321275326	Animalia	Chordata	Squamata		Gekkonidae	Hemidactylus	Hemidactylus turcicus		SPECIES	Hemidactylus turcicus (Linnaeus, 1758)	Hemidactylus turcicus		US		California	PRESENT		28eb1a3f-1c15-4a95-931a-4af90ecb574d	32.821197	-117.100267	6.0						2025-10-13T19:13:28	13	10	2025	5221528	5221528	HUMAN_OBSERVATION	iNaturalist	Observations	321275326		doc-brock	2025-10-16T18:34:53	CC_BY_NC_4_0	doc-brock	doc-brock			2026-02-24T01:06:31.605Z	StillImage	COORDINATE_ROUNDED;CONTINENT_DERIVED_FROM_COORDINATES;TAXON_ID_NOT_FOUND
5892438956	50c9509d-22c7-4a22-a47d-8c48425ef4a7	https://www.inaturalist.org/observations/321275374	Animalia	Chordata	Squamata		Gekkonidae	Hemidactylus	Hemidactylus turcicus		SPECIES	Hemidactylus turcicus (Linnaeus, 1758)	Hemidactylus turcicus		US		California	PRESENT		28eb1a3f-1c15-4a95-931a-4af90ecb574d	32.820862	-117.099455	5.0						2025-10-13T19:18:57	13	10	2025	5221528	5221528	HUMAN_OBSERVATION	iNaturalist	Observations	321275374		doc-brock	2025-10-16T18:35:14	CC_BY_NC_4_0	doc-brock	doc-brock			2026-02-24T01:06:35.245Z	StillImage	COORDINATE_ROUNDED;CONTINENT_DERIVED_FROM_COORDINATES;TAXON_ID_NOT_FOUND
5892437084	50c9509d-22c7-4a22-a47d-8c48425ef4a7	https://www.inaturalist.org/observations/308121671	Animalia	Chordata	Squamata		Gekkonidae	Hemidactylus	Hemidactylus turcicus		SPECIES	Hemidactylus turcicus (Linnaeus, 1758)	Hemidactylus turcicus		US		California	PRESENT		28eb1a3f-1c15-4a95-931a-4af90ecb574d	33.627502	-117.311745	32.0						2025-08-21T21:28:12	21	8	2025	5221528	5221528	HUMAN_OBSERVATION	iNaturalist	Observations	308121671		conawayab	2025-08-23T04:21:36	CC_BY_NC_4_0	conawayab	conawayab			2026-02-23T23:56:59.164Z	StillImage	COORDINATE_ROUNDED;CONTINENT_DERIVED_FROM_COORDINATES;TAXON_ID_NOT_FOUND
5892418954	50c9509d-22c7-4a22-a47d-8c48425ef4a7	https://www.inaturalist.org/observations/322793618	Animalia	Chordata	Squamata		Gekkonidae	Hemidactylus	Hemidactylus turcicus		SPECIES	Hemidactylus turcicus (Linnaeus, 1758)	Hemidactylus turcicus		US		California	PRESENT		28eb1a3f-1c15-4a95-931a-4af90ecb574d	33.986078	-117.426497	5.0						2025-10-16T22:29:49	16	10	2025	5221528	5221528	HUMAN_OBSERVATION	iNaturalist	Observations	322793618		Jacob Morales	2025-10-24T17:03:42	CC_BY_NC_4_0	Jacob Morales	Jacob Morales			2026-02-24T00:00:17.954Z	StillImage	COORDINATE_ROUNDED;CONTINENT_DERIVED_FROM_COORDINATES;TAXON_ID_NOT_FOUND
5892407880	50c9509d-22c7-4a22-a47d-8c48425ef4a7	https://www.inaturalist.org/observations/282701772	Animalia	Chordata	Squamata		Gekkonidae	Hemidactylus	Hemidactylus turcicus		SPECIES	Hemidactylus turcicus (Linnaeus, 1758)	Hemidactylus turcicus		US		California	PRESENT		28eb1a3f-1c15-4a95-931a-4af90ecb574d	34.279569	-118.738322	51.0						2025-03-10T17:48	10	3	2025	5221528	5221528	HUMAN_OBSERVATION	iNaturalist	Observations	282701772		Brandon Troth	2025-07-12T15:57:01	CC_BY_NC_4_0	mattr21	mattr21			2026-02-23T22:41:12.100Z	StillImage	COORDINATE_ROUNDED;CONTINENT_DERIVED_FROM_COORDINATES;TAXON_ID_NOT_FOUND
5892401205	50c9509d-22c7-4a22-a47d-8c48425ef4a7	https://www.inaturalist.org/observations/313049864	Animalia	Chordata	Squamata		Gekkonidae	Hemidactylus	Hemidactylus turcicus		SPECIES	Hemidactylus turcicus (Linnaeus, 1758)	Hemidactylus turcicus		US		California	PRESENT		28eb1a3f-1c15-4a95-931a-4af90ecb574d	33.952784	-118.040972	51.0						2025-09-10T23:09:43	10	9	2025	5221528	5221528	HUMAN_OBSERVATION	iNaturalist	Observations	313049864		Ben Machado	2025-09-11T15:28:04	CC_BY_NC_4_0	Alexandra	Alexandra			2026-02-23T22:47:12.650Z	StillImage	COORDINATE_ROUNDED;CONTINENT_DERIVED_FROM_COORDINATES;TAXON_ID_NOT_FOUND
5892390818	50c9509d-22c7-4a22-a47d-8c48425ef4a7	https://www.inaturalist.org/observations/222021353	Animalia	Chordata	Squamata		Gekkonidae	Hemidactylus	Hemidactylus turcicus		SPECIES	Hemidactylus turcicus (Linnaeus, 1758)	Hemidactylus turcicus		US		California	PRESENT		28eb1a3f-1c15-4a95-931a-4af90ecb574d	36.771912	-119.805563	35.0						2024-06-10T19:14:56	10	6	2024	5221528	5221528	HUMAN_OBSERVATION	iNaturalist	Observations	222021353		joesjoes20	2024-12-04T19:29:58	CC_BY_NC_4_0	jordannechurch	jordannechurch			2026-02-23T22:29:17.374Z	StillImage	COORDINATE_ROUNDED;CONTINENT_DERIVED_FROM_COORDINATES;TAXON_ID_NOT_FOUND
5892384817	50c9509d-22c7-4a22-a47d-8c48425ef4a7	https://www.inaturalist.org/observations/317685124	Animalia	Chordata	Squamata		Gekkonidae	Hemidactylus	Hemidactylus turcicus		SPECIES	Hemidactylus turcicus (Linnaeus, 1758)	Hemidactylus turcicus		US		California	PRESENT		28eb1a3f-1c15-4a95-931a-4af90ecb574d	35.365944	-119.126635	26.0						2025-09-29T19:52:19	29	9	2025	5221528	5221528	HUMAN_OBSERVATION	iNaturalist	Observations	317685124		owenthebug	2025-09-30T02:52:33	CC_BY_NC_4_0	owenthebug	owenthebug			2026-02-24T01:05:49.804Z	StillImage	COORDINATE_ROUNDED;CONTINENT_DERIVED_FROM_COORDINATES;TAXON_ID_NOT_FOUND
5892378488	50c9509d-22c7-4a22-a47d-8c48425ef4a7	https://www.inaturalist.org/observations/265354226	Animalia	Chordata	Squamata		Gekkonidae	Hemidactylus	Hemidactylus turcicus		SPECIES	Hemidactylus turcicus (Linnaeus, 1758)	Hemidactylus turcicus		US		California	PRESENT		28eb1a3f-1c15-4a95-931a-4af90ecb574d	32.967162	-115.540282	242.0						2025-03-05T20:30	5	3	2025	5221528	5221528	HUMAN_OBSERVATION	iNaturalist	Observations	265354226		joesjoes20	2025-03-15T03:29:18	CC_BY_NC_4_0	Evan Kidd	Evan Kidd			2026-02-23T22:37:50.706Z	StillImage	COORDINATE_ROUNDED;CONTINENT_DERIVED_FROM_COORDINATES;TAXON_ID_NOT_FOUND
5890414168	50c9509d-22c7-4a22-a47d-8c48425ef4a7	https://www.inaturalist.org/observations/324055098	Animalia	Chordata	Squamata		Gekkonidae	Hemidactylus	Hemidactylus turcicus		SPECIES	Hemidactylus turcicus (Linnaeus, 1758)	Hemidactylus turcicus		US		California	PRESENT		28eb1a3f-1c15-4a95-931a-4af90ecb574d	33.986088	-117.426613	3.0						2025-10-28T22:40:40	28	10	2025	5221528	5221528	HUMAN_OBSERVATION	iNaturalist	Observations	324055098		Jacob Morales	2025-10-30T21:55:39	CC_BY_NC_4_0	Jacob Morales	Jacob Morales			2026-02-24T00:00:35.286Z	StillImage	COORDINATE_ROUNDED;CONTINENT_DERIVED_FROM_COORDINATES;TAXON_ID_NOT_FOUND
5890378170	50c9509d-22c7-4a22-a47d-8c48425ef4a7	https://www.inaturalist.org/observations/324055061	Animalia	Chordata	Squamata		Gekkonidae	Hemidactylus	Hemidactylus turcicus		SPECIES	Hemidactylus turcicus (Linnaeus, 1758)	Hemidactylus turcicus		US		California	PRESENT		28eb1a3f-1c15-4a95-931a-4af90ecb574d	33.9861	-117.426637	5.0						2025-10-28T22:40:06	28	10	2025	5221528	5221528	HUMAN_OBSERVATION	iNaturalist	Observations	324055061		Jacob Morales	2025-10-30T21:55:23	CC_BY_NC_4_0	Jacob Morales	Jacob Morales			2026-02-23T22:48:59.991Z	StillImage	COORDINATE_ROUNDED;CONTINENT_DERIVED_FROM_COORDINATES;TAXON_ID_NOT_FOUND
5890325466	50c9509d-22c7-4a22-a47d-8c48425ef4a7	https://www.inaturalist.org/observations/324055205	Animalia	Chordata	Squamata		Gekkonidae	Hemidactylus	Hemidactylus turcicus		SPECIES	Hemidactylus turcicus (Linnaeus, 1758)	Hemidactylus turcicus		US		California	PRESENT		28eb1a3f-1c15-4a95-931a-4af90ecb574d	33.986228	-117.426637	14.0						2025-10-29T23:32:18	29	10	2025	5221528	5221528	HUMAN_OBSERVATION	iNaturalist	Observations	324055205		Jacob Morales	2025-10-30T21:56:35	CC_BY_NC_4_0	Jacob Morales	Jacob Morales			2026-02-23T22:49:02.013Z	StillImage	COORDINATE_ROUNDED;CONTINENT_DERIVED_FROM_COORDINATES;TAXON_ID_NOT_FOUND
5890277675	50c9509d-22c7-4a22-a47d-8c48425ef4a7	https://www.inaturalist.org/observations/323677290	Animalia	Chordata	Squamata		Gekkonidae	Hemidactylus	Hemidactylus turcicus		SPECIES	Hemidactylus turcicus (Linnaeus, 1758)	Hemidactylus turcicus		US		California	PRESENT		28eb1a3f-1c15-4a95-931a-4af90ecb574d	33.986037	-117.426597	3.0						2025-10-25T22:35:45	25	10	2025	5221528	5221528	HUMAN_OBSERVATION	iNaturalist	Observations	323677290		Jacob Morales	2025-10-28T16:39:06	CC_BY_NC_4_0	Jacob Morales	Jacob Morales			2026-02-23T22:48:57.520Z	StillImage	COORDINATE_ROUNDED;CONTINENT_DERIVED_FROM_COORDINATES;TAXON_ID_NOT_FOUND
5890224542	50c9509d-22c7-4a22-a47d-8c48425ef4a7	https://www.inaturalist.org/observations/323676245	Animalia	Chordata	Squamata		Gekkonidae	Hemidactylus	Hemidactylus turcicus		SPECIES	Hemidactylus turcicus (Linnaeus, 1758)	Hemidactylus turcicus		US		California	PRESENT		28eb1a3f-1c15-4a95-931a-4af90ecb574d	33.98603	-117.426567	4.0						2025-10-24T19:58:46	24	10	2025	5221528	5221528	HUMAN_OBSERVATION	iNaturalist	Observations	323676245		Jacob Morales	2025-10-28T16:31:50	CC_BY_NC_4_0	Jacob Morales	Jacob Morales			2026-02-23T22:49:01.466Z	StillImage	COORDINATE_ROUNDED;CONTINENT_DERIVED_FROM_COORDINATES;TAXON_ID_NOT_FOUND
5890192498	50c9509d-22c7-4a22-a47d-8c48425ef4a7	https://www.inaturalist.org/observations/323679690	Animalia	Chordata	Squamata		Gekkonidae	Hemidactylus	Hemidactylus turcicus		SPECIES	Hemidactylus turcicus (Linnaeus, 1758)	Hemidactylus turcicus		US		California	PRESENT		28eb1a3f-1c15-4a95-931a-4af90ecb574d	33.985962	-117.426628	6.0						2025-10-27T19:37:40	27	10	2025	5221528	5221528	HUMAN_OBSERVATION	iNaturalist	Observations	323679690		Jacob Morales	2025-10-28T16:53:47	CC_BY_NC_4_0	Jacob Morales	Jacob Morales			2026-02-24T00:00:30.799Z	StillImage	COORDINATE_ROUNDED;CONTINENT_DERIVED_FROM_COORDINATES;TAXON_ID_NOT_FOUND
5890190329	50c9509d-22c7-4a22-a47d-8c48425ef4a7	https://www.inaturalist.org/observations/323677892	Animalia	Chordata	Squamata		Gekkonidae	Hemidactylus	Hemidactylus turcicus		SPECIES	Hemidactylus turcicus (Linnaeus, 1758)	Hemidactylus turcicus		US		California	PRESENT		28eb1a3f-1c15-4a95-931a-4af90ecb574d	33.986022	-117.426597	2.0						2025-10-26T19:37:37	26	10	2025	5221528	5221528	HUMAN_OBSERVATION	iNaturalist	Observations	323677892		Jacob Morales	2025-10-28T16:41:57	CC_BY_NC_4_0	Jacob Morales	Jacob Morales			2026-02-24T01:06:58.962Z	StillImage	COORDINATE_ROUNDED;CONTINENT_DERIVED_FROM_COORDINATES;TAXON_ID_NOT_FOUND
5890183305	50c9509d-22c7-4a22-a47d-8c48425ef4a7	https://www.inaturalist.org/observations/323677864	Animalia	Chordata	Squamata		Gekkonidae	Hemidactylus	Hemidactylus turcicus		SPECIES	Hemidactylus turcicus (Linnaeus, 1758)	Hemidactylus turcicus		US		California	PRESENT		28eb1a3f-1c15-4a95-931a-4af90ecb574d	33.986012	-117.426653	11.0						2025-10-26T19:37:24	26	10	2025	5221528	5221528	HUMAN_OBSERVATION	iNaturalist	Observations	323677864		Jacob Morales	2025-10-28T16:41:48	CC_BY_NC_4_0	Jacob Morales	Jacob Morales			2026-02-24T00:00:31.915Z	StillImage	COORDINATE_ROUNDED;CONTINENT_DERIVED_FROM_COORDINATES;TAXON_ID_NOT_FOUND
5890158707	50c9509d-22c7-4a22-a47d-8c48425ef4a7	https://www.inaturalist.org/observations/324055188	Animalia	Chordata	Squamata		Gekkonidae	Hemidactylus	Hemidactylus turcicus		SPECIES	Hemidactylus turcicus (Linnaeus, 1758)	Hemidactylus turcicus		US		California	PRESENT		28eb1a3f-1c15-4a95-931a-4af90ecb574d	33.986095	-117.426588	13.0						2025-10-29T22:56:31	29	10	2025	5221528	5221528	HUMAN_OBSERVATION	iNaturalist	Observations	324055188		Jacob Morales	2025-10-30T21:56:24	CC_BY_NC_4_0	Jacob Morales	Jacob Morales			2026-02-24T00:00:35.606Z	StillImage	COORDINATE_ROUNDED;CONTINENT_DERIVED_FROM_COORDINATES;TAXON_ID_NOT_FOUND
5890125537	50c9509d-22c7-4a22-a47d-8c48425ef4a7	https://www.inaturalist.org/observations/324055080	Animalia	Chordata	Squamata		Gekkonidae	Hemidactylus	Hemidactylus turcicus		SPECIES	Hemidactylus turcicus (Linnaeus, 1758)	Hemidactylus turcicus		US		California	PRESENT		28eb1a3f-1c15-4a95-931a-4af90ecb574d	33.986072	-117.426553	4.0						2025-10-28T22:40:19	28	10	2025	5221528	5221528	HUMAN_OBSERVATION	iNaturalist	Observations	324055080		Jacob Morales	2025-10-30T21:55:32	CC_BY_NC_4_0	Jacob Morales	Jacob Morales			2026-02-23T23:00:46.845Z	StillImage	COORDINATE_ROUNDED;CONTINENT_DERIVED_FROM_COORDINATES;TAXON_ID_NOT_FOUND
5890058352	50c9509d-22c7-4a22-a47d-8c48425ef4a7	https://www.inaturalist.org/observations/324629962	Animalia	Chordata	Squamata		Gekkonidae	Hemidactylus	Hemidactylus turcicus		SPECIES	Hemidactylus turcicus (Linnaeus, 1758)	Hemidactylus turcicus		US		California	PRESENT		28eb1a3f-1c15-4a95-931a-4af90ecb574d	34.107014	-118.290055	3.0						2025-11-02T17:21:48	2	11	2025	5221528	5221528	HUMAN_OBSERVATION	iNaturalist	Observations	324629962		Aaron Griffing	2025-11-03T02:40:52	CC_BY_NC_4_0	christinetc	christinetc			2026-02-24T00:00:45.259Z	StillImage	COORDINATE_ROUNDED;CONTINENT_DERIVED_FROM_COORDINATES;TAXON_ID_NOT_FOUND
5889937849	50c9509d-22c7-4a22-a47d-8c48425ef4a7	https://www.inaturalist.org/observations/324377341	Animalia	Chordata	Squamata		Gekkonidae	Hemidactylus	Hemidactylus turcicus		SPECIES	Hemidactylus turcicus (Linnaeus, 1758)	Hemidactylus turcicus		US		California	PRESENT		28eb1a3f-1c15-4a95-931a-4af90ecb574d	34.208039	-118.390882	28846.0						2025-10-30T19:19:45	30	10	2025	5221528	5221528	HUMAN_OBSERVATION	iNaturalist	Observations	324377341		california_every_reptile	2025-11-01T19:29:50	CC_BY_NC_4_0	california_every_reptile	california_every_reptile			2026-02-24T00:00:38.485Z	StillImage	COORDINATE_ROUNDED;CONTINENT_DERIVED_FROM_COORDINATES;TAXON_ID_NOT_FOUND
5889788829	50c9509d-22c7-4a22-a47d-8c48425ef4a7	https://www.inaturalist.org/observations/323524178	Animalia	Chordata	Squamata		Gekkonidae	Hemidactylus	Hemidactylus turcicus		SPECIES	Hemidactylus turcicus (Linnaeus, 1758)	Hemidactylus turcicus		US		California	PRESENT		28eb1a3f-1c15-4a95-931a-4af90ecb574d	33.983786	-117.335919							2025-10-25T18:33:50	25	10	2025	5221528	5221528	HUMAN_OBSERVATION	iNaturalist	Observations	323524178		Cael	2025-10-27T20:34:59	CC_BY_NC_4_0	Cael	Cael			2026-02-24T00:00:28.549Z	StillImage	COORDINATE_ROUNDED;CONTINENT_DERIVED_FROM_COORDINATES;TAXON_ID_NOT_FOUND
5889770257	50c9509d-22c7-4a22-a47d-8c48425ef4a7	https://www.inaturalist.org/observations/323676305	Animalia	Chordata	Squamata		Gekkonidae	Hemidactylus	Hemidactylus turcicus		SPECIES	Hemidactylus turcicus (Linnaeus, 1758)	Hemidactylus turcicus		US		California	PRESENT		28eb1a3f-1c15-4a95-931a-4af90ecb574d	33.985997	-117.426605	3.0						2025-10-24T21:06:46	24	10	2025	5221528	5221528	HUMAN_OBSERVATION	iNaturalist	Observations	323676305		Jacob Morales	2025-10-28T16:32:18	CC_BY_NC_4_0	Jacob Morales	Jacob Morales			2026-02-23T22:49:01.594Z	StillImage	COORDINATE_ROUNDED;CONTINENT_DERIVED_FROM_COORDINATES;TAXON_ID_NOT_FOUND
5889765986	50c9509d-22c7-4a22-a47d-8c48425ef4a7	https://www.inaturalist.org/observations/324055176	Animalia	Chordata	Squamata		Gekkonidae	Hemidactylus	Hemidactylus turcicus		SPECIES	Hemidactylus turcicus (Linnaeus, 1758)	Hemidactylus turcicus		US		California	PRESENT		28eb1a3f-1c15-4a95-931a-4af90ecb574d	33.98612	-117.42662	14.0						2025-10-29T22:56:20	29	10	2025	5221528	5221528	HUMAN_OBSERVATION	iNaturalist	Observations	324055176		Jacob Morales	2025-10-30T21:56:16	CC_BY_NC_4_0	Jacob Morales	Jacob Morales			2026-02-24T00:00:36.768Z	StillImage	CONTINENT_DERIVED_FROM_COORDINATES;TAXON_ID_NOT_FOUND
5889747864	50c9509d-22c7-4a22-a47d-8c48425ef4a7	https://www.inaturalist.org/observations/324364558	Animalia	Chordata	Squamata		Gekkonidae	Hemidactylus	Hemidactylus turcicus		SPECIES	Hemidactylus turcicus (Linnaeus, 1758)	Hemidactylus turcicus		US		California	PRESENT		28eb1a3f-1c15-4a95-931a-4af90ecb574d	35.36506	-119.122652	5.0						2025-11-01T11:05:39	1	11	2025	5221528	5221528	HUMAN_OBSERVATION	iNaturalist	Observations	324364558		owenthebug	2025-11-01T18:08:51	CC_BY_NC_4_0	owenthebug	owenthebug			2026-02-23T22:49:03.311Z	StillImage	COORDINATE_ROUNDED;CONTINENT_DERIVED_FROM_COORDINATES;TAXON_ID_NOT_FOUND
5889735701	50c9509d-22c7-4a22-a47d-8c48425ef4a7	https://www.inaturalist.org/observations/324054988	Animalia	Chordata	Squamata		Gekkonidae	Hemidactylus	Hemidactylus turcicus		SPECIES	Hemidactylus turcicus (Linnaeus, 1758)	Hemidactylus turcicus		US		California	PRESENT		28eb1a3f-1c15-4a95-931a-4af90ecb574d	33.986047	-117.426613	4.0						2025-10-28T22:39:07	28	10	2025	5221528	5221528	HUMAN_OBSERVATION	iNaturalist	Observations	324054988		Jacob Morales	2025-10-30T21:54:46	CC_BY_NC_4_0	Jacob Morales	Jacob Morales			2026-02-24T00:00:33.851Z	StillImage	COORDINATE_ROUNDED;CONTINENT_DERIVED_FROM_COORDINATES;TAXON_ID_NOT_FOUND
5889726506	50c9509d-22c7-4a22-a47d-8c48425ef4a7	https://www.inaturalist.org/observations/323677274	Animalia	Chordata	Squamata		Gekkonidae	Hemidactylus	Hemidactylus turcicus		SPECIES	Hemidactylus turcicus (Linnaeus, 1758)	Hemidactylus turcicus		US		California	PRESENT		28eb1a3f-1c15-4a95-931a-4af90ecb574d	33.98608	-117.426567	4.0						2025-10-25T22:35:41	25	10	2025	5221528	5221528	HUMAN_OBSERVATION	iNaturalist	Observations	323677274		Jacob Morales	2025-10-28T16:38:57	CC_BY_NC_4_0	Jacob Morales	Jacob Morales			2026-02-24T01:07:05.198Z	StillImage	COORDINATE_ROUNDED;CONTINENT_DERIVED_FROM_COORDINATES;TAXON_ID_NOT_FOUND
5889670713	50c9509d-22c7-4a22-a47d-8c48425ef4a7	https://www.inaturalist.org/observations/323677931	Animalia	Chordata	Squamata		Gekkonidae	Hemidactylus	Hemidactylus turcicus		SPECIES	Hemidactylus turcicus (Linnaeus, 1758)	Hemidactylus turcicus		US		California	PRESENT		28eb1a3f-1c15-4a95-931a-4af90ecb574d	33.986028	-117.426605	4.0						2025-10-26T19:37:39	26	10	2025	5221528	5221528	HUMAN_OBSERVATION	iNaturalist	Observations	323677931		Jacob Morales	2025-10-28T16:42:07	CC_BY_NC_4_0	Jacob Morales	Jacob Morales			2026-02-24T01:06:57.983Z	StillImage	COORDINATE_ROUNDED;CONTINENT_DERIVED_FROM_COORDINATES;TAXON_ID_NOT_FOUND
5889658989	50c9509d-22c7-4a22-a47d-8c48425ef4a7	https://www.inaturalist.org/observations/324055037	Animalia	Chordata	Squamata		Gekkonidae	Hemidactylus	Hemidactylus turcicus		SPECIES	Hemidactylus turcicus (Linnaeus, 1758)	Hemidactylus turcicus		US		California	PRESENT		28eb1a3f-1c15-4a95-931a-4af90ecb574d	33.986078	-117.426613	4.0						2025-10-28T22:39:17	28	10	2025	5221528	5221528	HUMAN_OBSERVATION	iNaturalist	Observations	324055037		Jacob Morales	2025-10-30T21:55:09	CC_BY_NC_4_0	Jacob Morales	Jacob Morales			2026-02-24T01:07:04.021Z	StillImage	COORDINATE_ROUNDED;CONTINENT_DERIVED_FROM_COORDINATES;TAXON_ID_NOT_FOUND
5889627605	50c9509d-22c7-4a22-a47d-8c48425ef4a7	https://www.inaturalist.org/observations/324473515	Animalia	Chordata	Squamata		Gekkonidae	Hemidactylus	Hemidactylus turcicus		SPECIES	Hemidactylus turcicus (Linnaeus, 1758)	Hemidactylus turcicus		US		California	PRESENT		28eb1a3f-1c15-4a95-931a-4af90ecb574d	34.14605	-118.747497	7.0						2025-10-28T19:14:29	28	10	2025	5221528	5221528	HUMAN_OBSERVATION	iNaturalist	Observations	324473515		pootishedj	2025-11-02T08:13:12	CC_BY_NC_4_0	pootishedj	pootishedj			2026-02-23T22:49:08.453Z	StillImage	COORDINATE_ROUNDED;CONTINENT_DERIVED_FROM_COORDINATES;TAXON_ID_NOT_FOUND
5889517646	50c9509d-22c7-4a22-a47d-8c48425ef4a7	https://www.inaturalist.org/observations/323939643	Animalia	Chordata	Squamata		Gekkonidae	Hemidactylus	Hemidactylus turcicus		SPECIES	Hemidactylus turcicus (Linnaeus, 1758)	Hemidactylus turcicus		US		California	PRESENT		28eb1a3f-1c15-4a95-931a-4af90ecb574d	34.104043	-116.43431							2025-10-17T13:42:08	17	10	2025	5221528	5221528	HUMAN_OBSERVATION	iNaturalist	Observations	323939643		Daitarih Osborn	2025-10-30T03:16:53	CC_BY_NC_4_0	respent	respent			2026-02-24T00:00:33.567Z	StillImage	COORDINATE_ROUNDED;CONTINENT_DERIVED_FROM_COORDINATES;TAXON_ID_NOT_FOUND
5889435144	50c9509d-22c7-4a22-a47d-8c48425ef4a7	https://www.inaturalist.org/observations/323677235	Animalia	Chordata	Squamata		Gekkonidae	Hemidactylus	Hemidactylus turcicus		SPECIES	Hemidactylus turcicus (Linnaeus, 1758)	Hemidactylus turcicus		US		California	PRESENT		28eb1a3f-1c15-4a95-931a-4af90ecb574d	33.986092	-117.426658	3.0						2025-10-25T22:35:17	25	10	2025	5221528	5221528	HUMAN_OBSERVATION	iNaturalist	Observations	323677235		Jacob Morales	2025-10-28T16:38:44	CC_BY_NC_4_0	Jacob Morales	Jacob Morales			2026-02-23T22:48:58.810Z	StillImage	COORDINATE_ROUNDED;CONTINENT_DERIVED_FROM_COORDINATES;TAXON_ID_NOT_FOUND
5889328607	50c9509d-22c7-4a22-a47d-8c48425ef4a7	https://www.inaturalist.org/observations/324055145	Animalia	Chordata	Squamata		Gekkonidae	Hemidactylus	Hemidactylus turcicus		SPECIES	Hemidactylus turcicus (Linnaeus, 1758)	Hemidactylus turcicus		US		California	PRESENT		28eb1a3f-1c15-4a95-931a-4af90ecb574d	33.986113	-117.42662	12.0						2025-10-29T22:56:17	29	10	2025	5221528	5221528	HUMAN_OBSERVATION	iNaturalist	Observations	324055145		Jacob Morales	2025-10-30T21:56:08	CC_BY_NC_4_0	Jacob Morales	Jacob Morales			2026-02-24T00:00:35.389Z	StillImage	COORDINATE_ROUNDED;CONTINENT_DERIVED_FROM_COORDINATES;TAXON_ID_NOT_FOUND
5889267212	50c9509d-22c7-4a22-a47d-8c48425ef4a7	https://www.inaturalist.org/observations/323676279	Animalia	Chordata	Squamata		Gekkonidae	Hemidactylus	Hemidactylus turcicus		SPECIES	Hemidactylus turcicus (Linnaeus, 1758)	Hemidactylus turcicus		US		California	PRESENT		28eb1a3f-1c15-4a95-931a-4af90ecb574d	33.98603	-117.426567	4.0						2025-10-24T19:58:50	24	10	2025	5221528	5221528	HUMAN_OBSERVATION	iNaturalist	Observations	323676279		Jacob Morales	2025-10-28T16:32:05	CC_BY_NC_4_0	Jacob Morales	Jacob Morales			2026-02-24T01:07:00.539Z	StillImage	COORDINATE_ROUNDED;CONTINENT_DERIVED_FROM_COORDINATES;TAXON_ID_NOT_FOUND
5889266718	50c9509d-22c7-4a22-a47d-8c48425ef4a7	https://www.inaturalist.org/observations/322878637	Animalia	Chordata	Squamata		Gekkonidae	Hemidactylus	Hemidactylus turcicus		SPECIES	Hemidactylus turcicus (Linnaeus, 1758)	Hemidactylus turcicus		US		California	PRESENT		28eb1a3f-1c15-4a95-931a-4af90ecb574d	34.157777	-117.740772	28874.0						2025-10-24T19:16:36	24	10	2025	5221528	5221528	HUMAN_OBSERVATION	iNaturalist	Observations	322878637		yoshiyahu7	2025-10-25T02:19:37	CC_BY_NC_4_0	yoshiyahu7	yoshiyahu7			2026-02-24T01:06:51.812Z	StillImage	COORDINATE_ROUNDED;CONTINENT_DERIVED_FROM_COORDINATES;TAXON_ID_NOT_FOUND
5889261055	50c9509d-22c7-4a22-a47d-8c48425ef4a7	https://www.inaturalist.org/observations/323677949	Animalia	Chordata	Squamata		Gekkonidae	Hemidactylus	Hemidactylus turcicus		SPECIES	Hemidactylus turcicus (Linnaeus, 1758)	Hemidactylus turcicus		US		California	PRESENT		28eb1a3f-1c15-4a95-931a-4af90ecb574d	33.986047	-117.42658	3.0						2025-10-26T20:34:04	26	10	2025	5221528	5221528	HUMAN_OBSERVATION	iNaturalist	Observations	323677949		Jacob Morales	2025-10-28T16:42:18	CC_BY_NC_4_0	Jacob Morales	Jacob Morales			2026-02-24T01:06:58.520Z	StillImage	COORDINATE_ROUNDED;CONTINENT_DERIVED_FROM_COORDINATES;TAXON_ID_NOT_FOUND
5889240502	50c9509d-22c7-4a22-a47d-8c48425ef4a7	https://www.inaturalist.org/observations/323680270	Animalia	Chordata	Squamata		Gekkonidae	Hemidactylus	Hemidactylus turcicus		SPECIES	Hemidactylus turcicus (Linnaeus, 1758)	Hemidactylus turcicus		US		California	PRESENT		28eb1a3f-1c15-4a95-931a-4af90ecb574d	33.986028	-117.426605	3.0						2025-10-27T19:37:12	27	10	2025	5221528	5221528	HUMAN_OBSERVATION	iNaturalist	Observations	323680270		Jacob Morales	2025-10-28T16:58:08	CC_BY_NC_4_0	Jacob Morales	Jacob Morales			2026-02-24T01:06:59.109Z	StillImage	COORDINATE_ROUNDED;CONTINENT_DERIVED_FROM_COORDINATES;TAXON_ID_NOT_FOUND
5868378979	50c9509d-22c7-4a22-a47d-8c48425ef4a7	https://www.inaturalist.org/observations/321981485	Animalia	Chordata	Squamata		Gekkonidae	Hemidactylus	Hemidactylus turcicus		SPECIES	Hemidactylus turcicus (Linnaeus, 1758)	Hemidactylus turcicus		US		California	PRESENT		28eb1a3f-1c15-4a95-931a-4af90ecb574d	32.687311	-115.474148	18.0						2025-10-19T19:56:23	19	10	2025	5221528	5221528	HUMAN_OBSERVATION	iNaturalist	Observations	321981485		Andre Gomez	2025-10-20T02:56:41	CC_BY_NC_4_0	Andre Gomez	Andre Gomez			2026-02-23T22:48:47.167Z	StillImage	COORDINATE_ROUNDED;CONTINENT_DERIVED_FROM_COORDINATES;TAXON_ID_NOT_FOUND
5868348874	50c9509d-22c7-4a22-a47d-8c48425ef4a7	https://www.inaturalist.org/observations/321452847	Animalia	Chordata	Squamata		Gekkonidae	Hemidactylus	Hemidactylus turcicus		SPECIES	Hemidactylus turcicus (Linnaeus, 1758)	Hemidactylus turcicus		US		California	PRESENT		28eb1a3f-1c15-4a95-931a-4af90ecb574d	33.834287	-116.464455	16.0						2025-10-07T19:51:56	7	10	2025	5221528	5221528	HUMAN_OBSERVATION	iNaturalist	Observations	321452847		Rhay Flores	2025-10-17T18:06:39	CC_BY_NC_4_0	Rhay Flores	Rhay Flores			2026-02-23T22:48:42.417Z	StillImage	COORDINATE_ROUNDED;CONTINENT_DERIVED_FROM_COORDINATES;TAXON_ID_NOT_FOUND
5868202106	50c9509d-22c7-4a22-a47d-8c48425ef4a7	https://www.inaturalist.org/observations/321981045	Animalia	Chordata	Squamata		Gekkonidae	Hemidactylus	Hemidactylus turcicus		SPECIES	Hemidactylus turcicus (Linnaeus, 1758)	Hemidactylus turcicus		US		California	PRESENT		28eb1a3f-1c15-4a95-931a-4af90ecb574d	34.149447	-117.843645	4.0						2025-10-19T19:46:30	19	10	2025	5221528	5221528	HUMAN_OBSERVATION	iNaturalist	Observations	321981045		gavitp	2025-10-20T02:53:03	CC_BY_NC_4_0	gavitp	gavitp			2026-02-23T22:48:41.617Z	StillImage	COORDINATE_ROUNDED;CONTINENT_DERIVED_FROM_COORDINATES;TAXON_ID_NOT_FOUND
5868188523	50c9509d-22c7-4a22-a47d-8c48425ef4a7	https://www.inaturalist.org/observations/321148524	Animalia	Chordata	Squamata		Gekkonidae	Hemidactylus	Hemidactylus turcicus		SPECIES	Hemidactylus turcicus (Linnaeus, 1758)	Hemidactylus turcicus		US		California	PRESENT		28eb1a3f-1c15-4a95-931a-4af90ecb574d	33.712139	-116.237455	4.0						2025-10-08T19:00:56	8	10	2025	5221528	5221528	HUMAN_OBSERVATION	iNaturalist	Observations	321148524		linar27	2025-10-16T01:18:57	CC_BY_NC_4_0	linar27	linar27			2026-02-23T22:48:35.403Z	StillImage	COORDINATE_ROUNDED;CONTINENT_DERIVED_FROM_COORDINATES;TAXON_ID_NOT_FOUND
5867976627	50c9509d-22c7-4a22-a47d-8c48425ef4a7	https://www.inaturalist.org/observations/321350077	Animalia	Chordata	Squamata		Gekkonidae	Hemidactylus	Hemidactylus turcicus		SPECIES	Hemidactylus turcicus (Linnaeus, 1758)	Hemidactylus turcicus		US		California	PRESENT		28eb1a3f-1c15-4a95-931a-4af90ecb574d	32.664278	-117.092512	29066.0						2025-10-16T20:18:04	16	10	2025	5221528	5221528	HUMAN_OBSERVATION	iNaturalist	Observations	321350077		erikplants	2025-10-17T03:32:37	CC_BY_NC_4_0	erikplants	erikplants			2026-02-24T01:06:31.361Z	StillImage	COORDINATE_ROUNDED;CONTINENT_DERIVED_FROM_COORDINATES;TAXON_ID_NOT_FOUND
5867839798	50c9509d-22c7-4a22-a47d-8c48425ef4a7	https://www.inaturalist.org/observations/322169192	Animalia	Chordata	Squamata		Gekkonidae	Hemidactylus	Hemidactylus turcicus		SPECIES	Hemidactylus turcicus (Linnaeus, 1758)	Hemidactylus turcicus		US		California	PRESENT		28eb1a3f-1c15-4a95-931a-4af90ecb574d	37.749554	-121.422241	5.0						2025-10-20T20:13:36	20	10	2025	5221528	5221528	HUMAN_OBSERVATION	iNaturalist	Observations	322169192		nacho_cheeze	2025-10-21T03:14:26	CC_BY_NC_4_0	nacho_cheeze	nacho_cheeze			2026-02-24T00:00:10.501Z	StillImage	COORDINATE_ROUNDED;CONTINENT_DERIVED_FROM_COORDINATES;TAXON_ID_NOT_FOUND
5844487372	50c9509d-22c7-4a22-a47d-8c48425ef4a7	https://www.inaturalist.org/observations/319610953	Animalia	Chordata	Squamata		Gekkonidae	Hemidactylus	Hemidactylus turcicus		SPECIES	Hemidactylus turcicus (Linnaeus, 1758)	Hemidactylus turcicus		US		California	PRESENT		28eb1a3f-1c15-4a95-931a-4af90ecb574d	33.924824	-117.59952	28902.0						2025-09-23T21:46	23	9	2025	5221528	5221528	HUMAN_OBSERVATION	iNaturalist	Observations	319610953		NHMLA Community Science Program	2025-10-08T18:23:09	CC_BY_NC_4_0	NHMLA Community Science Program	NHMLA Community Science Program			2026-02-23T22:59:43.430Z	StillImage	COORDINATE_ROUNDED;CONTINENT_DERIVED_FROM_COORDINATES;TAXON_ID_NOT_FOUND
5843955222	50c9509d-22c7-4a22-a47d-8c48425ef4a7	https://www.inaturalist.org/observations/320449728	Animalia	Chordata	Squamata		Gekkonidae	Hemidactylus	Hemidactylus turcicus		SPECIES	Hemidactylus turcicus (Linnaeus, 1758)	Hemidactylus turcicus		US		California	PRESENT		28eb1a3f-1c15-4a95-931a-4af90ecb574d	32.792613	-117.100089	3.0						2025-10-11T21:02:43	11	10	2025	5221528	5221528	HUMAN_OBSERVATION	iNaturalist	Observations	320449728		doc-brock	2025-10-12T17:29:35	CC_BY_NC_4_0	doc-brock	doc-brock			2026-02-24T01:06:21.597Z	StillImage	COORDINATE_ROUNDED;CONTINENT_DERIVED_FROM_COORDINATES;TAXON_ID_NOT_FOUND
5840019832	50c9509d-22c7-4a22-a47d-8c48425ef4a7	https://www.inaturalist.org/observations/319139306	Animalia	Chordata	Squamata		Gekkonidae	Hemidactylus	Hemidactylus turcicus		SPECIES	Hemidactylus turcicus (Linnaeus, 1758)	Hemidactylus turcicus		US		California	PRESENT		28eb1a3f-1c15-4a95-931a-4af90ecb574d	33.929897	-117.965553	6.0						2025-10-06T07:05:35	6	10	2025	5221528	5221528	HUMAN_OBSERVATION	iNaturalist	Observations	319139306		nmoorhatch	2025-10-06T14:06:19	CC_BY_4_0	nmoorhatch	nmoorhatch			2026-02-23T22:48:18.678Z	StillImage	COORDINATE_ROUNDED;CONTINENT_DERIVED_FROM_COORDINATES;TAXON_ID_NOT_FOUND
5839805669	50c9509d-22c7-4a22-a47d-8c48425ef4a7	https://www.inaturalist.org/observations/318216626	Animalia	Chordata	Squamata		Gekkonidae	Hemidactylus	Hemidactylus turcicus		SPECIES	Hemidactylus turcicus (Linnaeus, 1758)	Hemidactylus turcicus		US		California	PRESENT		28eb1a3f-1c15-4a95-931a-4af90ecb574d	33.17823	-115.615308	110.0						2025-09-14T12:12:55	14	9	2025	5221528	5221528	HUMAN_OBSERVATION	iNaturalist	Observations	318216626		Justine Lang	2025-10-02T15:51:58	CC_BY_NC_4_0	Justine Lang	Justine Lang			2026-02-24T01:06:00.679Z	StillImage	COORDINATE_ROUNDED;CONTINENT_DERIVED_FROM_COORDINATES;TAXON_ID_NOT_FOUND
5838381364	50c9509d-22c7-4a22-a47d-8c48425ef4a7	https://www.inaturalist.org/observations/316657054	Animalia	Chordata	Squamata		Gekkonidae	Hemidactylus	Hemidactylus turcicus		SPECIES	Hemidactylus turcicus (Linnaeus, 1758)	Hemidactylus turcicus		US		California	PRESENT		28eb1a3f-1c15-4a95-931a-4af90ecb574d	32.732353	-117.152794	12.0						2025-09-25T20:20:19	25	9	2025	5221528	5221528	HUMAN_OBSERVATION	iNaturalist	Observations	316657054		doc-brock	2025-09-26T03:23:35	CC_BY_NC_4_0	doc-brock	doc-brock			2026-02-23T23:58:55.544Z	StillImage	COORDINATE_ROUNDED;CONTINENT_DERIVED_FROM_COORDINATES;TAXON_ID_NOT_FOUND
5838360459	50c9509d-22c7-4a22-a47d-8c48425ef4a7	https://www.inaturalist.org/observations/295312750	Animalia	Chordata	Squamata		Gekkonidae	Hemidactylus	Hemidactylus turcicus		SPECIES	Hemidactylus turcicus (Linnaeus, 1758)	Hemidactylus turcicus		US		California	PRESENT		28eb1a3f-1c15-4a95-931a-4af90ecb574d	34.864369	-118.163307	6864.0						2025-07-04T22:39:17	4	7	2025	5221528	5221528	HUMAN_OBSERVATION	iNaturalist	Observations	295312750		Toma Bryant	2025-07-10T01:29:38	CC_BY_NC_4_0	theshadow	theshadow			2026-02-23T23:53:44.226Z	StillImage	COORDINATE_ROUNDED;CONTINENT_DERIVED_FROM_COORDINATES;TAXON_ID_NOT_FOUND
5838355073	50c9509d-22c7-4a22-a47d-8c48425ef4a7	https://www.inaturalist.org/observations/316665846	Animalia	Chordata	Squamata		Gekkonidae	Hemidactylus	Hemidactylus turcicus		SPECIES	Hemidactylus turcicus (Linnaeus, 1758)	Hemidactylus turcicus		US		California	PRESENT		28eb1a3f-1c15-4a95-931a-4af90ecb574d	32.792605	-117.0914	7.0						2025-09-25T21:24:20	25	9	2025	5221528	5221528	HUMAN_OBSERVATION	iNaturalist	Observations	316665846		doc-brock	2025-09-26T04:49:31	CC_BY_NC_4_0	doc-brock	doc-brock			2026-02-23T23:58:55.294Z	StillImage	CONTINENT_DERIVED_FROM_COORDINATES;TAXON_ID_NOT_FOUND
5838347454	50c9509d-22c7-4a22-a47d-8c48425ef4a7	https://www.inaturalist.org/observations/317145625	Animalia	Chordata	Squamata		Gekkonidae	Hemidactylus	Hemidactylus turcicus		SPECIES	Hemidactylus turcicus (Linnaeus, 1758)	Hemidactylus turcicus		US		California	PRESENT		28eb1a3f-1c15-4a95-931a-4af90ecb574d	33.932005	-117.956558	3.0						2025-09-27T18:51:21	27	9	2025	5221528	5221528	HUMAN_OBSERVATION	iNaturalist	Observations	317145625		Jesse Rorabaugh	2025-09-28T01:53:35	CC0_1_0	Jesse Rorabaugh	Jesse Rorabaugh			2026-02-24T01:05:45.867Z	StillImage	COORDINATE_ROUNDED;CONTINENT_DERIVED_FROM_COORDINATES;TAXON_ID_NOT_FOUND
5838321306	50c9509d-22c7-4a22-a47d-8c48425ef4a7	https://www.inaturalist.org/observations/316404051	Animalia	Chordata	Squamata		Gekkonidae	Hemidactylus	Hemidactylus turcicus		SPECIES	Hemidactylus turcicus (Linnaeus, 1758)	Hemidactylus turcicus		US		California	PRESENT		28eb1a3f-1c15-4a95-931a-4af90ecb574d	34.392747	-118.557067	11.0						2025-09-15T22:16:04	15	9	2025	5221528	5221528	HUMAN_OBSERVATION	iNaturalist	Observations	316404051		Noah Uno	2025-09-24T23:34:52	CC_BY_NC_4_0	Noah Uno	Noah Uno			2026-02-23T22:47:57.353Z	StillImage	COORDINATE_ROUNDED;CONTINENT_DERIVED_FROM_COORDINATES;TAXON_ID_NOT_FOUND
5838269626	50c9509d-22c7-4a22-a47d-8c48425ef4a7	https://www.inaturalist.org/observations/316665900	Animalia	Chordata	Squamata		Gekkonidae	Hemidactylus	Hemidactylus turcicus		SPECIES	Hemidactylus turcicus (Linnaeus, 1758)	Hemidactylus turcicus		US		California	PRESENT		28eb1a3f-1c15-4a95-931a-4af90ecb574d	32.79288	-117.091308	3.0						2025-09-25T21:25:43	25	9	2025	5221528	5221528	HUMAN_OBSERVATION	iNaturalist	Observations	316665900		doc-brock	2025-09-26T04:50:15	CC_BY_NC_4_0	doc-brock	doc-brock			2026-02-23T22:47:54.820Z	StillImage	COORDINATE_ROUNDED;CONTINENT_DERIVED_FROM_COORDINATES;TAXON_ID_NOT_FOUND
5838204797	50c9509d-22c7-4a22-a47d-8c48425ef4a7	https://www.inaturalist.org/observations/313184879	Animalia	Chordata	Squamata		Gekkonidae	Hemidactylus	Hemidactylus turcicus		SPECIES	Hemidactylus turcicus (Linnaeus, 1758)	Hemidactylus turcicus		US		California	PRESENT		28eb1a3f-1c15-4a95-931a-4af90ecb574d	37.33534	-120.452045	5.0						2025-07-09T17:59:25	9	7	2025	5221528	5221528	HUMAN_OBSERVATION	iNaturalist	Observations	313184879		Paul Freed	2025-09-11T20:41:33	CC_BY_NC_4_0	fluffy2025	fluffy2025			2026-02-23T22:47:18.593Z	StillImage	COORDINATE_ROUNDED;CONTINENT_DERIVED_FROM_COORDINATES;TAXON_ID_NOT_FOUND
5838188745	50c9509d-22c7-4a22-a47d-8c48425ef4a7	https://www.inaturalist.org/observations/316659815	Animalia	Chordata	Squamata		Gekkonidae	Hemidactylus	Hemidactylus turcicus		SPECIES	Hemidactylus turcicus (Linnaeus, 1758)	Hemidactylus turcicus		US		California	PRESENT		28eb1a3f-1c15-4a95-931a-4af90ecb574d	32.732078	-117.152717	15.0						2025-09-25T20:45:22	25	9	2025	5221528	5221528	HUMAN_OBSERVATION	iNaturalist	Observations	316659815		doc-brock	2025-09-26T03:48:50	CC_BY_NC_4_0	doc-brock	doc-brock			2026-02-23T22:47:52.278Z	StillImage	COORDINATE_ROUNDED;CONTINENT_DERIVED_FROM_COORDINATES;TAXON_ID_NOT_FOUND
5838009536	50c9509d-22c7-4a22-a47d-8c48425ef4a7	https://www.inaturalist.org/observations/317686963	Animalia	Chordata	Squamata		Gekkonidae	Hemidactylus	Hemidactylus turcicus		SPECIES	Hemidactylus turcicus (Linnaeus, 1758)	Hemidactylus turcicus		US		California	PRESENT		28eb1a3f-1c15-4a95-931a-4af90ecb574d	35.364222	-119.127774	3.0						2025-09-29T20:05:16	29	9	2025	5221528	5221528	HUMAN_OBSERVATION	iNaturalist	Observations	317686963		owenthebug	2025-09-30T03:05:30	CC_BY_NC_4_0	owenthebug	owenthebug			2026-02-23T23:59:09.759Z	StillImage	COORDINATE_ROUNDED;CONTINENT_DERIVED_FROM_COORDINATES;TAXON_ID_NOT_FOUND
5837961991	50c9509d-22c7-4a22-a47d-8c48425ef4a7	https://www.inaturalist.org/observations/313187547	Animalia	Chordata	Squamata		Gekkonidae	Hemidactylus	Hemidactylus turcicus		SPECIES	Hemidactylus turcicus (Linnaeus, 1758)	Hemidactylus turcicus		US		California	PRESENT		28eb1a3f-1c15-4a95-931a-4af90ecb574d	34.055028	-117.189125							2025-09-11T13:30:45	11	9	2025	5221528	5221528	HUMAN_OBSERVATION	iNaturalist	Observations	313187547		jasbill	2025-09-11T20:35:16	CC_BY_NC_4_0	jasbill	jasbill			2026-02-23T23:58:08.671Z	StillImage	COORDINATE_ROUNDED;CONTINENT_DERIVED_FROM_COORDINATES;TAXON_ID_NOT_FOUND
5837957046	50c9509d-22c7-4a22-a47d-8c48425ef4a7	https://www.inaturalist.org/observations/314744182	Animalia	Chordata	Squamata		Gekkonidae	Hemidactylus	Hemidactylus turcicus		SPECIES	Hemidactylus turcicus (Linnaeus, 1758)	Hemidactylus turcicus		US		California	PRESENT		28eb1a3f-1c15-4a95-931a-4af90ecb574d	35.40266	-119.114182	17.0						2025-09-18T00:49:07	18	9	2025	5221528	5221528	HUMAN_OBSERVATION	iNaturalist	Observations	314744182		Noah S	2025-09-18T07:51:29	CC_BY_NC_4_0	Noah S	Noah S			2026-02-23T22:47:31.253Z	StillImage	COORDINATE_ROUNDED;CONTINENT_DERIVED_FROM_COORDINATES;TAXON_ID_NOT_FOUND
5837840822	50c9509d-22c7-4a22-a47d-8c48425ef4a7	https://www.inaturalist.org/observations/316659769	Animalia	Chordata	Squamata		Gekkonidae	Hemidactylus	Hemidactylus turcicus		SPECIES	Hemidactylus turcicus (Linnaeus, 1758)	Hemidactylus turcicus		US		California	PRESENT		28eb1a3f-1c15-4a95-931a-4af90ecb574d	32.732197	-117.152686	3.0						2025-09-25T20:44:33	25	9	2025	5221528	5221528	HUMAN_OBSERVATION	iNaturalist	Observations	316659769		doc-brock	2025-09-26T03:48:28	CC_BY_NC_4_0	doc-brock	doc-brock			2026-02-24T01:05:38.494Z	StillImage	COORDINATE_ROUNDED;CONTINENT_DERIVED_FROM_COORDINATES;TAXON_ID_NOT_FOUND
5837771418	50c9509d-22c7-4a22-a47d-8c48425ef4a7	https://www.inaturalist.org/observations/316909926	Animalia	Chordata	Squamata		Gekkonidae	Hemidactylus	Hemidactylus turcicus		SPECIES	Hemidactylus turcicus (Linnaeus, 1758)	Hemidactylus turcicus		US		California	PRESENT		28eb1a3f-1c15-4a95-931a-4af90ecb574d	33.709945	-116.301675	5.0						2025-09-26T23:10:53	26	9	2025	5221528	5221528	HUMAN_OBSERVATION	iNaturalist	Observations	316909926		thenewtking	2025-09-27T06:59:56	CC_BY_NC_4_0	thenewtking	thenewtking			2026-02-23T23:58:58.310Z	StillImage	CONTINENT_DERIVED_FROM_COORDINATES;TAXON_ID_NOT_FOUND
5837736748	50c9509d-22c7-4a22-a47d-8c48425ef4a7	https://www.inaturalist.org/observations/314805913	Animalia	Chordata	Squamata		Gekkonidae	Hemidactylus	Hemidactylus turcicus		SPECIES	Hemidactylus turcicus (Linnaeus, 1758)	Hemidactylus turcicus		US		California	PRESENT		28eb1a3f-1c15-4a95-931a-4af90ecb574d	32.731409	-117.152464	10.0						2025-09-18T07:45:46	18	9	2025	5221528	5221528	HUMAN_OBSERVATION	iNaturalist	Observations	314805913		Tristan Niles	2025-09-18T15:11:32	CC_BY_NC_4_0	Tristan Niles	Tristan Niles			2026-02-23T23:58:32.692Z	StillImage	COORDINATE_ROUNDED;CONTINENT_DERIVED_FROM_COORDINATES;TAXON_ID_NOT_FOUND
5830821480	50c9509d-22c7-4a22-a47d-8c48425ef4a7	https://www.inaturalist.org/observations/315392575	Animalia	Chordata	Squamata		Gekkonidae	Hemidactylus	Hemidactylus turcicus		SPECIES	Hemidactylus turcicus (Linnaeus, 1758)	Hemidactylus turcicus		US		California	PRESENT		28eb1a3f-1c15-4a95-931a-4af90ecb574d	33.84513	-116.456859	28902.0						2025-09-16T21:30	16	9	2025	5221528	5221528	HUMAN_OBSERVATION	iNaturalist	Observations	315392575		sire2000	2025-09-21T00:19:44	CC_BY_NC_4_0	sire2000	sire2000			2026-02-23T22:47:41.017Z	StillImage	COORDINATE_ROUNDED;CONTINENT_DERIVED_FROM_COORDINATES;TAXON_ID_NOT_FOUND
5830706398	50c9509d-22c7-4a22-a47d-8c48425ef4a7	https://www.inaturalist.org/observations/315322343	Animalia	Chordata	Squamata		Gekkonidae	Hemidactylus	Hemidactylus turcicus		SPECIES	Hemidactylus turcicus (Linnaeus, 1758)	Hemidactylus turcicus		US		California	PRESENT		28eb1a3f-1c15-4a95-931a-4af90ecb574d	34.066607	-117.632087	12.0						2025-09-20T12:25	20	9	2025	5221528	5221528	HUMAN_OBSERVATION	iNaturalist	Observations	315322343		Lexy ✮⋆˙	2025-09-20T19:25:25	CC_BY_NC_4_0	Lexy ✮⋆˙	Lexy ✮⋆˙			2026-02-23T22:47:34.308Z	StillImage	COORDINATE_ROUNDED;CONTINENT_DERIVED_FROM_COORDINATES;TAXON_ID_NOT_FOUND
5830688918	50c9509d-22c7-4a22-a47d-8c48425ef4a7	https://www.inaturalist.org/observations/316113717	Animalia	Chordata	Squamata		Gekkonidae	Hemidactylus	Hemidactylus turcicus		SPECIES	Hemidactylus turcicus (Linnaeus, 1758)	Hemidactylus turcicus		US		California	PRESENT		28eb1a3f-1c15-4a95-931a-4af90ecb574d	34.136049	-117.566301	68.0						2025-09-22T20:04:34	22	9	2025	5221528	5221528	HUMAN_OBSERVATION	iNaturalist	Observations	316113717		Vincent Rusler	2025-09-23T18:56:32	CC_BY_NC_4_0	Vincent Rusler	Vincent Rusler			2026-02-23T22:47:45.069Z	StillImage	COORDINATE_ROUNDED;CONTINENT_DERIVED_FROM_COORDINATES;TAXON_ID_NOT_FOUND
5830679335	50c9509d-22c7-4a22-a47d-8c48425ef4a7	https://www.inaturalist.org/observations/311923795	Animalia	Chordata	Squamata		Gekkonidae	Hemidactylus	Hemidactylus turcicus		SPECIES	Hemidactylus turcicus (Linnaeus, 1758)	Hemidactylus turcicus		US		California	PRESENT		28eb1a3f-1c15-4a95-931a-4af90ecb574d	32.837579	-116.975484	27.0						2023-06-30T21:19:16	30	6	2023	5221528	5221528	HUMAN_OBSERVATION	iNaturalist	Observations	311923795		Luis Cuarao	2025-09-06T14:27:25	CC_BY_NC_4_0	Luis Cuarao	Luis Cuarao			2026-02-23T22:47:04.374Z	StillImage	COORDINATE_ROUNDED;CONTINENT_DERIVED_FROM_COORDINATES;TAXON_ID_NOT_FOUND
5830504190	50c9509d-22c7-4a22-a47d-8c48425ef4a7	https://www.inaturalist.org/observations/315989019	Animalia	Chordata	Squamata		Gekkonidae	Hemidactylus	Hemidactylus turcicus		SPECIES	Hemidactylus turcicus (Linnaeus, 1758)	Hemidactylus turcicus		US		California	PRESENT		28eb1a3f-1c15-4a95-931a-4af90ecb574d	34.274422	-118.788047	15.0						2025-09-22T20:41:32	22	9	2025	5221528	5221528	HUMAN_OBSERVATION	iNaturalist	Observations	315989019		pootishedj	2025-09-23T06:31:50	CC_BY_NC_4_0	pootishedj	pootishedj			2026-02-23T22:47:44.495Z	StillImage	COORDINATE_ROUNDED;CONTINENT_DERIVED_FROM_COORDINATES;TAXON_ID_NOT_FOUND
5830338199	50c9509d-22c7-4a22-a47d-8c48425ef4a7	https://www.inaturalist.org/observations/314503228	Animalia	Chordata	Squamata		Gekkonidae	Hemidactylus	Hemidactylus turcicus		SPECIES	Hemidactylus turcicus (Linnaeus, 1758)	Hemidactylus turcicus		US		California	PRESENT		28eb1a3f-1c15-4a95-931a-4af90ecb574d	33.994655	-117.352325	17859.0						2025-09-16T22:42:01	16	9	2025	5221528	5221528	HUMAN_OBSERVATION	iNaturalist	Observations	314503228		Lily L	2025-09-17T03:54:33	CC_BY_NC_4_0	Lily L	Lily L			2026-02-23T22:47:33.140Z	StillImage	COORDINATE_ROUNDED;CONTINENT_DERIVED_FROM_COORDINATES;TAXON_ID_NOT_FOUND
5828895016	50c9509d-22c7-4a22-a47d-8c48425ef4a7	https://www.inaturalist.org/observations/314271611	Animalia	Chordata	Squamata		Gekkonidae	Hemidactylus	Hemidactylus turcicus		SPECIES	Hemidactylus turcicus (Linnaeus, 1758)	Hemidactylus turcicus		US		California	PRESENT		28eb1a3f-1c15-4a95-931a-4af90ecb574d	34.880277	-116.998074	9.0						2025-09-15T21:08:37	15	9	2025	5221528	5221528	HUMAN_OBSERVATION	iNaturalist	Observations	314271611		anastasius_n	2025-09-16T04:09:01	CC_BY_NC_4_0	anastasius_n	anastasius_n			2026-02-23T22:47:38.303Z	StillImage	COORDINATE_ROUNDED;CONTINENT_DERIVED_FROM_COORDINATES;TAXON_ID_NOT_FOUND
5828820139	50c9509d-22c7-4a22-a47d-8c48425ef4a7	https://www.inaturalist.org/observations/307863924	Animalia	Chordata	Squamata		Gekkonidae	Hemidactylus	Hemidactylus turcicus		SPECIES	Hemidactylus turcicus (Linnaeus, 1758)	Hemidactylus turcicus		US		California	PRESENT		28eb1a3f-1c15-4a95-931a-4af90ecb574d	33.814325	-116.542715							2023-06-30T15:39:17	30	6	2023	5221528	5221528	HUMAN_OBSERVATION	iNaturalist	Observations	307863924		Tony Iwane	2025-08-21T15:28:04	CC_BY_NC_4_0	Karla Aguilar	Karla Aguilar			2026-02-23T23:56:52.863Z	StillImage	COORDINATE_ROUNDED;CONTINENT_DERIVED_FROM_COORDINATES;TAXON_ID_NOT_FOUND
5828331413	50c9509d-22c7-4a22-a47d-8c48425ef4a7	https://www.inaturalist.org/observations/311317346	Animalia	Chordata	Squamata		Gekkonidae	Hemidactylus	Hemidactylus turcicus		SPECIES	Hemidactylus turcicus (Linnaeus, 1758)	Hemidactylus turcicus		US		California	PRESENT		28eb1a3f-1c15-4a95-931a-4af90ecb574d	34.100631	-117.061921	28874.0						2025-08-31T09:32:08	31	8	2025	5221528	5221528	HUMAN_OBSERVATION	iNaturalist	Observations	311317346		Eric Schniter	2025-09-03T19:37:12	CC_BY_4_0	Eric Schniter	Eric Schniter			2026-02-24T01:04:35.916Z		COORDINATE_ROUNDED;CONTINENT_DERIVED_FROM_COORDINATES;TAXON_ID_NOT_FOUND
5828319848	50c9509d-22c7-4a22-a47d-8c48425ef4a7	https://www.inaturalist.org/observations/314031810	Animalia	Chordata	Squamata		Gekkonidae	Hemidactylus	Hemidactylus turcicus		SPECIES	Hemidactylus turcicus (Linnaeus, 1758)	Hemidactylus turcicus		US		California	PRESENT		28eb1a3f-1c15-4a95-931a-4af90ecb574d	36.786849	-119.792453	9352.0						2025-09-14T20:21:26	14	9	2025	5221528	5221528	HUMAN_OBSERVATION	iNaturalist	Observations	314031810		thekrysten	2025-09-15T03:24:13	CC_BY_NC_4_0	thekrysten	thekrysten			2026-02-23T23:58:19.506Z	StillImage	CONTINENT_DERIVED_FROM_COORDINATES;TAXON_ID_NOT_FOUND
5828293579	50c9509d-22c7-4a22-a47d-8c48425ef4a7	https://www.inaturalist.org/observations/311801426	Animalia	Chordata	Squamata		Gekkonidae	Hemidactylus	Hemidactylus turcicus		SPECIES	Hemidactylus turcicus (Linnaeus, 1758)	Hemidactylus turcicus		US		California	PRESENT		28eb1a3f-1c15-4a95-931a-4af90ecb574d	33.71078	-116.383225	2.0						2025-09-05T15:46:39	5	9	2025	5221528	5221528	HUMAN_OBSERVATION	iNaturalist	Observations	311801426		desertjules	2025-09-05T23:16:30	CC_BY_NC_4_0	desertjules	desertjules			2026-02-23T22:46:57.098Z	StillImage	CONTINENT_DERIVED_FROM_COORDINATES;TAXON_ID_NOT_FOUND
5827869481	50c9509d-22c7-4a22-a47d-8c48425ef4a7	https://www.inaturalist.org/observations/307668478	Animalia	Chordata	Squamata		Gekkonidae	Hemidactylus	Hemidactylus turcicus		SPECIES	Hemidactylus turcicus (Linnaeus, 1758)	Hemidactylus turcicus		US		California	PRESENT		28eb1a3f-1c15-4a95-931a-4af90ecb574d	35.402668	-119.11414	3.0						2025-08-18T21:17:02	18	8	2025	5221528	5221528	HUMAN_OBSERVATION	iNaturalist	Observations	307668478		camib3	2025-09-01T22:39:48	CC_BY_NC_4_0	Noah S	Noah S			2026-02-23T23:56:53.262Z	StillImage	COORDINATE_ROUNDED;CONTINENT_DERIVED_FROM_COORDINATES;TAXON_ID_NOT_FOUND
5827833332	50c9509d-22c7-4a22-a47d-8c48425ef4a7	https://www.inaturalist.org/observations/311800893	Animalia	Chordata	Squamata		Gekkonidae	Hemidactylus	Hemidactylus turcicus		SPECIES	Hemidactylus turcicus (Linnaeus, 1758)	Hemidactylus turcicus		US		California	PRESENT		28eb1a3f-1c15-4a95-931a-4af90ecb574d	33.661072	-116.318145	2.0						2025-09-03T15:54:39	3	9	2025	5221528	5221528	HUMAN_OBSERVATION	iNaturalist	Observations	311800893		Cathy Wiley	2025-09-05T23:13:59	CC_BY_NC_4_0	Cathy Wiley	Cathy Wiley			2026-02-23T22:47:19.583Z	StillImage	COORDINATE_ROUNDED;CONTINENT_DERIVED_FROM_COORDINATES;TAXON_ID_NOT_FOUND
5827800235	50c9509d-22c7-4a22-a47d-8c48425ef4a7	https://www.inaturalist.org/observations/267472770	Animalia	Chordata	Squamata		Gekkonidae	Hemidactylus	Hemidactylus turcicus		SPECIES	Hemidactylus turcicus (Linnaeus, 1758)	Hemidactylus turcicus		US		California	PRESENT		28eb1a3f-1c15-4a95-931a-4af90ecb574d	32.857517	-116.96979	171.0						2025-03-22T19:00:59	22	3	2025	5221528	5221528	HUMAN_OBSERVATION	iNaturalist	Observations	267472770		Daniel R.	2025-03-29T16:18:36	CC_BY_NC_4_0	malissak	malissak			2026-02-24T00:54:57.779Z	StillImage	COORDINATE_ROUNDED;CONTINENT_DERIVED_FROM_COORDINATES;TAXON_ID_NOT_FOUND
5827741291	50c9509d-22c7-4a22-a47d-8c48425ef4a7	https://www.inaturalist.org/observations/314121092	Animalia	Chordata	Squamata		Gekkonidae	Hemidactylus	Hemidactylus turcicus		SPECIES	Hemidactylus turcicus (Linnaeus, 1758)	Hemidactylus turcicus		US		California	PRESENT		28eb1a3f-1c15-4a95-931a-4af90ecb574d	34.054787	-117.263731	16.0						2025-09-15T07:53:54	15	9	2025	5221528	5221528	HUMAN_OBSERVATION	iNaturalist	Observations	314121092		Ken	2025-09-15T14:55:06	CC_BY_NC_4_0	Ken	Ken			2026-02-23T22:47:28.321Z	StillImage	COORDINATE_ROUNDED;CONTINENT_DERIVED_FROM_COORDINATES;TAXON_ID_NOT_FOUND
5827740989	50c9509d-22c7-4a22-a47d-8c48425ef4a7	https://www.inaturalist.org/observations/314037356	Animalia	Chordata	Squamata		Gekkonidae	Hemidactylus	Hemidactylus turcicus		SPECIES	Hemidactylus turcicus (Linnaeus, 1758)	Hemidactylus turcicus		US		California	PRESENT		28eb1a3f-1c15-4a95-931a-4af90ecb574d	34.111933	-117.706445	12.0						2025-09-14T20:45:15	14	9	2025	5221528	5221528	HUMAN_OBSERVATION	iNaturalist	Observations	314037356		Reese Olivia	2025-09-15T04:02:44	CC_BY_NC_4_0	Reese Olivia	Reese Olivia			2026-02-23T23:58:21.519Z	StillImage	COORDINATE_ROUNDED;CONTINENT_DERIVED_FROM_COORDINATES;TAXON_ID_NOT_FOUND
5827633089	50c9509d-22c7-4a22-a47d-8c48425ef4a7	https://www.inaturalist.org/observations/311505961	Animalia	Chordata	Squamata		Gekkonidae	Hemidactylus	Hemidactylus turcicus		SPECIES	Hemidactylus turcicus (Linnaeus, 1758)	Hemidactylus turcicus		US		California	PRESENT		28eb1a3f-1c15-4a95-931a-4af90ecb574d	36.737798	-119.787125	22827.0						2014-03-02T10:01	2	3	2014	5221528	5221528	HUMAN_OBSERVATION	iNaturalist	Observations	311505961		spadefootatx	2025-09-04T16:51:02	CC_BY_NC_4_0	spadefootatx	spadefootatx			2026-02-24T00:23:03.809Z	StillImage	COORDINATE_ROUNDED;CONTINENT_DERIVED_FROM_COORDINATES;TAXON_ID_NOT_FOUND
5827574035	50c9509d-22c7-4a22-a47d-8c48425ef4a7	https://www.inaturalist.org/observations/311864272	Animalia	Chordata	Squamata		Gekkonidae	Hemidactylus	Hemidactylus turcicus		SPECIES	Hemidactylus turcicus (Linnaeus, 1758)	Hemidactylus turcicus		US		California	PRESENT		28eb1a3f-1c15-4a95-931a-4af90ecb574d	34.873456	-117.030625	20.0						2025-09-06T00:11	6	9	2025	5221528	5221528	HUMAN_OBSERVATION	iNaturalist	Observations	311864272		Chris Otahal	2025-09-06T07:15:00	CC_BY_NC_4_0	Chris Otahal	Chris Otahal			2026-02-23T23:57:51.595Z	StillImage	COORDINATE_ROUNDED;CONTINENT_DERIVED_FROM_COORDINATES;TAXON_ID_NOT_FOUND
5827561838	50c9509d-22c7-4a22-a47d-8c48425ef4a7	https://www.inaturalist.org/observations/84939313	Animalia	Chordata	Squamata		Gekkonidae	Hemidactylus	Hemidactylus turcicus		SPECIES	Hemidactylus turcicus (Linnaeus, 1758)	Hemidactylus turcicus		US		California	PRESENT		28eb1a3f-1c15-4a95-931a-4af90ecb574d	32.812162	-116.979795	1523.0						2021-06-28T21:34:48	28	6	2021	5221528	5221528	HUMAN_OBSERVATION	iNaturalist	Observations	84939313		joesjoes20	2023-02-23T10:35:47	CC_BY_NC_4_0	alexg_3	alexg_3			2026-02-23T21:59:41.915Z	StillImage	COORDINATE_ROUNDED;CONTINENT_DERIVED_FROM_COORDINATES;TAXON_ID_NOT_FOUND
5827483588	50c9509d-22c7-4a22-a47d-8c48425ef4a7	https://www.inaturalist.org/observations/312412852	Animalia	Chordata	Squamata		Gekkonidae	Hemidactylus	Hemidactylus turcicus		SPECIES	Hemidactylus turcicus (Linnaeus, 1758)	Hemidactylus turcicus		US		California	PRESENT		28eb1a3f-1c15-4a95-931a-4af90ecb574d	32.814783	-117.044997	5.0						2025-09-08T00:55:23	8	9	2025	5221528	5221528	HUMAN_OBSERVATION	iNaturalist	Observations	312412852		Kristin Sweeney	2025-09-08T08:48:41	CC_BY_NC_4_0	Kristin Sweeney	Kristin Sweeney			2026-02-24T01:04:48.543Z	StillImage	COORDINATE_ROUNDED;CONTINENT_DERIVED_FROM_COORDINATES;TAXON_ID_NOT_FOUND
5761077379	50c9509d-22c7-4a22-a47d-8c48425ef4a7	https://www.inaturalist.org/observations/309881341	Animalia	Chordata	Squamata		Gekkonidae	Hemidactylus	Hemidactylus turcicus		SPECIES	Hemidactylus turcicus (Linnaeus, 1758)	Hemidactylus turcicus		US		California	PRESENT		28eb1a3f-1c15-4a95-931a-4af90ecb574d	32.79237	-117.100327	3.0						2025-08-28T20:42:08	28	8	2025	5221528	5221528	HUMAN_OBSERVATION	iNaturalist	Observations	309881341		samaluka	2025-08-29T03:42:47	CC_BY_NC_4_0	samaluka	samaluka			2026-02-23T22:46:36.679Z	StillImage	COORDINATE_ROUNDED;CONTINENT_DERIVED_FROM_COORDINATES;TAXON_ID_NOT_FOUND
5760938669	50c9509d-22c7-4a22-a47d-8c48425ef4a7	https://www.inaturalist.org/observations/309662536	Animalia	Chordata	Squamata		Gekkonidae	Hemidactylus	Hemidactylus turcicus		SPECIES	Hemidactylus turcicus (Linnaeus, 1758)	Hemidactylus turcicus		US		California	PRESENT		28eb1a3f-1c15-4a95-931a-4af90ecb574d	38.005607	-121.808523	3856.0						2025-08-27T21:03:11	27	8	2025	5221528	5221528	HUMAN_OBSERVATION	iNaturalist	Observations	309662536		zhen (he/him)	2025-08-28T19:21:22	CC_BY_NC_4_0	James	James			2026-02-23T23:57:20.270Z	StillImage	COORDINATE_ROUNDED;CONTINENT_DERIVED_FROM_COORDINATES;TAXON_ID_NOT_FOUND
5760432684	50c9509d-22c7-4a22-a47d-8c48425ef4a7	https://www.inaturalist.org/observations/305928910	Animalia	Chordata	Squamata		Gekkonidae	Hemidactylus	Hemidactylus turcicus		SPECIES	Hemidactylus turcicus (Linnaeus, 1758)	Hemidactylus turcicus		US		California	PRESENT		28eb1a3f-1c15-4a95-931a-4af90ecb574d	36.804263	-119.789663	17.0						2025-08-12T20:11:32	12	8	2025	5221528	5221528	HUMAN_OBSERVATION	iNaturalist	Observations	305928910		mrfrog1168	2025-08-13T03:14:13	CC_BY_NC_4_0	mrfrog1168	mrfrog1168			2026-02-24T01:03:28.310Z	StillImage	COORDINATE_ROUNDED;CONTINENT_DERIVED_FROM_COORDINATES;TAXON_ID_NOT_FOUND
5760104684	50c9509d-22c7-4a22-a47d-8c48425ef4a7	https://www.inaturalist.org/observations/307811695	Animalia	Chordata	Squamata		Gekkonidae	Hemidactylus	Hemidactylus turcicus		SPECIES	Hemidactylus turcicus (Linnaeus, 1758)	Hemidactylus turcicus		US		California	PRESENT		28eb1a3f-1c15-4a95-931a-4af90ecb574d	33.455863	-117.10093	12.0						2025-08-20T12:39:28	20	8	2025	5221528	5221528	HUMAN_OBSERVATION	iNaturalist	Observations	307811695		Erin S	2025-08-20T19:40:59	CC_BY_NC_4_0	Erin S	Erin S			2026-02-23T22:46:15.434Z	StillImage	COORDINATE_ROUNDED;CONTINENT_DERIVED_FROM_COORDINATES;TAXON_ID_NOT_FOUND
5760047257	50c9509d-22c7-4a22-a47d-8c48425ef4a7	https://www.inaturalist.org/observations/309186250	Animalia	Chordata	Squamata		Gekkonidae	Hemidactylus	Hemidactylus turcicus		SPECIES	Hemidactylus turcicus (Linnaeus, 1758)	Hemidactylus turcicus		US		California	PRESENT		28eb1a3f-1c15-4a95-931a-4af90ecb574d	32.814828	-117.046525	20.0						2025-08-25T23:55:39	25	8	2025	5221528	5221528	HUMAN_OBSERVATION	iNaturalist	Observations	309186250		possum_noises	2025-08-26T07:08:16	CC_BY_NC_4_0	Francisco Saroldi-Gonzalez	Francisco Saroldi-Gonzalez			2026-02-23T23:57:16.735Z	StillImage	COORDINATE_ROUNDED;CONTINENT_DERIVED_FROM_COORDINATES;TAXON_ID_NOT_FOUND
5759738080	50c9509d-22c7-4a22-a47d-8c48425ef4a7	https://www.inaturalist.org/observations/309881263	Animalia	Chordata	Squamata		Gekkonidae	Hemidactylus	Hemidactylus turcicus		SPECIES	Hemidactylus turcicus (Linnaeus, 1758)	Hemidactylus turcicus		US		California	PRESENT		28eb1a3f-1c15-4a95-931a-4af90ecb574d	32.792416	-117.10032	9.0						2025-08-28T20:41:27	28	8	2025	5221528	5221528	HUMAN_OBSERVATION	iNaturalist	Observations	309881263		samaluka	2025-08-29T03:41:40	CC_BY_NC_4_0	samaluka	samaluka			2026-02-24T01:04:17.503Z	StillImage	COORDINATE_ROUNDED;CONTINENT_DERIVED_FROM_COORDINATES;TAXON_ID_NOT_FOUND
5759655184	50c9509d-22c7-4a22-a47d-8c48425ef4a7	https://www.inaturalist.org/observations/309950880	Animalia	Chordata	Squamata		Gekkonidae	Hemidactylus	Hemidactylus turcicus		SPECIES	Hemidactylus turcicus (Linnaeus, 1758)	Hemidactylus turcicus		US		California	PRESENT		28eb1a3f-1c15-4a95-931a-4af90ecb574d	36.768805	-119.78874							2025-08-15T03:55:12	15	8	2025	5221528	5221528	HUMAN_OBSERVATION	iNaturalist	Observations	309950880		Ben Machado	2025-08-29T14:32:47	CC_BY_NC_4_0	Richard Danielson	Richard Danielson			2026-02-24T01:04:17.923Z	StillImage	COORDINATE_ROUNDED;CONTINENT_DERIVED_FROM_COORDINATES;TAXON_ID_NOT_FOUND
5759614744	50c9509d-22c7-4a22-a47d-8c48425ef4a7	https://www.inaturalist.org/observations/309009866	Animalia	Chordata	Squamata		Gekkonidae	Hemidactylus	Hemidactylus turcicus		SPECIES	Hemidactylus turcicus (Linnaeus, 1758)	Hemidactylus turcicus		US		California	PRESENT		28eb1a3f-1c15-4a95-931a-4af90ecb574d	33.667253	-116.30397	4.0						2025-08-25T07:45:08	25	8	2025	5221528	5221528	HUMAN_OBSERVATION	iNaturalist	Observations	309009866		Collier Sparks	2025-08-25T14:48:16	CC_BY_NC_4_0	Collier Sparks	Collier Sparks			2026-02-23T23:57:09.501Z	StillImage	COORDINATE_ROUNDED;CONTINENT_DERIVED_FROM_COORDINATES;TAXON_ID_NOT_FOUND
5759606993	50c9509d-22c7-4a22-a47d-8c48425ef4a7	https://www.inaturalist.org/observations/309881152	Animalia	Chordata	Squamata		Gekkonidae	Hemidactylus	Hemidactylus turcicus		SPECIES	Hemidactylus turcicus (Linnaeus, 1758)	Hemidactylus turcicus		US		California	PRESENT		28eb1a3f-1c15-4a95-931a-4af90ecb574d	32.792319	-117.100376	3.0						2025-08-28T20:40:35	28	8	2025	5221528	5221528	HUMAN_OBSERVATION	iNaturalist	Observations	309881152		samaluka	2025-08-29T03:40:49	CC_BY_NC_4_0	samaluka	samaluka			2026-02-23T23:57:22.512Z	StillImage	COORDINATE_ROUNDED;CONTINENT_DERIVED_FROM_COORDINATES;TAXON_ID_NOT_FOUND
543601187	cece4fc2-1fec-4bb5-a335-7252548e3f0b	urn:catalog:CAS:HERP:244032	Animalia	Chordata	Squamata		Gekkonidae	Hemidactylus	Hemidactylus turcicus		SPECIES	Hemidactylus turcicus (Linnaeus, 1758)	Hemidactylus turcicus		US	Concord Naval Weapons Station, Pistol Range, 37 59 38.89 N, 121 58 38.70 W	California	PRESENT		66522820-055c-11d8-b84e-b8a03c50a862	37.994136	-121.977417							2009-10-20	20	10	2009	5221528	5221528	PRESERVED_SPECIMEN	CAS	HERP	244032		R. Schell	2010-02-05T00:00:00	CC0_1_0		R. Schell and J. Dreier			2026-02-26T00:52:29.885Z		COORDINATE_ROUNDED;GEODETIC_DATUM_ASSUMED_WGS84
5292985724	50c9509d-22c7-4a22-a47d-8c48425ef4a7	https://www.inaturalist.org/observations/305921721	Animalia	Chordata	Squamata		Gekkonidae	Hemidactylus	Hemidactylus turcicus		SPECIES	Hemidactylus turcicus (Linnaeus, 1758)	Hemidactylus turcicus		US		California	PRESENT		28eb1a3f-1c15-4a95-931a-4af90ecb574d	33.233275	-116.381133	5.0						2025-08-12T19:20:58	12	8	2025	5221528	5221528	HUMAN_OBSERVATION	iNaturalist	Observations	305921721		GnatureGoof	2025-08-13T04:07:47	CC_BY_NC_4_0	cathychambers	cathychambers			2026-02-24T01:03:24.743Z	StillImage	COORDINATE_ROUNDED;CONTINENT_DERIVED_FROM_COORDINATES;TAXON_ID_NOT_FOUND
5292877855	50c9509d-22c7-4a22-a47d-8c48425ef4a7	https://www.inaturalist.org/observations/303644766	Animalia	Chordata	Squamata		Gekkonidae	Hemidactylus	Hemidactylus turcicus		SPECIES	Hemidactylus turcicus (Linnaeus, 1758)	Hemidactylus turcicus		US		California	PRESENT		28eb1a3f-1c15-4a95-931a-4af90ecb574d	36.820012	-119.82556	6.0						2025-08-03	3	8	2025	5221528	5221528	HUMAN_OBSERVATION	iNaturalist	Observations	303644766		j-r-eri	2025-08-04T05:18:45	CC_BY_NC_4_0	j-r-eri	j-r-eri			2026-02-23T22:45:15.115Z	StillImage	CONTINENT_DERIVED_FROM_COORDINATES;TAXON_ID_NOT_FOUND
5292137515	50c9509d-22c7-4a22-a47d-8c48425ef4a7	https://www.inaturalist.org/observations/305575437	Animalia	Chordata	Squamata		Gekkonidae	Hemidactylus	Hemidactylus turcicus		SPECIES	Hemidactylus turcicus (Linnaeus, 1758)	Hemidactylus turcicus		US		California	PRESENT		28eb1a3f-1c15-4a95-931a-4af90ecb574d	33.675069	-116.170966	4.0						2025-08-11T10:39:14	11	8	2025	5221528	5221528	HUMAN_OBSERVATION	iNaturalist	Observations	305575437		tansui	2025-08-11T17:39:51	CC_BY_NC_4_0	tansui	tansui			2026-02-23T22:45:38.286Z	StillImage	COORDINATE_ROUNDED;CONTINENT_DERIVED_FROM_COORDINATES;TAXON_ID_NOT_FOUND
5292053298	50c9509d-22c7-4a22-a47d-8c48425ef4a7	https://www.inaturalist.org/observations/303754578	Animalia	Chordata	Squamata		Gekkonidae	Hemidactylus	Hemidactylus turcicus		SPECIES	Hemidactylus turcicus (Linnaeus, 1758)	Hemidactylus turcicus		US		California	PRESENT		28eb1a3f-1c15-4a95-931a-4af90ecb574d	36.221525	-119.360015	28563.0						2025-08-04T09:58:08	4	8	2025	5221528	5221528	HUMAN_OBSERVATION	iNaturalist	Observations	303754578		jrabbon	2025-08-04T16:59:12	CC_BY_NC_4_0	jrabbon	jrabbon			2026-02-23T23:55:53.488Z	StillImage	COORDINATE_ROUNDED;CONTINENT_DERIVED_FROM_COORDINATES;TAXON_ID_NOT_FOUND
5291985342	50c9509d-22c7-4a22-a47d-8c48425ef4a7	https://www.inaturalist.org/observations/305073561	Animalia	Chordata	Squamata		Gekkonidae	Hemidactylus	Hemidactylus turcicus		SPECIES	Hemidactylus turcicus (Linnaeus, 1758)	Hemidactylus turcicus		US		California	PRESENT		28eb1a3f-1c15-4a95-931a-4af90ecb574d	34.131441	-118.148824							2025-08-09T13:44:40	9	8	2025	5221528	5221528	HUMAN_OBSERVATION	iNaturalist	Observations	305073561		Isaac Capp	2025-08-09T21:33:38	CC_BY_NC_4_0	Isaac Capp	Isaac Capp			2026-02-23T22:45:34.607Z	StillImage	COORDINATE_ROUNDED;CONTINENT_DERIVED_FROM_COORDINATES;TAXON_ID_NOT_FOUND
5291882887	50c9509d-22c7-4a22-a47d-8c48425ef4a7	https://www.inaturalist.org/observations/306722513	Animalia	Chordata	Squamata		Gekkonidae	Hemidactylus	Hemidactylus turcicus		SPECIES	Hemidactylus turcicus (Linnaeus, 1758)	Hemidactylus turcicus		US		California	PRESENT		28eb1a3f-1c15-4a95-931a-4af90ecb574d	33.676404	-116.35119	28930.0						2025-08-16T04:22:04	16	8	2025	5221528	5221528	HUMAN_OBSERVATION	iNaturalist	Observations	306722513		Dead Man Walshing	2025-08-16T13:20:18	CC_BY_NC_4_0	Dead Man Walshing	Dead Man Walshing			2026-02-24T01:03:35.683Z	StillImage	COORDINATE_ROUNDED;CONTINENT_DERIVED_FROM_COORDINATES;TAXON_ID_NOT_FOUND
5291738705	50c9509d-22c7-4a22-a47d-8c48425ef4a7	https://www.inaturalist.org/observations/304415342	Animalia	Chordata	Squamata		Gekkonidae	Hemidactylus	Hemidactylus turcicus		SPECIES	Hemidactylus turcicus (Linnaeus, 1758)	Hemidactylus turcicus		US		California	PRESENT		28eb1a3f-1c15-4a95-931a-4af90ecb574d	35.424319	-119.03234	7.0						2025-08-07T00:08:28	7	8	2025	5221528	5221528	HUMAN_OBSERVATION	iNaturalist	Observations	304415342		Aiden Pacheco	2025-08-07T07:11:27	CC_BY_NC_4_0	Aiden Pacheco	Aiden Pacheco			2026-02-24T01:02:58.883Z	StillImage	COORDINATE_ROUNDED;CONTINENT_DERIVED_FROM_COORDINATES;TAXON_ID_NOT_FOUND
5282477603	50c9509d-22c7-4a22-a47d-8c48425ef4a7	https://www.inaturalist.org/observations/303055431	Animalia	Chordata	Squamata		Gekkonidae	Hemidactylus	Hemidactylus turcicus		SPECIES	Hemidactylus turcicus (Linnaeus, 1758)	Hemidactylus turcicus		US		California	PRESENT		28eb1a3f-1c15-4a95-931a-4af90ecb574d	35.302872	-119.027733	3.0						2025-08-01T23:36:24	1	8	2025	5221528	5221528	HUMAN_OBSERVATION	iNaturalist	Observations	303055431		Jordan Castinado	2025-08-02T06:37:21	CC_BY_NC_4_0	Jordan Castinado	Jordan Castinado			2026-02-23T22:45:08.874Z	StillImage	COORDINATE_ROUNDED;CONTINENT_DERIVED_FROM_COORDINATES;TAXON_ID_NOT_FOUND
5282329085	50c9509d-22c7-4a22-a47d-8c48425ef4a7	https://www.inaturalist.org/observations/303353654	Animalia	Chordata	Squamata		Gekkonidae	Hemidactylus	Hemidactylus turcicus		SPECIES	Hemidactylus turcicus (Linnaeus, 1758)	Hemidactylus turcicus		MX		Baja California	PRESENT		28eb1a3f-1c15-4a95-931a-4af90ecb574d	32.669304	-115.430442							2025-08-03T00:30:46	3	8	2025	5221528	5221528	HUMAN_OBSERVATION	iNaturalist	Observations	303353654		lae10	2025-08-03T07:38:43	CC_BY_NC_4_0	lae10	lae10			2026-02-24T01:02:41.796Z	StillImage	COORDINATE_ROUNDED;CONTINENT_DERIVED_FROM_COORDINATES;TAXON_ID_NOT_FOUND
5281947781	50c9509d-22c7-4a22-a47d-8c48425ef4a7	https://www.inaturalist.org/observations/303795111	Animalia	Chordata	Squamata		Gekkonidae	Hemidactylus	Hemidactylus turcicus		SPECIES	Hemidactylus turcicus (Linnaeus, 1758)	Hemidactylus turcicus		US		California	PRESENT		28eb1a3f-1c15-4a95-931a-4af90ecb574d	40.40405	-122.383412	27939.0						2025-08-01T21:45	1	8	2025	5221528	5221528	HUMAN_OBSERVATION	iNaturalist	Observations	303795111		NHMLA Community Science Program	2025-08-04T19:40:38	CC_BY_NC_4_0	NHMLA Community Science Program	NHMLA Community Science Program			2026-02-23T22:45:17.266Z	StillImage	COORDINATE_ROUNDED;CONTINENT_DERIVED_FROM_COORDINATES;TAXON_ID_NOT_FOUND
5238175816	50c9509d-22c7-4a22-a47d-8c48425ef4a7	https://www.inaturalist.org/observations/300474245	Animalia	Chordata	Squamata		Gekkonidae	Hemidactylus	Hemidactylus turcicus		SPECIES	Hemidactylus turcicus (Linnaeus, 1758)	Hemidactylus turcicus		US		California	PRESENT		28eb1a3f-1c15-4a95-931a-4af90ecb574d	34.180263	-118.295792	4.0						2025-07-13T21:46:40	13	7	2025	5221528	5221528	HUMAN_OBSERVATION	iNaturalist	Observations	300474245		joesjoes20	2025-07-23T20:01:08	CC_BY_NC_4_0	Shawnda Hughes	Shawnda Hughes			2026-02-24T01:02:05.080Z	StillImage	COORDINATE_ROUNDED;CONTINENT_DERIVED_FROM_COORDINATES;TAXON_ID_NOT_FOUND
5237854545	50c9509d-22c7-4a22-a47d-8c48425ef4a7	https://www.inaturalist.org/observations/301668584	Animalia	Chordata	Squamata		Gekkonidae	Hemidactylus	Hemidactylus turcicus		SPECIES	Hemidactylus turcicus (Linnaeus, 1758)	Hemidactylus turcicus		US		California	PRESENT		28eb1a3f-1c15-4a95-931a-4af90ecb574d	35.773992	-117.783771	28649.0						2025-07-25T09:40	25	7	2025	5221528	5221528	HUMAN_OBSERVATION	iNaturalist	Observations	301668584		Kolin Campbell	2025-07-27T22:33:58	CC_BY_NC_4_0	Kolin Campbell	Kolin Campbell			2026-02-24T01:02:16.471Z	StillImage	COORDINATE_ROUNDED;CONTINENT_DERIVED_FROM_COORDINATES;TAXON_ID_NOT_FOUND
5237468667	50c9509d-22c7-4a22-a47d-8c48425ef4a7	https://www.inaturalist.org/observations/300257580	Animalia	Chordata	Squamata		Gekkonidae	Hemidactylus	Hemidactylus turcicus		SPECIES	Hemidactylus turcicus (Linnaeus, 1758)	Hemidactylus turcicus		US		California	PRESENT		28eb1a3f-1c15-4a95-931a-4af90ecb574d	34.110431	-117.818895	6.0						2025-07-22T15:57:09	22	7	2025	5221528	5221528	HUMAN_OBSERVATION	iNaturalist	Observations	300257580		Ben Machado	2025-07-22T23:21:34	CC_BY_NC_4_0	StephAlexander	StephAlexander			2026-02-23T23:55:03.874Z	StillImage	COORDINATE_ROUNDED;CONTINENT_DERIVED_FROM_COORDINATES;TAXON_ID_NOT_FOUND
5231881930	50c9509d-22c7-4a22-a47d-8c48425ef4a7	https://www.inaturalist.org/observations/299268973	Animalia	Chordata	Squamata		Gekkonidae	Hemidactylus	Hemidactylus turcicus		SPECIES	Hemidactylus turcicus (Linnaeus, 1758)	Hemidactylus turcicus		US		California	PRESENT		28eb1a3f-1c15-4a95-931a-4af90ecb574d	32.809866	-117.039749							2025-07-18T22:24	18	7	2025	5221528	5221528	HUMAN_OBSERVATION	iNaturalist	Observations	299268973		jongraehl	2025-07-19T18:51:21	CC_BY_NC_4_0	jongraehl	jongraehl			2026-02-23T22:44:18.917Z	StillImage	COORDINATE_ROUNDED;CONTINENT_DERIVED_FROM_COORDINATES;TAXON_ID_NOT_FOUND
5231845766	50c9509d-22c7-4a22-a47d-8c48425ef4a7	https://www.inaturalist.org/observations/299072460	Animalia	Chordata	Squamata		Gekkonidae	Hemidactylus	Hemidactylus turcicus		SPECIES	Hemidactylus turcicus (Linnaeus, 1758)	Hemidactylus turcicus		US		California	PRESENT		28eb1a3f-1c15-4a95-931a-4af90ecb574d	38.013153	-121.81331	6.0						2025-07-18T18:20:43	18	7	2025	5221528	5221528	HUMAN_OBSERVATION	iNaturalist	Observations	299072460		hamstor	2025-07-19T01:20:57	CC_BY_NC_4_0	hamstor	hamstor			2026-02-24T01:01:41.283Z	StillImage	COORDINATE_ROUNDED;CONTINENT_DERIVED_FROM_COORDINATES;TAXON_ID_NOT_FOUND
5231578462	50c9509d-22c7-4a22-a47d-8c48425ef4a7	https://www.inaturalist.org/observations/298484885	Animalia	Chordata	Squamata		Gekkonidae	Hemidactylus	Hemidactylus turcicus		SPECIES	Hemidactylus turcicus (Linnaeus, 1758)	Hemidactylus turcicus		US		California	PRESENT		28eb1a3f-1c15-4a95-931a-4af90ecb574d	33.657999	-116.245553	28930.0						2025-07-15T19:29:29	15	7	2025	5221528	5221528	HUMAN_OBSERVATION	iNaturalist	Observations	298484885		Aaron Griffing	2025-07-17T00:03:06	CC_BY_NC_4_0	jacquelinewalker	jacquelinewalker			2026-02-23T23:54:30.525Z	StillImage	COORDINATE_ROUNDED;CONTINENT_DERIVED_FROM_COORDINATES;TAXON_ID_NOT_FOUND
5231566588	50c9509d-22c7-4a22-a47d-8c48425ef4a7	https://www.inaturalist.org/observations/297200005	Animalia	Chordata	Squamata		Gekkonidae	Hemidactylus	Hemidactylus turcicus		SPECIES	Hemidactylus turcicus (Linnaeus, 1758)	Hemidactylus turcicus		US		California	PRESENT		28eb1a3f-1c15-4a95-931a-4af90ecb574d	35.307257	-119.076454	28706.0						2025-05-11T20:53:18	11	5	2025	5221528	5221528	HUMAN_OBSERVATION	iNaturalist	Observations	297200005		alpacamysnacks	2025-07-12T04:16:26	CC_BY_NC_4_0	alpacamysnacks	alpacamysnacks			2026-02-23T22:43:59.326Z	StillImage	COORDINATE_ROUNDED;CONTINENT_DERIVED_FROM_COORDINATES;TAXON_ID_NOT_FOUND
5231520163	50c9509d-22c7-4a22-a47d-8c48425ef4a7	https://www.inaturalist.org/observations/298088424	Animalia	Chordata	Squamata		Gekkonidae	Hemidactylus	Hemidactylus turcicus		SPECIES	Hemidactylus turcicus (Linnaeus, 1758)	Hemidactylus turcicus		US		California	PRESENT		28eb1a3f-1c15-4a95-931a-4af90ecb574d	38.551971	-121.743736	660.0						2025-07-13T22:40	13	7	2025	5221528	5221528	HUMAN_OBSERVATION	iNaturalist	Observations	298088424		cecidee	2025-07-15T05:49:49	CC_BY_NC_4_0	cecidee	cecidee			2026-02-23T22:44:03.691Z	StillImage	COORDINATE_ROUNDED;CONTINENT_DERIVED_FROM_COORDINATES;TAXON_ID_NOT_FOUND
5231199933	50c9509d-22c7-4a22-a47d-8c48425ef4a7	https://www.inaturalist.org/observations/295597444	Animalia	Chordata	Squamata		Gekkonidae	Hemidactylus	Hemidactylus turcicus		SPECIES	Hemidactylus turcicus (Linnaeus, 1758)	Hemidactylus turcicus		US		California	PRESENT		28eb1a3f-1c15-4a95-931a-4af90ecb574d	33.780142	-117.633796	28930.0						2025-07-05T21:33:23	5	7	2025	5221528	5221528	HUMAN_OBSERVATION	iNaturalist	Observations	295597444		Caleb Martinez	2025-07-06T04:38:18	CC_BY_NC_4_0	Caleb Martinez	Caleb Martinez			2026-02-24T01:00:47.399Z	StillImage	COORDINATE_ROUNDED;CONTINENT_DERIVED_FROM_COORDINATES;TAXON_ID_NOT_FOUND
5230722528	50c9509d-22c7-4a22-a47d-8c48425ef4a7	https://www.inaturalist.org/observations/300227516	Animalia	Chordata	Squamata		Gekkonidae	Hemidactylus	Hemidactylus turcicus		SPECIES	Hemidactylus turcicus (Linnaeus, 1758)	Hemidactylus turcicus		US		California	PRESENT		28eb1a3f-1c15-4a95-931a-4af90ecb574d	33.729745	-116.228292	10.0						2020-07-22T17:47	22	7	2020	5221528	5221528	HUMAN_OBSERVATION	iNaturalist	Observations	300227516		carlosiologist	2025-07-22T20:46:22	CC_BY_NC_4_0	carlosiologist	carlosiologist			2026-02-23T23:54:57.249Z	StillImage	COORDINATE_ROUNDED;CONTINENT_DERIVED_FROM_COORDINATES;TAXON_ID_NOT_FOUND
5230682454	50c9509d-22c7-4a22-a47d-8c48425ef4a7	https://www.inaturalist.org/observations/300042829	Animalia	Chordata	Squamata		Gekkonidae	Hemidactylus	Hemidactylus turcicus		SPECIES	Hemidactylus turcicus (Linnaeus, 1758)	Hemidactylus turcicus		US		California	PRESENT		28eb1a3f-1c15-4a95-931a-4af90ecb574d	34.149419	-117.843635	8.0						2025-07-21T22:23:03	21	7	2025	5221528	5221528	HUMAN_OBSERVATION	iNaturalist	Observations	300042829		gavitp	2025-07-22T04:29:04	CC_BY_NC_4_0	gavitp	gavitp			2026-02-24T01:01:55.594Z	StillImage	COORDINATE_ROUNDED;CONTINENT_DERIVED_FROM_COORDINATES;TAXON_ID_NOT_FOUND
5230652685	50c9509d-22c7-4a22-a47d-8c48425ef4a7	https://www.inaturalist.org/observations/298856295	Animalia	Chordata	Squamata		Gekkonidae	Hemidactylus	Hemidactylus turcicus		SPECIES	Hemidactylus turcicus (Linnaeus, 1758)	Hemidactylus turcicus		US		California	PRESENT		28eb1a3f-1c15-4a95-931a-4af90ecb574d	34.847099	-114.606598							2025-07-17T22:58:31	17	7	2025	5221528	5221528	HUMAN_OBSERVATION	iNaturalist	Observations	298856295		Gabe Owner	2025-07-18T06:00:26	CC_BY_NC_4_0	Gabe Owner	Gabe Owner			2026-02-23T22:44:23.651Z	StillImage	COORDINATE_ROUNDED;CONTINENT_DERIVED_FROM_COORDINATES;TAXON_ID_NOT_FOUND
5230413453	50c9509d-22c7-4a22-a47d-8c48425ef4a7	https://www.inaturalist.org/observations/296949727	Animalia	Chordata	Squamata		Gekkonidae	Hemidactylus	Hemidactylus turcicus		SPECIES	Hemidactylus turcicus (Linnaeus, 1758)	Hemidactylus turcicus		US		California	PRESENT		28eb1a3f-1c15-4a95-931a-4af90ecb574d	36.702423	-119.649981	28505.0						2025-07-10T22:50:09	10	7	2025	5221528	5221528	HUMAN_OBSERVATION	iNaturalist	Observations	296949727		oyorkboy	2025-07-11T05:53:14	CC_BY_NC_4_0	oyorkboy	oyorkboy			2026-02-24T01:01:10.948Z	StillImage	COORDINATE_ROUNDED;CONTINENT_DERIVED_FROM_COORDINATES;TAXON_ID_NOT_FOUND
5217105521	50c9509d-22c7-4a22-a47d-8c48425ef4a7	https://www.inaturalist.org/observations/293288060	Animalia	Chordata	Squamata		Gekkonidae	Hemidactylus	Hemidactylus turcicus		SPECIES	Hemidactylus turcicus (Linnaeus, 1758)	Hemidactylus turcicus		US		California	PRESENT		28eb1a3f-1c15-4a95-931a-4af90ecb574d	32.806737	-116.811088	7.0						2025-06-23T16:10:33	23	6	2025	5221528	5221528	HUMAN_OBSERVATION	iNaturalist	Observations	293288060		Aiver	2025-06-28T06:44:59	CC_BY_NC_4_0	reptilians420	reptilians420			2026-02-23T22:43:13.179Z	StillImage	COORDINATE_ROUNDED;CONTINENT_DERIVED_FROM_COORDINATES;TAXON_ID_NOT_FOUND
5216922615	50c9509d-22c7-4a22-a47d-8c48425ef4a7	https://www.inaturalist.org/observations/295026986	Animalia	Chordata	Squamata		Gekkonidae	Hemidactylus	Hemidactylus turcicus		SPECIES	Hemidactylus turcicus (Linnaeus, 1758)	Hemidactylus turcicus		US		California	PRESENT		28eb1a3f-1c15-4a95-931a-4af90ecb574d	34.149486	-117.843728	13.0						2025-07-03T21:04:40	3	7	2025	5221528	5221528	HUMAN_OBSERVATION	iNaturalist	Observations	295026986		gavitp	2025-07-04T04:07:29	CC_BY_NC_4_0	gavitp	gavitp			2026-02-23T23:53:39.458Z	StillImage	COORDINATE_ROUNDED;CONTINENT_DERIVED_FROM_COORDINATES;TAXON_ID_NOT_FOUND
5216536175	50c9509d-22c7-4a22-a47d-8c48425ef4a7	https://www.inaturalist.org/observations/292812647	Animalia	Chordata	Squamata		Gekkonidae	Hemidactylus	Hemidactylus turcicus		SPECIES	Hemidactylus turcicus (Linnaeus, 1758)	Hemidactylus turcicus		US		California	PRESENT		28eb1a3f-1c15-4a95-931a-4af90ecb574d	32.78	-117.03							2025-06-25T23:28:33	25	6	2025	5221528	5221528	HUMAN_OBSERVATION	iNaturalist	Observations	292812647		Mayai	2025-06-26T07:09:20	CC_BY_NC_4_0	Mayai	Mayai			2026-02-23T23:53:12.780Z	StillImage	CONTINENT_DERIVED_FROM_COORDINATES;TAXON_ID_NOT_FOUND
5216504478	50c9509d-22c7-4a22-a47d-8c48425ef4a7	https://www.inaturalist.org/observations/294761833	Animalia	Chordata	Squamata		Gekkonidae	Hemidactylus	Hemidactylus turcicus		SPECIES	Hemidactylus turcicus (Linnaeus, 1758)	Hemidactylus turcicus		US		California	PRESENT		28eb1a3f-1c15-4a95-931a-4af90ecb574d	34.210462	-118.229291							2025-07-02T20:34:42	2	7	2025	5221528	5221528	HUMAN_OBSERVATION	iNaturalist	Observations	294761833		Matthew	2025-07-03T04:05:32	CC_BY_NC_4_0	Stephanie Lorentzen	Stephanie Lorentzen			2026-02-24T01:00:35.453Z	StillImage	COORDINATE_ROUNDED;CONTINENT_DERIVED_FROM_COORDINATES;TAXON_ID_NOT_FOUND
5215707963	50c9509d-22c7-4a22-a47d-8c48425ef4a7	https://www.inaturalist.org/observations/292500030	Animalia	Chordata	Squamata		Gekkonidae	Hemidactylus	Hemidactylus turcicus		SPECIES	Hemidactylus turcicus (Linnaeus, 1758)	Hemidactylus turcicus		US		California	PRESENT		28eb1a3f-1c15-4a95-931a-4af90ecb574d	35.315229	-119.117817	37.0						2025-06-24T17:49:52	24	6	2025	5221528	5221528	HUMAN_OBSERVATION	iNaturalist	Observations	292500030		owenthebug	2025-06-25T00:50:00	CC_BY_NC_4_0	owenthebug	owenthebug			2026-02-23T23:53:08.334Z	StillImage	COORDINATE_ROUNDED;CONTINENT_DERIVED_FROM_COORDINATES;TAXON_ID_NOT_FOUND
5206731632	50c9509d-22c7-4a22-a47d-8c48425ef4a7	https://www.inaturalist.org/observations/292010354	Animalia	Chordata	Squamata		Gekkonidae	Hemidactylus	Hemidactylus turcicus		SPECIES	Hemidactylus turcicus (Linnaeus, 1758)	Hemidactylus turcicus		US		California	PRESENT		28eb1a3f-1c15-4a95-931a-4af90ecb574d	34.146403	-117.886611	28874.0						2025-06-22T21:48:53	22	6	2025	5221528	5221528	HUMAN_OBSERVATION	iNaturalist	Observations	292010354		Boaz Benaiah Solorio	2025-06-23T05:28:21	CC_BY_NC_4_0	Boaz Benaiah Solorio	Boaz Benaiah Solorio			2026-02-24T00:59:53.032Z	StillImage	COORDINATE_ROUNDED;CONTINENT_DERIVED_FROM_COORDINATES;TAXON_ID_NOT_FOUND
5206716012	50c9509d-22c7-4a22-a47d-8c48425ef4a7	https://www.inaturalist.org/observations/291016996	Animalia	Chordata	Squamata		Gekkonidae	Hemidactylus	Hemidactylus turcicus		SPECIES	Hemidactylus turcicus (Linnaeus, 1758)	Hemidactylus turcicus		US		California	PRESENT		28eb1a3f-1c15-4a95-931a-4af90ecb574d	33.817685	-116.468282	28902.0						2025-06-18T12:05:31	18	6	2025	5221528	5221528	HUMAN_OBSERVATION	iNaturalist	Observations	291016996		charlottejhh	2025-06-19T22:20:08	CC_BY_NC_4_0	genesisg18	genesisg18			2026-02-24T00:59:46.179Z	StillImage	COORDINATE_ROUNDED;CONTINENT_DERIVED_FROM_COORDINATES;TAXON_ID_NOT_FOUND
5206389615	50c9509d-22c7-4a22-a47d-8c48425ef4a7	https://www.inaturalist.org/observations/292010243	Animalia	Chordata	Squamata		Gekkonidae	Hemidactylus	Hemidactylus turcicus		SPECIES	Hemidactylus turcicus (Linnaeus, 1758)	Hemidactylus turcicus		US		California	PRESENT		28eb1a3f-1c15-4a95-931a-4af90ecb574d	34.068734	-117.96488	28874.0						2025-06-22T21:48:53	22	6	2025	5221528	5221528	HUMAN_OBSERVATION	iNaturalist	Observations	292010243		Boaz Benaiah Solorio	2025-06-23T05:27:09	CC_BY_NC_4_0	Boaz Benaiah Solorio	Boaz Benaiah Solorio			2026-02-24T00:59:55.303Z	StillImage	COORDINATE_ROUNDED;CONTINENT_DERIVED_FROM_COORDINATES;TAXON_ID_NOT_FOUND
5206210914	50c9509d-22c7-4a22-a47d-8c48425ef4a7	https://www.inaturalist.org/observations/290856584	Animalia	Chordata	Squamata		Gekkonidae	Hemidactylus	Hemidactylus turcicus		SPECIES	Hemidactylus turcicus (Linnaeus, 1758)	Hemidactylus turcicus		US		California	PRESENT		28eb1a3f-1c15-4a95-931a-4af90ecb574d	34.053558	-117.900257	28874.0						2025-06-18T22:25:43	18	6	2025	5221528	5221528	HUMAN_OBSERVATION	iNaturalist	Observations	290856584		Boaz Benaiah Solorio	2025-06-19T05:32:47	CC_BY_NC_4_0	Boaz Benaiah Solorio	Boaz Benaiah Solorio			2026-02-24T00:59:40.668Z	StillImage	COORDINATE_ROUNDED;CONTINENT_DERIVED_FROM_COORDINATES;TAXON_ID_NOT_FOUND
5198916593	50c9509d-22c7-4a22-a47d-8c48425ef4a7	https://www.inaturalist.org/observations/290062811	Animalia	Chordata	Squamata		Gekkonidae	Hemidactylus	Hemidactylus turcicus		SPECIES	Hemidactylus turcicus (Linnaeus, 1758)	Hemidactylus turcicus		US		California	PRESENT		28eb1a3f-1c15-4a95-931a-4af90ecb574d	37.714873	-121.735195	613.0						2025-06-15T22:35:32	15	6	2025	5221528	5221528	HUMAN_OBSERVATION	iNaturalist	Observations	290062811		Drew R. Davis, Ph.D.	2025-06-19T04:25:53	CC_BY_NC_4_0	lizardosaurus	lizardosaurus			2026-02-23T23:52:29.626Z	StillImage	COORDINATE_ROUNDED;CONTINENT_DERIVED_FROM_COORDINATES;TAXON_ID_NOT_FOUND
5198622177	50c9509d-22c7-4a22-a47d-8c48425ef4a7	https://www.inaturalist.org/observations/289444395	Animalia	Chordata	Squamata		Gekkonidae	Hemidactylus	Hemidactylus turcicus		SPECIES	Hemidactylus turcicus (Linnaeus, 1758)	Hemidactylus turcicus		US		California	PRESENT		28eb1a3f-1c15-4a95-931a-4af90ecb574d	33.719642	-117.815588	3.0						2025-06-13T22:08:58	13	6	2025	5221528	5221528	HUMAN_OBSERVATION	iNaturalist	Observations	289444395		Aaron Griffing	2025-06-14T13:19:24	CC_BY_NC_4_0	mr_matt	mr_matt			2026-02-24T00:59:17.278Z	StillImage	COORDINATE_ROUNDED;CONTINENT_DERIVED_FROM_COORDINATES;TAXON_ID_NOT_FOUND
5187606812	50c9509d-22c7-4a22-a47d-8c48425ef4a7	https://www.inaturalist.org/observations/288033729	Animalia	Chordata	Squamata		Gekkonidae	Hemidactylus	Hemidactylus turcicus		SPECIES	Hemidactylus turcicus (Linnaeus, 1758)	Hemidactylus turcicus		US		California	PRESENT		28eb1a3f-1c15-4a95-931a-4af90ecb574d	34.053781	-117.18975	4.0						2025-06-06T23:16:02	6	6	2025	5221528	5221528	HUMAN_OBSERVATION	iNaturalist	Observations	288033729		Daniel Legend	2025-06-08T22:26:13	CC_BY_NC_4_0	Daniel Legend	Daniel Legend			2026-02-23T23:52:04.386Z	StillImage	COORDINATE_ROUNDED;CONTINENT_DERIVED_FROM_COORDINATES;TAXON_ID_NOT_FOUND
5184493310	7a25f7aa-03fb-4322-aaeb-66719e1a9527	252f5d7d-a326-4acd-8997-2cf7dfff87b9	Animalia	Chordata	Squamata		Gekkonidae	Hemidactylus	Hemidactylus turcicus		SPECIES	Hemidactylus turcicus (Linnaeus, 1758)	Hemidactylus turcicus		US	1247 E Palm Drive, Glendora	California	PRESENT	1	493fe050-055d-11d8-b84f-b8a03c50a862	34.15	-117.84							2021-09-18	18	9	2021	5221528	5221528	PRESERVED_SPECIMEN	LACM	Herps	195322	GBP 4345			CC0_1_0		Gregory B. Pauly, Adam G. Clause, Joanna Shepherd		native	2026-02-26T00:49:17.272Z		CONTINENT_DERIVED_FROM_COORDINATES
5184492311	7a25f7aa-03fb-4322-aaeb-66719e1a9527	23b3edf8-8f88-47c9-992a-558a84e52fd9	Animalia	Chordata	Squamata		Gekkonidae	Hemidactylus	Hemidactylus turcicus		SPECIES	Hemidactylus turcicus (Linnaeus, 1758)	Hemidactylus turcicus		US	1247 E Palm Drive, Glendora	California	PRESENT	1	493fe050-055d-11d8-b84f-b8a03c50a862	34.15	-117.84							2021-09-18	18	9	2021	5221528	5221528	PRESERVED_SPECIMEN	LACM	Herps	195318	GBP 4341			CC0_1_0		Gregory B. Pauly, Adam G. Clause, Joanna Shepherd		native	2026-02-26T00:49:31.195Z		CONTINENT_DERIVED_FROM_COORDINATES
5184491331	7a25f7aa-03fb-4322-aaeb-66719e1a9527	65d1a9ef-bf7b-42c3-8755-b65ad67ac2f5	Animalia	Chordata	Squamata		Gekkonidae	Hemidactylus	Hemidactylus turcicus		SPECIES	Hemidactylus turcicus (Linnaeus, 1758)	Hemidactylus turcicus		US	1247 E Palm Drive, Glendora	California	PRESENT	1	493fe050-055d-11d8-b84f-b8a03c50a862	34.15	-117.84							2021-09-18	18	9	2021	5221528	5221528	PRESERVED_SPECIMEN	LACM	Herps	195319	GBP 4342			CC0_1_0		Gregory B. Pauly, Adam G. Clause, Joanna Shepherd		native	2026-02-26T00:49:28.401Z		CONTINENT_DERIVED_FROM_COORDINATES
5184489321	7a25f7aa-03fb-4322-aaeb-66719e1a9527	43b5843f-07fb-4c44-896f-dab658664b7a	Animalia	Chordata	Squamata		Gekkonidae	Hemidactylus	Hemidactylus turcicus		SPECIES	Hemidactylus turcicus (Linnaeus, 1758)	Hemidactylus turcicus		US	1247 E Palm Drive, Glendora	California	PRESENT	1	493fe050-055d-11d8-b84f-b8a03c50a862	34.15	-117.84							2021-09-18	18	9	2021	5221528	5221528	PRESERVED_SPECIMEN	LACM	Herps	195327	GBP 4350			CC0_1_0		Gregory B. Pauly, Adam G. Clause, Joanna Shepherd		native	2026-02-26T00:49:29.409Z		CONTINENT_DERIVED_FROM_COORDINATES
5184485378	7a25f7aa-03fb-4322-aaeb-66719e1a9527	f7792af2-d115-4589-97a8-5c2871480138	Animalia	Chordata	Squamata		Gekkonidae	Hemidactylus	Hemidactylus turcicus		SPECIES	Hemidactylus turcicus (Linnaeus, 1758)	Hemidactylus turcicus		US	1247 E Palm Drive, Glendora	California	PRESENT	1	493fe050-055d-11d8-b84f-b8a03c50a862	34.15	-117.84							2021-09-18	18	9	2021	5221528	5221528	PRESERVED_SPECIMEN	LACM	Herps	195323	GBP 4346			CC0_1_0		Gregory B. Pauly, Adam G. Clause, Joanna Shepherd		native	2026-02-26T00:49:33.431Z		CONTINENT_DERIVED_FROM_COORDINATES
5184484370	7a25f7aa-03fb-4322-aaeb-66719e1a9527	c057e688-0c54-46d4-875e-0ff8321f9b7b	Animalia	Chordata	Squamata		Gekkonidae	Hemidactylus	Hemidactylus turcicus		SPECIES	Hemidactylus turcicus (Linnaeus, 1758)	Hemidactylus turcicus		US	1247 E Palm Drive, Glendora	California	PRESENT	1	493fe050-055d-11d8-b84f-b8a03c50a862	34.15	-117.84							2021-09-18	18	9	2021	5221528	5221528	PRESERVED_SPECIMEN	LACM	Herps	195325	GBP 4348			CC0_1_0		Gregory B. Pauly, Adam G. Clause, Joanna Shepherd		native	2026-02-26T00:49:23.778Z		CONTINENT_DERIVED_FROM_COORDINATES
5184484350	7a25f7aa-03fb-4322-aaeb-66719e1a9527	8f0fce49-0de3-44a9-a771-4ab017578ea9	Animalia	Chordata	Squamata		Gekkonidae	Hemidactylus	Hemidactylus turcicus		SPECIES	Hemidactylus turcicus (Linnaeus, 1758)	Hemidactylus turcicus		US	1247 E Palm Drive, Glendora	California	PRESENT	1	493fe050-055d-11d8-b84f-b8a03c50a862	34.15	-117.84							2021-09-18	18	9	2021	5221528	5221528	PRESERVED_SPECIMEN	LACM	Herps	195324	GBP 4347			CC0_1_0		Gregory B. Pauly, Adam G. Clause, Joanna Shepherd		native	2026-02-26T00:49:26.315Z		CONTINENT_DERIVED_FROM_COORDINATES
5184482341	7a25f7aa-03fb-4322-aaeb-66719e1a9527	87e4300e-490e-426b-9b9a-05a588d75841	Animalia	Chordata	Squamata		Gekkonidae	Hemidactylus	Hemidactylus turcicus		SPECIES	Hemidactylus turcicus (Linnaeus, 1758)	Hemidactylus turcicus		US	1600 E St. Gertrude Place, Santa Ana	California	PRESENT	1	493fe050-055d-11d8-b84f-b8a03c50a862	33.72	-117.85							2022-10-20	20	10	2022	5221528	5221528	PRESERVED_SPECIMEN	LACM	Herps	195344	GBP 4895			CC0_1_0		Gregory B. Pauly and Adam G. Clause		native	2026-02-26T00:49:19.719Z		CONTINENT_DERIVED_FROM_COORDINATES
5184482337	7a25f7aa-03fb-4322-aaeb-66719e1a9527	78788a70-40f1-4a21-b946-58c84f924f3a	Animalia	Chordata	Squamata		Gekkonidae	Hemidactylus	Hemidactylus turcicus		SPECIES	Hemidactylus turcicus (Linnaeus, 1758)	Hemidactylus turcicus		US	1247 E Palm Drive, Glendora	California	PRESENT	1	493fe050-055d-11d8-b84f-b8a03c50a862	34.15	-117.84							2021-09-18	18	9	2021	5221528	5221528	PRESERVED_SPECIMEN	LACM	Herps	195320	GBP 4343			CC0_1_0		Gregory B. Pauly, Adam G. Clause, Joanna Shepherd		native	2026-02-26T00:49:26.345Z		CONTINENT_DERIVED_FROM_COORDINATES
5184481346	7a25f7aa-03fb-4322-aaeb-66719e1a9527	674ed3e6-08e8-4e18-a35f-9beeefc1696c	Animalia	Chordata	Squamata		Gekkonidae	Hemidactylus	Hemidactylus turcicus		SPECIES	Hemidactylus turcicus (Linnaeus, 1758)	Hemidactylus turcicus		US	1247 E Palm Drive, Glendora	California	PRESENT	1	493fe050-055d-11d8-b84f-b8a03c50a862	34.15	-117.84							2021-09-18	18	9	2021	5221528	5221528	PRESERVED_SPECIMEN	LACM	Herps	195326	GBP 4349			CC0_1_0		Gregory B. Pauly, Adam G. Clause, Joanna Shepherd		native	2026-02-26T00:49:32.314Z		CONTINENT_DERIVED_FROM_COORDINATES
5184478319	7a25f7aa-03fb-4322-aaeb-66719e1a9527	3ca1eccc-fa80-467a-88b5-982d9b10cd77	Animalia	Chordata	Squamata		Gekkonidae	Hemidactylus	Hemidactylus turcicus		SPECIES	Hemidactylus turcicus (Linnaeus, 1758)	Hemidactylus turcicus		US	1247 E Palm Drive, Glendora	California	PRESENT	1	493fe050-055d-11d8-b84f-b8a03c50a862	34.15	-117.84							2021-09-18	18	9	2021	5221528	5221528	PRESERVED_SPECIMEN	LACM	Herps	195321	GBP 4344			CC0_1_0		Gregory B. Pauly, Adam G. Clause, Joanna Shepherd		native	2026-02-26T00:49:29.548Z		CONTINENT_DERIVED_FROM_COORDINATES
5184477323	7a25f7aa-03fb-4322-aaeb-66719e1a9527	5533633e-9a1d-44ca-824c-a96f0d365c52	Animalia	Chordata	Squamata		Gekkonidae	Hemidactylus	Hemidactylus turcicus		SPECIES	Hemidactylus turcicus (Linnaeus, 1758)	Hemidactylus turcicus		US	1247 E Palm Drive, Glendora	California	PRESENT	1	493fe050-055d-11d8-b84f-b8a03c50a862	34.15	-117.84							2021-09-18	18	9	2021	5221528	5221528	PRESERVED_SPECIMEN	LACM	Herps	195317	GBP 4340			CC0_1_0		Gregory B. Pauly, Adam G. Clause, Joanna Shepherd		native	2026-02-26T00:49:36.155Z		CONTINENT_DERIVED_FROM_COORDINATES
5177076591	50c9509d-22c7-4a22-a47d-8c48425ef4a7	https://www.inaturalist.org/observations/277876419	Animalia	Chordata	Squamata		Gekkonidae	Hemidactylus	Hemidactylus turcicus		SPECIES	Hemidactylus turcicus (Linnaeus, 1758)	Hemidactylus turcicus		US		California	PRESENT		28eb1a3f-1c15-4a95-931a-4af90ecb574d	33.797182	-116.524371	185.0						2025-05-02T16:25	2	5	2025	5221528	5221528	HUMAN_OBSERVATION	iNaturalist	Observations	277876419		alexb0000	2025-05-06T22:48:27	CC_BY_NC_4_0	wolfefrog	wolfefrog			2026-02-24T00:56:45.888Z	StillImage	COORDINATE_ROUNDED;CONTINENT_DERIVED_FROM_COORDINATES;TAXON_ID_NOT_FOUND
5176985994	50c9509d-22c7-4a22-a47d-8c48425ef4a7	https://www.inaturalist.org/observations/286460958	Animalia	Chordata	Squamata		Gekkonidae	Hemidactylus	Hemidactylus turcicus		SPECIES	Hemidactylus turcicus (Linnaeus, 1758)	Hemidactylus turcicus		US		California	PRESENT		28eb1a3f-1c15-4a95-931a-4af90ecb574d	33.710762	-116.383147	4.0						2025-06-02T21:18:06	2	6	2025	5221528	5221528	HUMAN_OBSERVATION	iNaturalist	Observations	286460958		desertjules	2025-06-03T04:21:09	CC_BY_NC_4_0	desertjules	desertjules			2026-02-23T23:51:40.929Z	StillImage	COORDINATE_ROUNDED;CONTINENT_DERIVED_FROM_COORDINATES;TAXON_ID_NOT_FOUND
5176680788	50c9509d-22c7-4a22-a47d-8c48425ef4a7	https://www.inaturalist.org/observations/286469559	Animalia	Chordata	Squamata		Gekkonidae	Hemidactylus	Hemidactylus turcicus		SPECIES	Hemidactylus turcicus (Linnaeus, 1758)	Hemidactylus turcicus		US		California	PRESENT		28eb1a3f-1c15-4a95-931a-4af90ecb574d	35.63471	-117.702545	22.0						2025-06-02T20:20	2	6	2025	5221528	5221528	HUMAN_OBSERVATION	iNaturalist	Observations	286469559		meghan12337	2025-06-03T06:00:51	CC_BY_NC_4_0	meghan12337	meghan12337			2026-02-23T23:51:40.534Z	StillImage	COORDINATE_ROUNDED;CONTINENT_DERIVED_FROM_COORDINATES;TAXON_ID_NOT_FOUND
5168255259	50c9509d-22c7-4a22-a47d-8c48425ef4a7	https://www.inaturalist.org/observations/283064212	Animalia	Chordata	Squamata		Gekkonidae	Hemidactylus	Hemidactylus turcicus		SPECIES	Hemidactylus turcicus (Linnaeus, 1758)	Hemidactylus turcicus		US		California	PRESENT		28eb1a3f-1c15-4a95-931a-4af90ecb574d	35.423469	-119.025735	543.0						2025-05-21T22:17:56	21	5	2025	5221528	5221528	HUMAN_OBSERVATION	iNaturalist	Observations	283064212		joesjoes20	2025-05-22T07:07:59	CC_BY_NC_4_0	Dakota Graham	Dakota Graham			2026-02-24T00:15:41.429Z	StillImage	COORDINATE_ROUNDED;CONTINENT_DERIVED_FROM_COORDINATES;TAXON_ID_NOT_FOUND
5168129643	50c9509d-22c7-4a22-a47d-8c48425ef4a7	https://www.inaturalist.org/observations/279275867	Animalia	Chordata	Squamata		Gekkonidae	Hemidactylus	Hemidactylus turcicus		SPECIES	Hemidactylus turcicus (Linnaeus, 1758)	Hemidactylus turcicus		US		California	PRESENT		28eb1a3f-1c15-4a95-931a-4af90ecb574d	32.809046	-116.974939	16.0						2025-05-07T10:54:23	7	5	2025	5221528	5221528	HUMAN_OBSERVATION	iNaturalist	Observations	279275867		Kseniia Marianna Prondzynska	2025-05-08T09:15:54	CC_BY_NC_4_0	moschahn	moschahn			2026-02-23T23:50:04.510Z	StillImage	COORDINATE_ROUNDED;CONTINENT_DERIVED_FROM_COORDINATES;TAXON_ID_NOT_FOUND
5167164888	50c9509d-22c7-4a22-a47d-8c48425ef4a7	https://www.inaturalist.org/observations/284458667	Animalia	Chordata	Squamata		Gekkonidae	Hemidactylus	Hemidactylus turcicus		SPECIES	Hemidactylus turcicus (Linnaeus, 1758)	Hemidactylus turcicus		US		California	PRESENT		28eb1a3f-1c15-4a95-931a-4af90ecb574d	34.873364	-117.030731	9.0						2025-05-26T20:00	26	5	2025	5221528	5221528	HUMAN_OBSERVATION	iNaturalist	Observations	284458667		Chris Otahal	2025-05-27T03:09:30	CC_BY_NC_4_0	Chris Otahal	Chris Otahal			2026-02-23T23:51:14.362Z	StillImage	COORDINATE_ROUNDED;CONTINENT_DERIVED_FROM_COORDINATES;TAXON_ID_NOT_FOUND
5167144149	50c9509d-22c7-4a22-a47d-8c48425ef4a7	https://www.inaturalist.org/observations/281437844	Animalia	Chordata	Squamata		Gekkonidae	Hemidactylus	Hemidactylus turcicus		SPECIES	Hemidactylus turcicus (Linnaeus, 1758)	Hemidactylus turcicus		US		California	PRESENT		28eb1a3f-1c15-4a95-931a-4af90ecb574d	36.324037	-119.325225	3.0						2025-05-15T21:25:30	15	5	2025	5221528	5221528	HUMAN_OBSERVATION	iNaturalist	Observations	281437844		cdion18	2025-05-16T07:13:28	CC_BY_NC_4_0	cdion18	cdion18			2026-02-24T00:57:36.582Z	StillImage	COORDINATE_ROUNDED;CONTINENT_DERIVED_FROM_COORDINATES;TAXON_ID_NOT_FOUND
5166809792	50c9509d-22c7-4a22-a47d-8c48425ef4a7	https://www.inaturalist.org/observations/237997496	Animalia	Chordata	Squamata		Gekkonidae	Hemidactylus	Hemidactylus turcicus		SPECIES	Hemidactylus turcicus (Linnaeus, 1758)	Hemidactylus turcicus		US		California	PRESENT		28eb1a3f-1c15-4a95-931a-4af90ecb574d	33.751321	-117.645509	28930.0						2024-08-25T19:33:40	25	8	2024	5221528	5221528	HUMAN_OBSERVATION	iNaturalist	Observations	237997496		Caleb Martinez	2024-08-26T02:36:34	CC_BY_NC_4_0	Caleb Martinez	Caleb Martinez			2026-02-23T22:33:06.242Z	StillImage	COORDINATE_ROUNDED;CONTINENT_DERIVED_FROM_COORDINATES;TAXON_ID_NOT_FOUND
5154947272	50c9509d-22c7-4a22-a47d-8c48425ef4a7	https://www.inaturalist.org/observations/278802766	Animalia	Chordata	Squamata		Gekkonidae	Hemidactylus	Hemidactylus turcicus		SPECIES	Hemidactylus turcicus (Linnaeus, 1758)	Hemidactylus turcicus		US		California	PRESENT		28eb1a3f-1c15-4a95-931a-4af90ecb574d	34.232932	-118.493918	28846.0						2025-05-05T11:48:21	5	5	2025	5221528	5221528	HUMAN_OBSERVATION	iNaturalist	Observations	278802766		beesehive	2025-05-05T18:54:12	CC_BY_NC_4_0	beesehive	beesehive			2026-02-23T22:40:36.926Z	StillImage	COORDINATE_ROUNDED;CONTINENT_DERIVED_FROM_COORDINATES;TAXON_ID_NOT_FOUND
5154770790	50c9509d-22c7-4a22-a47d-8c48425ef4a7	https://www.inaturalist.org/observations/280595252	Animalia	Chordata	Squamata		Gekkonidae	Hemidactylus	Hemidactylus turcicus		SPECIES	Hemidactylus turcicus (Linnaeus, 1758)	Hemidactylus turcicus		US		California	PRESENT		28eb1a3f-1c15-4a95-931a-4af90ecb574d	33.726339	-116.388451	437.0						2025-04-29T22:27:37	29	4	2025	5221528	5221528	HUMAN_OBSERVATION	iNaturalist	Observations	280595252		meowmeowmeowmeowmeowmeowmeowmeowmeowmeow	2025-05-12T18:56:05	CC_BY_NC_4_0	meowmeowmeowmeowmeowmeowmeowmeowmeowmeow	meowmeowmeowmeowmeowmeowmeowmeowmeowmeow			2026-02-24T00:57:22.467Z	StillImage	COORDINATE_ROUNDED;CONTINENT_DERIVED_FROM_COORDINATES;TAXON_ID_NOT_FOUND
5154615855	50c9509d-22c7-4a22-a47d-8c48425ef4a7	https://www.inaturalist.org/observations/277182923	Animalia	Chordata	Squamata		Gekkonidae	Hemidactylus	Hemidactylus turcicus		SPECIES	Hemidactylus turcicus (Linnaeus, 1758)	Hemidactylus turcicus		US		California	PRESENT		28eb1a3f-1c15-4a95-931a-4af90ecb574d	34.017141	-117.0484	18.0						2025-04-26T22:30	26	4	2025	5221528	5221528	HUMAN_OBSERVATION	iNaturalist	Observations	277182923		Nathan	2025-04-30T23:07:49	CC_BY_NC_4_0	Nathan	Nathan			2026-02-24T00:56:36.077Z		COORDINATE_ROUNDED;CONTINENT_DERIVED_FROM_COORDINATES;TAXON_ID_NOT_FOUND
5153871642	50c9509d-22c7-4a22-a47d-8c48425ef4a7	https://www.inaturalist.org/observations/221485371	Animalia	Chordata	Squamata		Gekkonidae	Hemidactylus	Hemidactylus turcicus		SPECIES	Hemidactylus turcicus (Linnaeus, 1758)	Hemidactylus turcicus		US		California	PRESENT		28eb1a3f-1c15-4a95-931a-4af90ecb574d	36.812537	-119.718724	35.0						2024-06-08T21:15:47	8	6	2024	5221528	5221528	HUMAN_OBSERVATION	iNaturalist	Observations	221485371		alexb0000	2024-06-13T22:33:57	CC_BY_4_0	sjacobsen13	sjacobsen13			2026-02-24T00:45:33.748Z	StillImage	COORDINATE_ROUNDED;CONTINENT_DERIVED_FROM_COORDINATES;TAXON_ID_NOT_FOUND
5153614314	50c9509d-22c7-4a22-a47d-8c48425ef4a7	https://www.inaturalist.org/observations/280405204	Animalia	Chordata	Squamata		Gekkonidae	Hemidactylus	Hemidactylus turcicus		SPECIES	Hemidactylus turcicus (Linnaeus, 1758)	Hemidactylus turcicus		US		California	PRESENT		28eb1a3f-1c15-4a95-931a-4af90ecb574d	33.68242	-116.209908	4.0						2025-05-09T21:27:06	9	5	2025	5221528	5221528	HUMAN_OBSERVATION	iNaturalist	Observations	280405204		Justin M. Wood	2025-05-12T00:34:20	CC_BY_NC_4_0	Justin M. Wood	Justin M. Wood			2026-02-23T23:50:18.409Z	StillImage	COORDINATE_ROUNDED;CONTINENT_DERIVED_FROM_COORDINATES;TAXON_ID_NOT_FOUND
5141039531	50c9509d-22c7-4a22-a47d-8c48425ef4a7	https://www.inaturalist.org/observations/275400298	Animalia	Chordata	Squamata		Gekkonidae	Hemidactylus	Hemidactylus turcicus		SPECIES	Hemidactylus turcicus (Linnaeus, 1758)	Hemidactylus turcicus		US		California	PRESENT		28eb1a3f-1c15-4a95-931a-4af90ecb574d	35.390038	-119.10534	70.0						2025-04-27T23:19:39	27	4	2025	5221528	5221528	HUMAN_OBSERVATION	iNaturalist	Observations	275400298		meshka	2025-04-28T12:13:23	CC_BY_NC_4_0	meshka	meshka			2026-02-23T23:49:26.308Z	StillImage	COORDINATE_ROUNDED;CONTINENT_DERIVED_FROM_COORDINATES;TAXON_ID_NOT_FOUND
5140396508	50c9509d-22c7-4a22-a47d-8c48425ef4a7	https://www.inaturalist.org/observations/273822124	Animalia	Chordata	Squamata		Gekkonidae	Hemidactylus	Hemidactylus turcicus		SPECIES	Hemidactylus turcicus (Linnaeus, 1758)	Hemidactylus turcicus		US		California	PRESENT		28eb1a3f-1c15-4a95-931a-4af90ecb574d	33.537992	-115.931992	5.0						2025-04-25T23:53:02	25	4	2025	5221528	5221528	HUMAN_OBSERVATION	iNaturalist	Observations	273822124		Eduardo L. Cruz	2025-04-28T08:51:26	CC_BY_NC_4_0	yocelinbeltran	yocelinbeltran			2026-02-23T22:39:35.307Z	StillImage	COORDINATE_ROUNDED;CONTINENT_DERIVED_FROM_COORDINATES;TAXON_ID_NOT_FOUND
5140378815	50c9509d-22c7-4a22-a47d-8c48425ef4a7	https://www.inaturalist.org/observations/273097215	Animalia	Chordata	Squamata		Gekkonidae	Hemidactylus	Hemidactylus turcicus		SPECIES	Hemidactylus turcicus (Linnaeus, 1758)	Hemidactylus turcicus		US		California	PRESENT		28eb1a3f-1c15-4a95-931a-4af90ecb574d	36.339097	-119.357041	28563.0						2025-04-25T00:04:05	25	4	2025	5221528	5221528	HUMAN_OBSERVATION	iNaturalist	Observations	273097215		sweiser	2025-04-25T13:56:43	CC_BY_NC_4_0	sweiser	sweiser			2026-02-24T00:56:05.508Z	StillImage	COORDINATE_ROUNDED;CONTINENT_DERIVED_FROM_COORDINATES;TAXON_ID_NOT_FOUND
5140006789	50c9509d-22c7-4a22-a47d-8c48425ef4a7	https://www.inaturalist.org/observations/270127502	Animalia	Chordata	Squamata		Gekkonidae	Hemidactylus	Hemidactylus turcicus		SPECIES	Hemidactylus turcicus (Linnaeus, 1758)	Hemidactylus turcicus		US		California	PRESENT		28eb1a3f-1c15-4a95-931a-4af90ecb574d	33.556	-116.079942	4.0						2025-04-12T15:48:18	12	4	2025	5221528	5221528	HUMAN_OBSERVATION	iNaturalist	Observations	270127502		mhuerta3	2025-04-13T05:19:05	CC_BY_NC_4_0	mhuerta3	mhuerta3			2026-02-23T23:48:30.437Z	StillImage	COORDINATE_ROUNDED;CONTINENT_DERIVED_FROM_COORDINATES;TAXON_ID_NOT_FOUND
5139991060	50c9509d-22c7-4a22-a47d-8c48425ef4a7	https://www.inaturalist.org/observations/271628789	Animalia	Chordata	Squamata		Gekkonidae	Hemidactylus	Hemidactylus turcicus		SPECIES	Hemidactylus turcicus (Linnaeus, 1758)	Hemidactylus turcicus		US		California	PRESENT		28eb1a3f-1c15-4a95-931a-4af90ecb574d	33.599638	-116.24231	12.0						2025-04-19T22:03:06	19	4	2025	5221528	5221528	HUMAN_OBSERVATION	iNaturalist	Observations	271628789		desertjules	2025-04-29T23:35:08	CC_BY_NC_4_0	benpoulter	benpoulter			2026-02-23T22:39:16.484Z	StillImage	COORDINATE_ROUNDED;CONTINENT_DERIVED_FROM_COORDINATES;TAXON_ID_NOT_FOUND
5139972262	50c9509d-22c7-4a22-a47d-8c48425ef4a7	https://www.inaturalist.org/observations/242622069	Animalia	Chordata	Squamata		Gekkonidae	Hemidactylus	Hemidactylus turcicus		SPECIES	Hemidactylus turcicus (Linnaeus, 1758)	Hemidactylus turcicus		US		California	PRESENT		28eb1a3f-1c15-4a95-931a-4af90ecb574d	33.637522	-116.210948	28930.0						2024-09-18T18:50:39	18	9	2024	5221528	5221528	HUMAN_OBSERVATION	iNaturalist	Observations	242622069		Jessi Goodman	2024-09-19T05:26:04	CC_BY_NC_4_0	Jessi Goodman	Jessi Goodman			2026-02-23T22:33:57.930Z	StillImage	COORDINATE_ROUNDED;CONTINENT_DERIVED_FROM_COORDINATES;TAXON_ID_NOT_FOUND
5134741751	50c9509d-22c7-4a22-a47d-8c48425ef4a7	https://www.inaturalist.org/observations/272245665	Animalia	Chordata	Squamata		Gekkonidae	Hemidactylus	Hemidactylus turcicus		SPECIES	Hemidactylus turcicus (Linnaeus, 1758)	Hemidactylus turcicus		US		California	PRESENT		28eb1a3f-1c15-4a95-931a-4af90ecb574d	33.135495	-117.05175	3.0						2025-04-22T09:52:02	22	4	2025	5221528	5221528	HUMAN_OBSERVATION	iNaturalist	Observations	272245665		Bob Kurner	2025-04-22T17:35:18	CC_BY_NC_4_0	Bob Kurner	Bob Kurner			2026-02-24T00:55:48.407Z	StillImage	COORDINATE_ROUNDED;CONTINENT_DERIVED_FROM_COORDINATES;TAXON_ID_NOT_FOUND
5134049271	50c9509d-22c7-4a22-a47d-8c48425ef4a7	https://www.inaturalist.org/observations/268418520	Animalia	Chordata	Squamata		Gekkonidae	Hemidactylus	Hemidactylus turcicus		SPECIES	Hemidactylus turcicus (Linnaeus, 1758)	Hemidactylus turcicus		US		California	PRESENT		28eb1a3f-1c15-4a95-931a-4af90ecb574d	37.271089	-121.872476	2016.0						2025-04-03T08:21:25	3	4	2025	5221528	5221528	HUMAN_OBSERVATION	iNaturalist	Observations	268418520		jj1228	2025-04-03T18:39:43	CC_BY_NC_4_0	Jacob Zalk	Jacob Zalk			2026-02-23T22:38:33.639Z	StillImage	COORDINATE_ROUNDED;CONTINENT_DERIVED_FROM_COORDINATES;TAXON_ID_NOT_FOUND
5133921247	50c9509d-22c7-4a22-a47d-8c48425ef4a7	https://www.inaturalist.org/observations/270935454	Animalia	Chordata	Squamata		Gekkonidae	Hemidactylus	Hemidactylus turcicus		SPECIES	Hemidactylus turcicus (Linnaeus, 1758)	Hemidactylus turcicus		US		California	PRESENT		28eb1a3f-1c15-4a95-931a-4af90ecb574d	36.338421	-119.383467	2842.0						2025-04-16T18:12:58	16	4	2025	5221528	5221528	HUMAN_OBSERVATION	iNaturalist	Observations	270935454		dzo39	2025-04-17T01:48:34	CC_BY_NC_4_0	dzo39	dzo39			2026-02-23T22:39:06.636Z	StillImage	COORDINATE_ROUNDED;CONTINENT_DERIVED_FROM_COORDINATES;TAXON_ID_NOT_FOUND
5108346487	50c9509d-22c7-4a22-a47d-8c48425ef4a7	https://www.inaturalist.org/observations/267645481	Animalia	Chordata	Squamata		Gekkonidae	Hemidactylus	Hemidactylus turcicus		SPECIES	Hemidactylus turcicus (Linnaeus, 1758)	Hemidactylus turcicus		US		California	PRESENT		28eb1a3f-1c15-4a95-931a-4af90ecb574d	32.74308	-116.972981	65.0						2025-03-29T08:00	29	3	2025	5221528	5221528	HUMAN_OBSERVATION	iNaturalist	Observations	267645481		preyfortheweak	2025-03-30T04:09:43	CC_BY_NC_4_0	preyfortheweak	preyfortheweak			2026-02-24T00:54:54.326Z	StillImage	COORDINATE_ROUNDED;CONTINENT_DERIVED_FROM_COORDINATES;TAXON_ID_NOT_FOUND
5104622955	50c9509d-22c7-4a22-a47d-8c48425ef4a7	https://www.inaturalist.org/observations/266585734	Animalia	Chordata	Squamata		Gekkonidae	Hemidactylus	Hemidactylus turcicus		SPECIES	Hemidactylus turcicus (Linnaeus, 1758)	Hemidactylus turcicus		US		California	PRESENT		28eb1a3f-1c15-4a95-931a-4af90ecb574d	34.161592	-118.471347	28874.0						2025-03-22T19:39	22	3	2025	5221528	5221528	HUMAN_OBSERVATION	iNaturalist	Observations	266585734		Andy Kleinhesselink	2025-03-23T16:23:40	CC0_1_0	Andy Kleinhesselink	Andy Kleinhesselink			2026-02-23T23:47:52.413Z	StillImage	COORDINATE_ROUNDED;CONTINENT_DERIVED_FROM_COORDINATES;TAXON_ID_NOT_FOUND
5104457260	50c9509d-22c7-4a22-a47d-8c48425ef4a7	https://www.inaturalist.org/observations/266134737	Animalia	Chordata	Squamata		Gekkonidae	Hemidactylus	Hemidactylus turcicus		SPECIES	Hemidactylus turcicus (Linnaeus, 1758)	Hemidactylus turcicus		US		California	PRESENT		28eb1a3f-1c15-4a95-931a-4af90ecb574d	33.801636	-117.8934	5.0						2025-03-20T11:43:43	20	3	2025	5221528	5221528	HUMAN_OBSERVATION	iNaturalist	Observations	266134737		moses_outdoors	2025-03-20T19:11:07	CC_BY_NC_4_0	moses_outdoors	moses_outdoors			2026-02-23T22:38:05.929Z	StillImage	COORDINATE_ROUNDED;CONTINENT_DERIVED_FROM_COORDINATES;TAXON_ID_NOT_FOUND
5088197680	50c9509d-22c7-4a22-a47d-8c48425ef4a7	https://www.inaturalist.org/observations/265502108	Animalia	Chordata	Squamata		Gekkonidae	Hemidactylus	Hemidactylus turcicus		SPECIES	Hemidactylus turcicus (Linnaeus, 1758)	Hemidactylus turcicus		US		California	PRESENT		28eb1a3f-1c15-4a95-931a-4af90ecb574d	33.650573	-116.3164							2025-03-15T20:12:36	15	3	2025	5221528	5221528	HUMAN_OBSERVATION	iNaturalist	Observations	265502108		Rpmillstein	2025-03-16T03:46:01	CC_BY_NC_4_0	Rpmillstein	Rpmillstein			2026-02-23T23:47:38.933Z	StillImage	COORDINATE_ROUNDED;CONTINENT_DERIVED_FROM_COORDINATES;TAXON_ID_NOT_FOUND
5087795059	50c9509d-22c7-4a22-a47d-8c48425ef4a7	https://www.inaturalist.org/observations/265028749	Animalia	Chordata	Squamata		Gekkonidae	Hemidactylus	Hemidactylus turcicus		SPECIES	Hemidactylus turcicus (Linnaeus, 1758)	Hemidactylus turcicus		US		California	PRESENT		28eb1a3f-1c15-4a95-931a-4af90ecb574d	33.35128	-115.730317	6.0						2025-03-10T00:19:24	10	3	2025	5221528	5221528	HUMAN_OBSERVATION	iNaturalist	Observations	265028749		Kseniia Marianna Prondzynska	2025-03-12T10:42:45	CC0_1_0	A.J. Tarnas	A.J. Tarnas			2026-02-23T22:37:45.613Z	StillImage	COORDINATE_ROUNDED;CONTINENT_DERIVED_FROM_COORDINATES;TAXON_ID_NOT_FOUND
5087760997	50c9509d-22c7-4a22-a47d-8c48425ef4a7	https://www.inaturalist.org/observations/264551071	Animalia	Chordata	Squamata		Gekkonidae	Hemidactylus	Hemidactylus turcicus		SPECIES	Hemidactylus turcicus (Linnaeus, 1758)	Hemidactylus turcicus		US		California	PRESENT		28eb1a3f-1c15-4a95-931a-4af90ecb574d	32.801822	-117.049962	264.0						2024-10-17T11:30:54	17	10	2024	5221528	5221528	HUMAN_OBSERVATION	iNaturalist	Observations	264551071		nebula_m78	2025-03-08T19:34:34	CC_BY_NC_4_0	nebula_m78	nebula_m78			2026-02-23T22:37:41.252Z		COORDINATE_ROUNDED;CONTINENT_DERIVED_FROM_COORDINATES;TAXON_ID_NOT_FOUND
5087474868	50c9509d-22c7-4a22-a47d-8c48425ef4a7	https://www.inaturalist.org/observations/263991003	Animalia	Chordata	Squamata		Gekkonidae	Hemidactylus	Hemidactylus turcicus		SPECIES	Hemidactylus turcicus (Linnaeus, 1758)	Hemidactylus turcicus		US		California	PRESENT		28eb1a3f-1c15-4a95-931a-4af90ecb574d	33.722245	-116.374456	11837.0						2023-09-04T13:22	4	9	2023	5221528	5221528	HUMAN_OBSERVATION	iNaturalist	Observations	263991003		METROANGEL	2025-03-05T16:18:05	CC_BY_NC_4_0	METROANGEL	METROANGEL			2026-02-23T22:37:35.785Z	StillImage	CONTINENT_DERIVED_FROM_COORDINATES;TAXON_ID_NOT_FOUND
5087280620	50c9509d-22c7-4a22-a47d-8c48425ef4a7	https://www.inaturalist.org/observations/263108558	Animalia	Chordata	Squamata		Gekkonidae	Hemidactylus	Hemidactylus turcicus		SPECIES	Hemidactylus turcicus (Linnaeus, 1758)	Hemidactylus turcicus		US		California	PRESENT		28eb1a3f-1c15-4a95-931a-4af90ecb574d	33.675747	-116.316872	4.0						2025-02-25T14:14	25	2	2025	5221528	5221528	HUMAN_OBSERVATION	iNaturalist	Observations	263108558		Ben Machado	2025-02-26T18:24:13	CC_BY_NC_4_0	Rochelle Watson	Rochelle Watson			2026-02-23T22:37:25.507Z	StillImage	COORDINATE_ROUNDED;CONTINENT_DERIVED_FROM_COORDINATES;TAXON_ID_NOT_FOUND
5087091239	50c9509d-22c7-4a22-a47d-8c48425ef4a7	https://www.inaturalist.org/observations/247991841	Animalia	Chordata	Squamata		Gekkonidae	Hemidactylus	Hemidactylus turcicus		SPECIES	Hemidactylus turcicus (Linnaeus, 1758)	Hemidactylus turcicus		US		California	PRESENT		28eb1a3f-1c15-4a95-931a-4af90ecb574d	32.782048	-115.685866	1291.0						2024-10-18T17:37:03	18	10	2024	5221528	5221528	HUMAN_OBSERVATION	iNaturalist	Observations	247991841		natureemett	2024-10-19T00:37:44	CC_BY_NC_4_0	natureemett	natureemett			2026-02-23T22:34:56.452Z	StillImage	COORDINATE_ROUNDED;CONTINENT_DERIVED_FROM_COORDINATES;TAXON_ID_NOT_FOUND
5069829887	50c9509d-22c7-4a22-a47d-8c48425ef4a7	https://www.inaturalist.org/observations/261457020	Animalia	Chordata	Squamata		Gekkonidae	Hemidactylus	Hemidactylus turcicus		SPECIES	Hemidactylus turcicus (Linnaeus, 1758)	Hemidactylus turcicus		US		California	PRESENT		28eb1a3f-1c15-4a95-931a-4af90ecb574d	33.918731	-118.167097	28902.0						2025-02-10T13:16	10	2	2025	5221528	5221528	HUMAN_OBSERVATION	iNaturalist	Observations	261457020		Peter Mudde	2025-02-12T18:09:00	CC_BY_NC_4_0	NHMLA Community Science Program	NHMLA Community Science Program			2026-02-23T22:37:15.109Z	StillImage	COORDINATE_ROUNDED;CONTINENT_DERIVED_FROM_COORDINATES;TAXON_ID_NOT_FOUND
5064090552	50c9509d-22c7-4a22-a47d-8c48425ef4a7	https://www.inaturalist.org/observations/261250008	Animalia	Chordata	Squamata		Gekkonidae	Hemidactylus	Hemidactylus turcicus		SPECIES	Hemidactylus turcicus (Linnaeus, 1758)	Hemidactylus turcicus		US		California	PRESENT		28eb1a3f-1c15-4a95-931a-4af90ecb574d	33.795672	-116.509033	10.0						2019-05-29T05:34:51	29	5	2019	5221528	5221528	HUMAN_OBSERVATION	iNaturalist	Observations	261250008		Museum of Riverside	2025-02-10T16:40:35	CC_BY_NC_4_0	sofiaaa1999	sofiaaa1999			2026-02-24T00:53:38.192Z	StillImage	COORDINATE_ROUNDED;CONTINENT_DERIVED_FROM_COORDINATES;TAXON_ID_NOT_FOUND
5064055147	50c9509d-22c7-4a22-a47d-8c48425ef4a7	https://www.inaturalist.org/observations/261363744	Animalia	Chordata	Squamata		Gekkonidae	Hemidactylus	Hemidactylus turcicus		SPECIES	Hemidactylus turcicus (Linnaeus, 1758)	Hemidactylus turcicus		US		California	PRESENT		28eb1a3f-1c15-4a95-931a-4af90ecb574d	33.731482	-116.957521	19.0						2025-02-06T09:23:40	6	2	2025	5221528	5221528	HUMAN_OBSERVATION	iNaturalist	Observations	261363744		sam0724	2025-02-11T17:09:32	CC_BY_NC_4_0	sam0724	sam0724			2026-02-23T22:37:21.239Z	StillImage	COORDINATE_ROUNDED;CONTINENT_DERIVED_FROM_COORDINATES;TAXON_ID_NOT_FOUND
5063837882	50c9509d-22c7-4a22-a47d-8c48425ef4a7	https://www.inaturalist.org/observations/260646266	Animalia	Chordata	Squamata		Gekkonidae	Hemidactylus	Hemidactylus turcicus		SPECIES	Hemidactylus turcicus (Linnaeus, 1758)	Hemidactylus turcicus		US		California	PRESENT		28eb1a3f-1c15-4a95-931a-4af90ecb574d	34.056957	-117.508735	23.0						2025-02-04T13:57:25	4	2	2025	5221528	5221528	HUMAN_OBSERVATION	iNaturalist	Observations	260646266		plantiburas	2025-02-04T21:59:43	CC_BY_NC_4_0	plantiburas	plantiburas			2026-02-23T22:37:02.731Z	StillImage	COORDINATE_ROUNDED;CONTINENT_DERIVED_FROM_COORDINATES;TAXON_ID_NOT_FOUND
5063837323	50c9509d-22c7-4a22-a47d-8c48425ef4a7	https://www.inaturalist.org/observations/260534413	Animalia	Chordata	Squamata		Gekkonidae	Hemidactylus	Hemidactylus turcicus		SPECIES	Hemidactylus turcicus (Linnaeus, 1758)	Hemidactylus turcicus		US		California	PRESENT		28eb1a3f-1c15-4a95-931a-4af90ecb574d	33.924337	-117.940042	4.0						2025-02-03T10:37:06	3	2	2025	5221528	5221528	HUMAN_OBSERVATION	iNaturalist	Observations	260534413		Rayyan Syed Ibrahim	2025-02-03T21:44:08	CC_BY_NC_4_0	magiore	magiore			2026-02-23T22:37:09.026Z	StillImage	COORDINATE_ROUNDED;CONTINENT_DERIVED_FROM_COORDINATES;TAXON_ID_NOT_FOUND
5063717008	50c9509d-22c7-4a22-a47d-8c48425ef4a7	https://www.inaturalist.org/observations/260426290	Animalia	Chordata	Squamata		Gekkonidae	Hemidactylus	Hemidactylus turcicus		SPECIES	Hemidactylus turcicus (Linnaeus, 1758)	Hemidactylus turcicus		US		California	PRESENT		28eb1a3f-1c15-4a95-931a-4af90ecb574d	33.7435	-116.312513	11.0						2025-02-02T13:10:02	2	2	2025	5221528	5221528	HUMAN_OBSERVATION	iNaturalist	Observations	260426290		carlosiologist	2025-02-02T21:13:51	CC_BY_NC_4_0	carlosiologist	carlosiologist			2026-02-24T00:53:28.538Z	StillImage	COORDINATE_ROUNDED;CONTINENT_DERIVED_FROM_COORDINATES;TAXON_ID_NOT_FOUND
5063425826	50c9509d-22c7-4a22-a47d-8c48425ef4a7	https://www.inaturalist.org/observations/259500692	Animalia	Chordata	Squamata		Gekkonidae	Hemidactylus	Hemidactylus turcicus		SPECIES	Hemidactylus turcicus (Linnaeus, 1758)	Hemidactylus turcicus		US		California	PRESENT		28eb1a3f-1c15-4a95-931a-4af90ecb574d	34.0568	-117.27813	11.0						2025-01-24T12:29:31	24	1	2025	5221528	5221528	HUMAN_OBSERVATION	iNaturalist	Observations	259500692		dreyes721	2025-01-25T05:16:46	CC_BY_NC_4_0	dreyes721	dreyes721			2026-02-23T23:46:35.641Z	StillImage	CONTINENT_DERIVED_FROM_COORDINATES;TAXON_ID_NOT_FOUND
5063162869	50c9509d-22c7-4a22-a47d-8c48425ef4a7	https://www.inaturalist.org/observations/258996048	Animalia	Chordata	Squamata		Gekkonidae	Hemidactylus	Hemidactylus turcicus		SPECIES	Hemidactylus turcicus (Linnaeus, 1758)	Hemidactylus turcicus		US		California	PRESENT		28eb1a3f-1c15-4a95-931a-4af90ecb574d	36.782708	-119.815583	6.0						2025-01-19T14:45:14	19	1	2025	5221528	5221528	HUMAN_OBSERVATION	iNaturalist	Observations	258996048		jesse james	2025-01-19T22:47:13	CC_BY_NC_4_0	jesse james	jesse james			2026-02-23T22:36:45.527Z	StillImage	COORDINATE_ROUNDED;CONTINENT_DERIVED_FROM_COORDINATES;TAXON_ID_NOT_FOUND
5063098126	50c9509d-22c7-4a22-a47d-8c48425ef4a7	https://www.inaturalist.org/observations/258874476	Animalia	Chordata	Squamata		Gekkonidae	Hemidactylus	Hemidactylus turcicus		SPECIES	Hemidactylus turcicus (Linnaeus, 1758)	Hemidactylus turcicus		US		California	PRESENT		28eb1a3f-1c15-4a95-931a-4af90ecb574d	32.724007	-117.061447							2025-01-18T12:24:42	18	1	2025	5221528	5221528	HUMAN_OBSERVATION	iNaturalist	Observations	258874476		J. R. Sundberg	2025-01-18T21:14:54	CC_BY_NC_4_0	J. R. Sundberg	J. R. Sundberg			2026-02-23T23:46:33.116Z	StillImage	CONTINENT_DERIVED_FROM_COORDINATES;TAXON_ID_NOT_FOUND
5063010898	50c9509d-22c7-4a22-a47d-8c48425ef4a7	https://www.inaturalist.org/observations/258677084	Animalia	Chordata	Squamata		Gekkonidae	Hemidactylus	Hemidactylus turcicus		SPECIES	Hemidactylus turcicus (Linnaeus, 1758)	Hemidactylus turcicus		US		California	PRESENT		28eb1a3f-1c15-4a95-931a-4af90ecb574d	32.822189	-117.099808	20.0						2025-01-16T11:49:09	16	1	2025	5221528	5221528	HUMAN_OBSERVATION	iNaturalist	Observations	258677084		naturekids94	2025-01-16T19:54:52	CC_BY_NC_4_0	naturekids94	naturekids94			2026-02-23T23:46:26.042Z	StillImage	COORDINATE_ROUNDED;CONTINENT_DERIVED_FROM_COORDINATES;TAXON_ID_NOT_FOUND
5037160216	50c9509d-22c7-4a22-a47d-8c48425ef4a7	https://www.inaturalist.org/observations/257754776	Animalia	Chordata	Squamata		Gekkonidae	Hemidactylus	Hemidactylus turcicus		SPECIES	Hemidactylus turcicus (Linnaeus, 1758)	Hemidactylus turcicus		US		California	PRESENT		28eb1a3f-1c15-4a95-931a-4af90ecb574d	38.091615	-122.251798	842.0						2025-01-07T16:38:12	7	1	2025	5221528	5221528	HUMAN_OBSERVATION	iNaturalist	Observations	257754776		bayareamitchel	2025-01-08T00:47:10	CC_BY_NC_4_0	bayareamitchel	bayareamitchel			2026-02-24T00:52:56.278Z	StillImage	COORDINATE_ROUNDED;CONTINENT_DERIVED_FROM_COORDINATES;TAXON_ID_NOT_FOUND
5037039987	50c9509d-22c7-4a22-a47d-8c48425ef4a7	https://www.inaturalist.org/observations/257748754	Animalia	Chordata	Squamata		Gekkonidae	Hemidactylus	Hemidactylus turcicus		SPECIES	Hemidactylus turcicus (Linnaeus, 1758)	Hemidactylus turcicus		US		California	PRESENT		28eb1a3f-1c15-4a95-931a-4af90ecb574d	33.726908	-116.368217	5.0						2025-01-07T15:08:05	7	1	2025	5221528	5221528	HUMAN_OBSERVATION	iNaturalist	Observations	257748754		atwalls	2025-01-07T23:25:42	CC_BY_NC_4_0	atwalls	atwalls			2026-02-23T23:46:18.128Z	StillImage	COORDINATE_ROUNDED;CONTINENT_DERIVED_FROM_COORDINATES;TAXON_ID_NOT_FOUND
5036806510	50c9509d-22c7-4a22-a47d-8c48425ef4a7	https://www.inaturalist.org/observations/56261978	Animalia	Chordata	Squamata		Gekkonidae	Hemidactylus	Hemidactylus turcicus		SPECIES	Hemidactylus turcicus (Linnaeus, 1758)	Hemidactylus turcicus		US		California	PRESENT		28eb1a3f-1c15-4a95-931a-4af90ecb574d	33.65846	-114.523584	10.0						2020-08-12T14:21:55	12	8	2020	5221528	5221528	HUMAN_OBSERVATION	iNaturalist	Observations	56261978		Aaron Griffing	2020-08-12T22:10:05	CC_BY_4_0	Konshau Duman	Konshau Duman			2026-02-23T21:54:17.151Z	StillImage	COORDINATE_ROUNDED;CONTINENT_DERIVED_FROM_COORDINATES;TAXON_ID_NOT_FOUND
5008313404	50c9509d-22c7-4a22-a47d-8c48425ef4a7	https://www.inaturalist.org/observations/254763464	Animalia	Chordata	Squamata		Gekkonidae	Hemidactylus	Hemidactylus turcicus		SPECIES	Hemidactylus turcicus (Linnaeus, 1758)	Hemidactylus turcicus		US		California	PRESENT		28eb1a3f-1c15-4a95-931a-4af90ecb574d	36.786849	-119.792453	9352.0						2024-12-10T15:43:05	10	12	2024	5221528	5221528	HUMAN_OBSERVATION	iNaturalist	Observations	254763464		Kseniia Marianna Prondzynska	2024-12-11T18:29:02	CC_BY_NC_4_0	wendbmart	wendbmart			2026-02-24T00:52:19.320Z	StillImage	CONTINENT_DERIVED_FROM_COORDINATES;TAXON_ID_NOT_FOUND
5008306069	50c9509d-22c7-4a22-a47d-8c48425ef4a7	https://www.inaturalist.org/observations/255596673	Animalia	Chordata	Squamata		Gekkonidae	Hemidactylus	Hemidactylus turcicus		SPECIES	Hemidactylus turcicus (Linnaeus, 1758)	Hemidactylus turcicus		US		California	PRESENT		28eb1a3f-1c15-4a95-931a-4af90ecb574d	34.086006	-117.698463	35.0						2024-07-16T22:23:57	16	7	2024	5221528	5221528	HUMAN_OBSERVATION	iNaturalist	Observations	255596673		ajcarion	2024-12-19T16:28:58	CC_BY_NC_4_0	ajcarion	ajcarion			2026-02-23T22:36:14.913Z	StillImage	COORDINATE_ROUNDED;CONTINENT_DERIVED_FROM_COORDINATES;TAXON_ID_NOT_FOUND
5008266072	50c9509d-22c7-4a22-a47d-8c48425ef4a7	https://www.inaturalist.org/observations/243518165	Animalia	Chordata	Squamata		Gekkonidae	Hemidactylus	Hemidactylus turcicus		SPECIES	Hemidactylus turcicus (Linnaeus, 1758)	Hemidactylus turcicus		US		California	PRESENT		28eb1a3f-1c15-4a95-931a-4af90ecb574d	34.414743	-118.596119	28818.0						2024-09-22T21:06:12	22	9	2024	5221528	5221528	HUMAN_OBSERVATION	iNaturalist	Observations	243518165		joesjoes20	2024-10-11T19:52:38	CC_BY_NC_4_0	ravenofborg	ravenofborg			2026-02-24T00:50:04.407Z	StillImage	COORDINATE_ROUNDED;CONTINENT_DERIVED_FROM_COORDINATES;TAXON_ID_NOT_FOUND
5008196572	50c9509d-22c7-4a22-a47d-8c48425ef4a7	https://www.inaturalist.org/observations/134135730	Animalia	Chordata	Squamata		Gekkonidae	Hemidactylus	Hemidactylus turcicus		SPECIES	Hemidactylus turcicus (Linnaeus, 1758)	Hemidactylus turcicus		US		California	PRESENT		28eb1a3f-1c15-4a95-931a-4af90ecb574d	37.992457	-121.835689	179.0						2022-09-07T21:07	7	9	2022	5221528	5221528	HUMAN_OBSERVATION	iNaturalist	Observations	134135730		Aiden Donahue	2024-10-15T18:26:11	CC_BY_NC_4_0	robyn94509	robyn94509			2026-02-23T22:11:47.323Z	StillImage	COORDINATE_ROUNDED;CONTINENT_DERIVED_FROM_COORDINATES;TAXON_ID_NOT_FOUND
5008173934	50c9509d-22c7-4a22-a47d-8c48425ef4a7	https://www.inaturalist.org/observations/8910854	Animalia	Chordata	Squamata		Gekkonidae	Hemidactylus	Hemidactylus turcicus		SPECIES	Hemidactylus turcicus (Linnaeus, 1758)	Hemidactylus turcicus		US		California	PRESENT		28eb1a3f-1c15-4a95-931a-4af90ecb574d	33.826252	-116.54447	3008.0						2017-11-21T16:00:48	21	11	2017	5221528	5221528	HUMAN_OBSERVATION	iNaturalist	Observations	8910854		Colin Barrows	2017-12-01T16:45:24	CC_BY_NC_4_0	Kitty O’Neil	Kitty O’Neil			2026-02-23T21:46:21.458Z	StillImage	COORDINATE_ROUNDED;CONTINENT_DERIVED_FROM_COORDINATES;TAXON_ID_NOT_FOUND
5008115723	50c9509d-22c7-4a22-a47d-8c48425ef4a7	https://www.inaturalist.org/observations/255734808	Animalia	Chordata	Squamata		Gekkonidae	Hemidactylus	Hemidactylus turcicus		SPECIES	Hemidactylus turcicus (Linnaeus, 1758)	Hemidactylus turcicus		US		California	PRESENT		28eb1a3f-1c15-4a95-931a-4af90ecb574d	33.929868	-117.965628	1.0						2024-12-20T18:50	20	12	2024	5221528	5221528	HUMAN_OBSERVATION	iNaturalist	Observations	255734808		nmoorhatch	2024-12-21T03:20:23	CC_BY_4_0	nmoorhatch	nmoorhatch			2026-02-23T22:36:15.609Z	StillImage	COORDINATE_ROUNDED;CONTINENT_DERIVED_FROM_COORDINATES;TAXON_ID_NOT_FOUND
5007602688	50c9509d-22c7-4a22-a47d-8c48425ef4a7	https://www.inaturalist.org/observations/257050740	Animalia	Chordata	Squamata		Gekkonidae	Hemidactylus	Hemidactylus turcicus		SPECIES	Hemidactylus turcicus (Linnaeus, 1758)	Hemidactylus turcicus		US		California	PRESENT		28eb1a3f-1c15-4a95-931a-4af90ecb574d	35.382872	-119.039392	5.0						2016-10-16T15:53:22	16	10	2016	5221528	5221528	HUMAN_OBSERVATION	iNaturalist	Observations	257050740		ryansikola	2025-01-01T22:19:16	CC_BY_NC_4_0	ryansikola	ryansikola			2026-02-23T23:46:09.266Z	StillImage	COORDINATE_ROUNDED;CONTINENT_DERIVED_FROM_COORDINATES;TAXON_ID_NOT_FOUND
5007515658	50c9509d-22c7-4a22-a47d-8c48425ef4a7	https://www.inaturalist.org/observations/255962689	Animalia	Chordata	Squamata		Gekkonidae	Hemidactylus	Hemidactylus turcicus		SPECIES	Hemidactylus turcicus (Linnaeus, 1758)	Hemidactylus turcicus		US		California	PRESENT		28eb1a3f-1c15-4a95-931a-4af90ecb574d	33.801577	-117.894761	33.0						2024-12-22T22:51:39	22	12	2024	5221528	5221528	HUMAN_OBSERVATION	iNaturalist	Observations	255962689		Aidong X Wetherington	2024-12-23T06:53:36	CC_BY_NC_4_0	Aidong X Wetherington	Aidong X Wetherington			2026-02-23T23:45:56.550Z	StillImage	COORDINATE_ROUNDED;CONTINENT_DERIVED_FROM_COORDINATES;TAXON_ID_NOT_FOUND
5007436264	50c9509d-22c7-4a22-a47d-8c48425ef4a7	https://www.inaturalist.org/observations/255642314	Animalia	Chordata	Squamata		Gekkonidae	Hemidactylus	Hemidactylus turcicus		SPECIES	Hemidactylus turcicus (Linnaeus, 1758)	Hemidactylus turcicus		US		California	PRESENT		28eb1a3f-1c15-4a95-931a-4af90ecb574d	32.898122	-117.119155	11.0						2024-12-19T10:00:31	19	12	2024	5221528	5221528	HUMAN_OBSERVATION	iNaturalist	Observations	255642314		Nico Fontaine	2024-12-20T02:57:35	CC_BY_NC_4_0	Nico Fontaine	Nico Fontaine			2026-02-23T22:36:09.237Z	StillImage	COORDINATE_ROUNDED;CONTINENT_DERIVED_FROM_COORDINATES;TAXON_ID_NOT_FOUND
4994439905	50c9509d-22c7-4a22-a47d-8c48425ef4a7	https://www.inaturalist.org/observations/222800403	Animalia	Chordata	Squamata		Gekkonidae	Hemidactylus	Hemidactylus turcicus		SPECIES	Hemidactylus turcicus (Linnaeus, 1758)	Hemidactylus turcicus		US		California	PRESENT		28eb1a3f-1c15-4a95-931a-4af90ecb574d	33.185425	-117.331863	35.0						2024-06-14T23:02:46	14	6	2024	5221528	5221528	HUMAN_OBSERVATION	iNaturalist	Observations	222800403		Drew R. Davis, Ph.D.	2024-06-15T07:21:35	CC_BY_NC_4_0	buggx	buggx			2026-02-23T22:29:26.266Z	StillImage	COORDINATE_ROUNDED;CONTINENT_DERIVED_FROM_COORDINATES;TAXON_ID_NOT_FOUND
4994268857	50c9509d-22c7-4a22-a47d-8c48425ef4a7	https://www.inaturalist.org/observations/253301407	Animalia	Chordata	Squamata		Gekkonidae	Hemidactylus	Hemidactylus turcicus		SPECIES	Hemidactylus turcicus (Linnaeus, 1758)	Hemidactylus turcicus		US		California	PRESENT		28eb1a3f-1c15-4a95-931a-4af90ecb574d	34.18207	-118.494973	28874.0						2024-11-20T17:53	20	11	2024	5221528	5221528	HUMAN_OBSERVATION	iNaturalist	Observations	253301407		Andy Kleinhesselink	2024-11-27T16:40:45	CC0_1_0	Andy Kleinhesselink	Andy Kleinhesselink			2026-02-24T00:52:03.196Z	StillImage	COORDINATE_ROUNDED;CONTINENT_DERIVED_FROM_COORDINATES;TAXON_ID_NOT_FOUND
4994118500	50c9509d-22c7-4a22-a47d-8c48425ef4a7	https://www.inaturalist.org/observations/254124206	Animalia	Chordata	Squamata		Gekkonidae	Hemidactylus	Hemidactylus turcicus		SPECIES	Hemidactylus turcicus (Linnaeus, 1758)	Hemidactylus turcicus		US		California	PRESENT		28eb1a3f-1c15-4a95-931a-4af90ecb574d	33.790752	-118.135691	66.0						2024-09-26T10:03	26	9	2024	5221528	5221528	HUMAN_OBSERVATION	iNaturalist	Observations	254124206		Adam Jay	2024-12-04T19:00:57	CC_BY_NC_4_0	trinitylittle	trinitylittle			2026-02-23T22:46:23.149Z	StillImage	COORDINATE_ROUNDED;CONTINENT_DERIVED_FROM_COORDINATES;TAXON_ID_NOT_FOUND
4994106944	50c9509d-22c7-4a22-a47d-8c48425ef4a7	https://www.inaturalist.org/observations/224563704	Animalia	Chordata	Squamata		Gekkonidae	Hemidactylus	Hemidactylus turcicus		SPECIES	Hemidactylus turcicus (Linnaeus, 1758)	Hemidactylus turcicus		US		California	PRESENT		28eb1a3f-1c15-4a95-931a-4af90ecb574d	32.721084	-117.043479	195.0						2024-06-22T21:52:50	22	6	2024	5221528	5221528	HUMAN_OBSERVATION	iNaturalist	Observations	224563704		kyle_morales	2024-09-12T00:04:31	CC_BY_NC_4_0	el-limon	el-limon			2026-02-24T00:46:13.193Z	StillImage	COORDINATE_ROUNDED;CONTINENT_DERIVED_FROM_COORDINATES;TAXON_ID_NOT_FOUND
4993761468	50c9509d-22c7-4a22-a47d-8c48425ef4a7	https://www.inaturalist.org/observations/254311974	Animalia	Chordata	Squamata		Gekkonidae	Hemidactylus	Hemidactylus turcicus		SPECIES	Hemidactylus turcicus (Linnaeus, 1758)	Hemidactylus turcicus		US		California	PRESENT		28eb1a3f-1c15-4a95-931a-4af90ecb574d	33.737712	-116.413133	54.0						2024-12-05T21:50:03	5	12	2024	5221528	5221528	HUMAN_OBSERVATION	iNaturalist	Observations	254311974		nomoresilphium	2024-12-06T16:29:47	CC_BY_NC_4_0	nomoresilphium	nomoresilphium			2026-02-23T23:45:39.472Z	StillImage	COORDINATE_ROUNDED;CONTINENT_DERIVED_FROM_COORDINATES;TAXON_ID_NOT_FOUND
4987847165	50c9509d-22c7-4a22-a47d-8c48425ef4a7	https://www.inaturalist.org/observations/253196672	Animalia	Chordata	Squamata		Gekkonidae	Hemidactylus	Hemidactylus turcicus		SPECIES	Hemidactylus turcicus (Linnaeus, 1758)	Hemidactylus turcicus		US		California	PRESENT		28eb1a3f-1c15-4a95-931a-4af90ecb574d	33.754738	-117.943277	20.0						2024-11-26T10:53:41	26	11	2024	5221528	5221528	HUMAN_OBSERVATION	iNaturalist	Observations	253196672		Justin Ryan	2024-11-26T19:28:44	CC_BY_NC_4_0	Justin Ryan	Justin Ryan			2026-02-24T00:51:58.954Z	StillImage	COORDINATE_ROUNDED;CONTINENT_DERIVED_FROM_COORDINATES;TAXON_ID_NOT_FOUND
4987735821	50c9509d-22c7-4a22-a47d-8c48425ef4a7	https://www.inaturalist.org/observations/235417645	Animalia	Chordata	Squamata		Gekkonidae	Hemidactylus	Hemidactylus turcicus		SPECIES	Hemidactylus turcicus (Linnaeus, 1758)	Hemidactylus turcicus		US		California	PRESENT		28eb1a3f-1c15-4a95-931a-4af90ecb574d	35.400069	-119.125666	23.0						2024-07-23T21:48:46	23	7	2024	5221528	5221528	HUMAN_OBSERVATION	iNaturalist	Observations	235417645		cbiggie_herping	2024-08-12T21:36:14	CC_BY_NC_4_0	cbiggie_herping	cbiggie_herping			2026-02-23T23:41:21.862Z	StillImage	COORDINATE_ROUNDED;CONTINENT_DERIVED_FROM_COORDINATES;TAXON_ID_NOT_FOUND
4987715970	50c9509d-22c7-4a22-a47d-8c48425ef4a7	https://www.inaturalist.org/observations/252953484	Animalia	Chordata	Squamata		Gekkonidae	Hemidactylus	Hemidactylus turcicus		SPECIES	Hemidactylus turcicus (Linnaeus, 1758)	Hemidactylus turcicus		US		California	PRESENT		28eb1a3f-1c15-4a95-931a-4af90ecb574d	32.826421	-115.58821	16.0						2024-11-24T14:58:12	24	11	2024	5221528	5221528	HUMAN_OBSERVATION	iNaturalist	Observations	252953484		xavierrojo	2024-11-24T22:59:50	CC_BY_NC_4_0	xavierrojo	xavierrojo			2026-02-23T22:35:47.205Z	StillImage	COORDINATE_ROUNDED;CONTINENT_DERIVED_FROM_COORDINATES;TAXON_ID_NOT_FOUND
4987394960	50c9509d-22c7-4a22-a47d-8c48425ef4a7	https://www.inaturalist.org/observations/252548566	Animalia	Chordata	Squamata		Gekkonidae	Hemidactylus	Hemidactylus turcicus		SPECIES	Hemidactylus turcicus (Linnaeus, 1758)	Hemidactylus turcicus		US		California	PRESENT		28eb1a3f-1c15-4a95-931a-4af90ecb574d	37.992283	-121.888047	11.0						2024-11-21T16:26:05	21	11	2024	5221528	5221528	HUMAN_OBSERVATION	iNaturalist	Observations	252548566		Levin Pratte	2024-11-22T00:41:55	CC_BY_NC_4_0	bobo001	bobo001			2026-02-24T00:51:52.383Z	StillImage	COORDINATE_ROUNDED;CONTINENT_DERIVED_FROM_COORDINATES;TAXON_ID_NOT_FOUND
4982263070	50c9509d-22c7-4a22-a47d-8c48425ef4a7	https://www.inaturalist.org/observations/239420840	Animalia	Chordata	Squamata		Gekkonidae	Hemidactylus	Hemidactylus turcicus		SPECIES	Hemidactylus turcicus (Linnaeus, 1758)	Hemidactylus turcicus		US		California	PRESENT		28eb1a3f-1c15-4a95-931a-4af90ecb574d	34.873406	-117.030761	5.0						2024-09-02T09:11	2	9	2024	5221528	5221528	HUMAN_OBSERVATION	iNaturalist	Observations	239420840		Chris Otahal	2024-09-02T16:32:25	CC_BY_NC_4_0	Chris Otahal	Chris Otahal			2026-02-23T22:33:18.995Z	StillImage	COORDINATE_ROUNDED;CONTINENT_DERIVED_FROM_COORDINATES;TAXON_ID_NOT_FOUND
4982253840	50c9509d-22c7-4a22-a47d-8c48425ef4a7	https://www.inaturalist.org/observations/241403414	Animalia	Chordata	Squamata		Gekkonidae	Hemidactylus	Hemidactylus turcicus		SPECIES	Hemidactylus turcicus (Linnaeus, 1758)	Hemidactylus turcicus		US		California	PRESENT		28eb1a3f-1c15-4a95-931a-4af90ecb574d	34.224545	-118.5336							2022-09-10T21:14:21	10	9	2022	5221528	5221528	HUMAN_OBSERVATION	iNaturalist	Observations	241403414		amliang	2024-09-13T04:06:13	CC_BY_NC_4_0	amliang	amliang			2026-02-23T23:42:53.387Z	StillImage	COORDINATE_ROUNDED;CONTINENT_DERIVED_FROM_COORDINATES;TAXON_ID_NOT_FOUND
4982074800	50c9509d-22c7-4a22-a47d-8c48425ef4a7	https://www.inaturalist.org/observations/241061856	Animalia	Chordata	Squamata		Gekkonidae	Hemidactylus	Hemidactylus turcicus		SPECIES	Hemidactylus turcicus (Linnaeus, 1758)	Hemidactylus turcicus		US		California	PRESENT		28eb1a3f-1c15-4a95-931a-4af90ecb574d	34.015807	-118.339631	28874.0						2024-08-25T20:07:08	25	8	2024	5221528	5221528	HUMAN_OBSERVATION	iNaturalist	Observations	241061856		PJVandeventer	2024-09-11T05:37:05	CC_BY_NC_4_0	PJVandeventer	PJVandeventer			2026-02-23T23:42:46.494Z	StillImage	COORDINATE_ROUNDED;CONTINENT_DERIVED_FROM_COORDINATES;TAXON_ID_NOT_FOUND
4981994860	50c9509d-22c7-4a22-a47d-8c48425ef4a7	https://www.inaturalist.org/observations/240368085	Animalia	Chordata	Squamata		Gekkonidae	Hemidactylus	Hemidactylus turcicus		SPECIES	Hemidactylus turcicus (Linnaeus, 1758)	Hemidactylus turcicus		US		California	PRESENT		28eb1a3f-1c15-4a95-931a-4af90ecb574d	35.382142	-119.124855	14.0						2024-09-06T21:31:44	6	9	2024	5221528	5221528	HUMAN_OBSERVATION	iNaturalist	Observations	240368085		camib3	2024-09-07T18:00:00	CC_BY_NC_4_0	camib3	camib3			2026-02-23T22:33:34.684Z	StillImage	COORDINATE_ROUNDED;CONTINENT_DERIVED_FROM_COORDINATES;TAXON_ID_NOT_FOUND
4981925098	50c9509d-22c7-4a22-a47d-8c48425ef4a7	https://www.inaturalist.org/observations/238900809	Animalia	Chordata	Squamata		Gekkonidae	Hemidactylus	Hemidactylus turcicus		SPECIES	Hemidactylus turcicus (Linnaeus, 1758)	Hemidactylus turcicus		US		California	PRESENT		28eb1a3f-1c15-4a95-931a-4af90ecb574d	34.271998	-118.314216	34.0						2024-08-30T21:23:37	30	8	2024	5221528	5221528	HUMAN_OBSERVATION	iNaturalist	Observations	238900809		Aaron Griffing	2024-09-01T03:27:41	CC_BY_NC_4_0	lilygaribyan	lilygaribyan			2026-02-23T22:33:10.471Z	StillImage	COORDINATE_ROUNDED;CONTINENT_DERIVED_FROM_COORDINATES;TAXON_ID_NOT_FOUND
4980633847	50c9509d-22c7-4a22-a47d-8c48425ef4a7	https://www.inaturalist.org/observations/251018890	Animalia	Chordata	Squamata		Gekkonidae	Hemidactylus	Hemidactylus turcicus		SPECIES	Hemidactylus turcicus (Linnaeus, 1758)	Hemidactylus turcicus		US		California	PRESENT		28eb1a3f-1c15-4a95-931a-4af90ecb574d	36.455787	-116.868222							2024-11-03T21:09	3	11	2024	5221528	5221528	HUMAN_OBSERVATION	iNaturalist	Observations	251018890		Joe Sebastiani	2024-11-09T12:13:37	CC_BY_NC_4_0	Joe Sebastiani	Joe Sebastiani			2026-02-23T23:44:59.875Z	StillImage	COORDINATE_ROUNDED;CONTINENT_DERIVED_FROM_COORDINATES;TAXON_ID_NOT_FOUND
4980581162	50c9509d-22c7-4a22-a47d-8c48425ef4a7	https://www.inaturalist.org/observations/251278245	Animalia	Chordata	Squamata		Gekkonidae	Hemidactylus	Hemidactylus turcicus		SPECIES	Hemidactylus turcicus (Linnaeus, 1758)	Hemidactylus turcicus		US		California	PRESENT		28eb1a3f-1c15-4a95-931a-4af90ecb574d	32.800892	-117.042428	4.0						2024-11-10T18:23:29	10	11	2024	5221528	5221528	HUMAN_OBSERVATION	iNaturalist	Observations	251278245		tarajohnson619	2024-11-11T05:40:37	CC_BY_NC_4_0	tarajohnson619	tarajohnson619			2026-02-23T23:45:14.328Z	StillImage	COORDINATE_ROUNDED;CONTINENT_DERIVED_FROM_COORDINATES;TAXON_ID_NOT_FOUND
4978435876	50c9509d-22c7-4a22-a47d-8c48425ef4a7	https://www.inaturalist.org/observations/250501825	Animalia	Chordata	Squamata		Gekkonidae	Hemidactylus	Hemidactylus turcicus		SPECIES	Hemidactylus turcicus (Linnaeus, 1758)	Hemidactylus turcicus		US		California	PRESENT		28eb1a3f-1c15-4a95-931a-4af90ecb574d	33.280347	-115.578963	24.0						2020-06-30T17:11:18	30	6	2020	5221528	5221528	HUMAN_OBSERVATION	iNaturalist	Observations	250501825		jamesromero34	2024-11-04T23:38:48	CC_BY_NC_4_0	jamesromero34	jamesromero34			2026-02-23T23:44:53.681Z	StillImage	COORDINATE_ROUNDED;CONTINENT_DERIVED_FROM_COORDINATES;TAXON_ID_NOT_FOUND
4976507600	50c9509d-22c7-4a22-a47d-8c48425ef4a7	https://www.inaturalist.org/observations/246877831	Animalia	Chordata	Squamata		Gekkonidae	Hemidactylus	Hemidactylus turcicus		SPECIES	Hemidactylus turcicus (Linnaeus, 1758)	Hemidactylus turcicus		US		California	PRESENT		28eb1a3f-1c15-4a95-931a-4af90ecb574d	32.809569	-117.042981							2024-10-11T19:43:32	11	10	2024	5221528	5221528	HUMAN_OBSERVATION	iNaturalist	Observations	246877831		Kristin Sweeney	2024-10-12T04:36:53	CC_BY_NC_4_0	Kristin Sweeney	Kristin Sweeney			2026-02-23T23:44:03.566Z	StillImage	COORDINATE_ROUNDED;CONTINENT_DERIVED_FROM_COORDINATES;TAXON_ID_NOT_FOUND
4976467177	50c9509d-22c7-4a22-a47d-8c48425ef4a7	https://www.inaturalist.org/observations/249255950	Animalia	Chordata	Squamata		Gekkonidae	Hemidactylus	Hemidactylus turcicus		SPECIES	Hemidactylus turcicus (Linnaeus, 1758)	Hemidactylus turcicus		US		California	PRESENT		28eb1a3f-1c15-4a95-931a-4af90ecb574d	35.365297	-119.126919	19.0						2024-10-26T18:52:21	26	10	2024	5221528	5221528	HUMAN_OBSERVATION	iNaturalist	Observations	249255950		owenthebug	2024-10-27T01:52:32	CC_BY_NC_4_0	owenthebug	owenthebug			2026-02-23T22:35:10.165Z	StillImage	COORDINATE_ROUNDED;CONTINENT_DERIVED_FROM_COORDINATES;TAXON_ID_NOT_FOUND
4976458407	50c9509d-22c7-4a22-a47d-8c48425ef4a7	https://www.inaturalist.org/observations/246877757	Animalia	Chordata	Squamata		Gekkonidae	Hemidactylus	Hemidactylus turcicus		SPECIES	Hemidactylus turcicus (Linnaeus, 1758)	Hemidactylus turcicus		US		California	PRESENT		28eb1a3f-1c15-4a95-931a-4af90ecb574d	32.809881	-117.044763	5.0						2024-10-11T19:46	11	10	2024	5221528	5221528	HUMAN_OBSERVATION	iNaturalist	Observations	246877757		Kristin Sweeney	2024-10-12T04:36:13	CC_BY_NC_4_0	Kristin Sweeney	Kristin Sweeney			2026-02-23T22:34:43.969Z	StillImage	COORDINATE_ROUNDED;CONTINENT_DERIVED_FROM_COORDINATES;TAXON_ID_NOT_FOUND
4976423034	50c9509d-22c7-4a22-a47d-8c48425ef4a7	https://www.inaturalist.org/observations/248988556	Animalia	Chordata	Squamata		Gekkonidae	Hemidactylus	Hemidactylus turcicus		SPECIES	Hemidactylus turcicus (Linnaeus, 1758)	Hemidactylus turcicus		US		California	PRESENT		28eb1a3f-1c15-4a95-931a-4af90ecb574d	35.443282	-119.027546	4.0						2024-10-24T09:04:54	24	10	2024	5221528	5221528	HUMAN_OBSERVATION	iNaturalist	Observations	248988556		Larry Neal	2024-10-25T07:01:57	CC_BY_NC_4_0	Larry Neal	Larry Neal			2026-02-23T22:35:10.618Z	StillImage	COORDINATE_ROUNDED;CONTINENT_DERIVED_FROM_COORDINATES;TAXON_ID_NOT_FOUND
4976336739	50c9509d-22c7-4a22-a47d-8c48425ef4a7	https://www.inaturalist.org/observations/249462549	Animalia	Chordata	Squamata		Gekkonidae	Hemidactylus	Hemidactylus turcicus		SPECIES	Hemidactylus turcicus (Linnaeus, 1758)	Hemidactylus turcicus		US		California	PRESENT		28eb1a3f-1c15-4a95-931a-4af90ecb574d	32.816231	-117.046031	5.0						2024-10-26T22:07:17	26	10	2024	5221528	5221528	HUMAN_OBSERVATION	iNaturalist	Observations	249462549		Kristin Sweeney	2024-10-28T07:20:41	CC_BY_NC_4_0	Kristin Sweeney	Kristin Sweeney			2026-02-24T00:51:11.432Z	StillImage	COORDINATE_ROUNDED;CONTINENT_DERIVED_FROM_COORDINATES;TAXON_ID_NOT_FOUND
4976273054	50c9509d-22c7-4a22-a47d-8c48425ef4a7	https://www.inaturalist.org/observations/249107943	Animalia	Chordata	Squamata		Gekkonidae	Hemidactylus	Hemidactylus turcicus		SPECIES	Hemidactylus turcicus (Linnaeus, 1758)	Hemidactylus turcicus		US		California	PRESENT		28eb1a3f-1c15-4a95-931a-4af90ecb574d	34.14952	-117.843782	22.0						2024-10-25T20:36:28	25	10	2024	5221528	5221528	HUMAN_OBSERVATION	iNaturalist	Observations	249107943		gavitp	2024-10-26T02:51:13	CC_BY_NC_4_0	gavitp	gavitp			2026-02-24T00:51:09.784Z	StillImage	COORDINATE_ROUNDED;CONTINENT_DERIVED_FROM_COORDINATES;TAXON_ID_NOT_FOUND
4976271003	50c9509d-22c7-4a22-a47d-8c48425ef4a7	https://www.inaturalist.org/observations/243147696	Animalia	Chordata	Squamata		Gekkonidae	Hemidactylus	Hemidactylus turcicus		SPECIES	Hemidactylus turcicus (Linnaeus, 1758)	Hemidactylus turcicus		US		California	PRESENT		28eb1a3f-1c15-4a95-931a-4af90ecb574d	37.525208	-120.876348	59.0						2024-09-21T11:18:16	21	9	2024	5221528	5221528	HUMAN_OBSERVATION	iNaturalist	Observations	243147696		sinfalt	2024-09-21T18:21:53	CC_BY_NC_4_0	sinfalt	sinfalt			2026-02-24T00:50:03.957Z	StillImage	COORDINATE_ROUNDED;CONTINENT_DERIVED_FROM_COORDINATES;TAXON_ID_NOT_FOUND
4974184087	50c9509d-22c7-4a22-a47d-8c48425ef4a7	https://www.inaturalist.org/observations/247990100	Animalia	Chordata	Squamata		Gekkonidae	Hemidactylus	Hemidactylus turcicus		SPECIES	Hemidactylus turcicus (Linnaeus, 1758)	Hemidactylus turcicus		US		California	PRESENT		28eb1a3f-1c15-4a95-931a-4af90ecb574d	33.724109	-118.022795	372.0						2024-10-18T12:35:32	18	10	2024	5221528	5221528	HUMAN_OBSERVATION	iNaturalist	Observations	247990100		agliolio	2024-10-19T00:22:07	CC_BY_NC_4_0	agliolio	agliolio			2026-02-23T22:34:55.121Z	StillImage	COORDINATE_ROUNDED;CONTINENT_DERIVED_FROM_COORDINATES;TAXON_ID_NOT_FOUND
4973961317	50c9509d-22c7-4a22-a47d-8c48425ef4a7	https://www.inaturalist.org/observations/247987196	Animalia	Chordata	Squamata		Gekkonidae	Hemidactylus	Hemidactylus turcicus		SPECIES	Hemidactylus turcicus (Linnaeus, 1758)	Hemidactylus turcicus		US		California	PRESENT		28eb1a3f-1c15-4a95-931a-4af90ecb574d	35.37315	-119.018712	23906.0						2024-10-18T16:16:47	18	10	2024	5221528	5221528	HUMAN_OBSERVATION	iNaturalist	Observations	247987196		lisawilson23	2024-10-18T23:50:10	CC_BY_NC_4_0	lisawilson23	lisawilson23			2026-02-24T00:50:54.095Z	StillImage	COORDINATE_ROUNDED;CONTINENT_DERIVED_FROM_COORDINATES;TAXON_ID_NOT_FOUND
4973873201	50c9509d-22c7-4a22-a47d-8c48425ef4a7	https://www.inaturalist.org/observations/247826327	Animalia	Chordata	Squamata		Gekkonidae	Hemidactylus	Hemidactylus turcicus		SPECIES	Hemidactylus turcicus (Linnaeus, 1758)	Hemidactylus turcicus		US		California	PRESENT		28eb1a3f-1c15-4a95-931a-4af90ecb574d	35.388595	-119.095436	3.0						2024-10-17T14:57:26	17	10	2024	5221528	5221528	HUMAN_OBSERVATION	iNaturalist	Observations	247826327		camib3	2024-10-17T21:59:48	CC_BY_NC_4_0	camib3	camib3			2026-02-24T00:50:52.218Z	StillImage	COORDINATE_ROUNDED;CONTINENT_DERIVED_FROM_COORDINATES;TAXON_ID_NOT_FOUND
4954780820	50c9509d-22c7-4a22-a47d-8c48425ef4a7	https://www.inaturalist.org/observations/58210480	Animalia	Chordata	Squamata		Gekkonidae	Hemidactylus	Hemidactylus turcicus		SPECIES	Hemidactylus turcicus (Linnaeus, 1758)	Hemidactylus turcicus		US		California	PRESENT		28eb1a3f-1c15-4a95-931a-4af90ecb574d	33.74297	-117.953112	14.0						2020-08-22T17:29:57	22	8	2020	5221528	5221528	HUMAN_OBSERVATION	iNaturalist	Observations	58210480		bheuer	2020-09-01T02:13:46	CC_BY_NC_4_0	bheuer	bheuer			2026-02-24T00:14:13.264Z	StillImage	COORDINATE_ROUNDED;CONTINENT_DERIVED_FROM_COORDINATES;TAXON_ID_NOT_FOUND
4954689757	50c9509d-22c7-4a22-a47d-8c48425ef4a7	https://www.inaturalist.org/observations/75265418	Animalia	Chordata	Squamata		Gekkonidae	Hemidactylus	Hemidactylus turcicus		SPECIES	Hemidactylus turcicus (Linnaeus, 1758)	Hemidactylus turcicus		US		California	PRESENT		28eb1a3f-1c15-4a95-931a-4af90ecb574d	33.774923	-118.12791	28930.0						2021-04-25T18:19:47	25	4	2021	5221528	5221528	HUMAN_OBSERVATION	iNaturalist	Observations	75265418		johendrix	2021-04-26T01:28:03	CC_BY_NC_4_0	johendrix	johendrix			2026-02-23T23:04:08.181Z	StillImage	COORDINATE_ROUNDED;CONTINENT_DERIVED_FROM_COORDINATES;TAXON_ID_NOT_FOUND
4954627614	50c9509d-22c7-4a22-a47d-8c48425ef4a7	https://www.inaturalist.org/observations/98515670	Animalia	Chordata	Squamata		Gekkonidae	Hemidactylus	Hemidactylus turcicus		SPECIES	Hemidactylus turcicus (Linnaeus, 1758)	Hemidactylus turcicus		US		California	PRESENT		28eb1a3f-1c15-4a95-931a-4af90ecb574d	38.41035	-121.369964	10.0						2021-10-17T09:47:09	17	10	2021	5221528	5221528	HUMAN_OBSERVATION	iNaturalist	Observations	98515670		wolffoxtrip	2021-10-17T18:02:43	CC_BY_NC_4_0	wolffoxtrip	wolffoxtrip			2026-02-23T22:02:39.934Z	StillImage	COORDINATE_ROUNDED;CONTINENT_DERIVED_FROM_COORDINATES;TAXON_ID_NOT_FOUND
4954496566	50c9509d-22c7-4a22-a47d-8c48425ef4a7	https://www.inaturalist.org/observations/58929107	Animalia	Chordata	Squamata		Gekkonidae	Hemidactylus	Hemidactylus turcicus		SPECIES	Hemidactylus turcicus (Linnaeus, 1758)	Hemidactylus turcicus		US		California	PRESENT		28eb1a3f-1c15-4a95-931a-4af90ecb574d	38.561056	-121.745453	65.0						2020-09-07T23:34:57	7	9	2020	5221528	5221528	HUMAN_OBSERVATION	iNaturalist	Observations	58929107		dsommer	2020-09-08T06:36:31	CC_BY_NC_4_0	dsommer	dsommer			2026-02-23T23:00:41.882Z	StillImage	COORDINATE_ROUNDED;CONTINENT_DERIVED_FROM_COORDINATES;TAXON_ID_NOT_FOUND
4954441756	50c9509d-22c7-4a22-a47d-8c48425ef4a7	https://www.inaturalist.org/observations/246423733	Animalia	Chordata	Squamata		Gekkonidae	Hemidactylus	Hemidactylus turcicus		SPECIES	Hemidactylus turcicus (Linnaeus, 1758)	Hemidactylus turcicus		US		California	PRESENT		28eb1a3f-1c15-4a95-931a-4af90ecb574d	38.564655	-121.746639	246.0						2024-10-08T21:05:18	8	10	2024	5221528	5221528	HUMAN_OBSERVATION	iNaturalist	Observations	246423733		littlegranola	2024-10-09T04:05:22	CC_BY_NC_4_0	littlegranola	littlegranola			2026-02-24T00:50:36.387Z	StillImage	COORDINATE_ROUNDED;CONTINENT_DERIVED_FROM_COORDINATES;TAXON_ID_NOT_FOUND
4954367543	50c9509d-22c7-4a22-a47d-8c48425ef4a7	https://www.inaturalist.org/observations/246066035	Animalia	Chordata	Squamata		Gekkonidae	Hemidactylus	Hemidactylus turcicus		SPECIES	Hemidactylus turcicus (Linnaeus, 1758)	Hemidactylus turcicus		US		California	PRESENT		28eb1a3f-1c15-4a95-931a-4af90ecb574d	33.772248	-116.563767	10072.0						2024-09-26T13:58:24	26	9	2024	5221528	5221528	HUMAN_OBSERVATION	iNaturalist	Observations	246066035		camib3	2024-10-07T20:00:00	CC_BY_NC_4_0	arodas83	arodas83			2026-02-23T23:43:52.657Z	StillImage	COORDINATE_ROUNDED;CONTINENT_DERIVED_FROM_COORDINATES;TAXON_ID_NOT_FOUND
4954363560	50c9509d-22c7-4a22-a47d-8c48425ef4a7	https://www.inaturalist.org/observations/244642804	Animalia	Chordata	Squamata		Gekkonidae	Hemidactylus	Hemidactylus turcicus		SPECIES	Hemidactylus turcicus (Linnaeus, 1758)	Hemidactylus turcicus		US		California	PRESENT		28eb1a3f-1c15-4a95-931a-4af90ecb574d	34.150958	-118.345497	3.0						2024-09-28T23:14:45	28	9	2024	5221528	5221528	HUMAN_OBSERVATION	iNaturalist	Observations	244642804		Chris Otahal	2024-09-29T07:23:42	CC_BY_NC_4_0	lizchad	lizchad			2026-02-24T00:06:41.839Z	StillImage	COORDINATE_ROUNDED;CONTINENT_DERIVED_FROM_COORDINATES;TAXON_ID_NOT_FOUND
4954346443	50c9509d-22c7-4a22-a47d-8c48425ef4a7	https://www.inaturalist.org/observations/246413831	Animalia	Chordata	Squamata		Gekkonidae	Hemidactylus	Hemidactylus turcicus		SPECIES	Hemidactylus turcicus (Linnaeus, 1758)	Hemidactylus turcicus		US		California	PRESENT		28eb1a3f-1c15-4a95-931a-4af90ecb574d	36.820133	-119.779286							2024-10-08T19:13:40	8	10	2024	5221528	5221528	HUMAN_OBSERVATION	iNaturalist	Observations	246413831		jaymike11	2024-10-09T02:16:45	CC_BY_NC_4_0	jaymike11	jaymike11			2026-02-24T00:50:35.976Z	StillImage	COORDINATE_ROUNDED;CONTINENT_DERIVED_FROM_COORDINATES;TAXON_ID_NOT_FOUND
4954271784	50c9509d-22c7-4a22-a47d-8c48425ef4a7	https://www.inaturalist.org/observations/246065735	Animalia	Chordata	Squamata		Gekkonidae	Hemidactylus	Hemidactylus turcicus		SPECIES	Hemidactylus turcicus (Linnaeus, 1758)	Hemidactylus turcicus		US		California	PRESENT		28eb1a3f-1c15-4a95-931a-4af90ecb574d	33.823736	-116.454458	4218.0						2024-10-03T09:01:31	3	10	2024	5221528	5221528	HUMAN_OBSERVATION	iNaturalist	Observations	246065735		Eduardo L. Cruz	2024-10-11T18:30:24	CC_BY_NC_4_0	arodas83	arodas83			2026-02-24T00:50:37.268Z	StillImage	CONTINENT_DERIVED_FROM_COORDINATES;TAXON_ID_NOT_FOUND
4953062299	50c9509d-22c7-4a22-a47d-8c48425ef4a7	https://www.inaturalist.org/observations/244926382	Animalia	Chordata	Squamata		Gekkonidae	Hemidactylus	Hemidactylus turcicus		SPECIES	Hemidactylus turcicus (Linnaeus, 1758)	Hemidactylus turcicus		US		California	PRESENT		28eb1a3f-1c15-4a95-931a-4af90ecb574d	34.222888	-118.362687	4.0						2024-08-12T21:00	12	8	2024	5221528	5221528	HUMAN_OBSERVATION	iNaturalist	Observations	244926382		Nurse Jen	2024-09-30T16:53:26	CC_BY_NC_4_0	Nurse Jen	Nurse Jen			2026-02-24T00:50:19.765Z	StillImage	COORDINATE_ROUNDED;CONTINENT_DERIVED_FROM_COORDINATES;TAXON_ID_NOT_FOUND
4953036445	50c9509d-22c7-4a22-a47d-8c48425ef4a7	https://www.inaturalist.org/observations/242769478	Animalia	Chordata	Squamata		Gekkonidae	Hemidactylus	Hemidactylus turcicus		SPECIES	Hemidactylus turcicus (Linnaeus, 1758)	Hemidactylus turcicus		US		California	PRESENT		28eb1a3f-1c15-4a95-931a-4af90ecb574d	33.761067	-116.36377	4.0						2024-07-26T23:16:28	26	7	2024	5221528	5221528	HUMAN_OBSERVATION	iNaturalist	Observations	242769478		Cole Ivie	2024-09-19T23:34:43	CC_BY_NC_4_0	Cole Ivie	Cole Ivie			2026-02-23T23:43:13.635Z	StillImage	COORDINATE_ROUNDED;CONTINENT_DERIVED_FROM_COORDINATES;TAXON_ID_NOT_FOUND
4953004645	50c9509d-22c7-4a22-a47d-8c48425ef4a7	https://www.inaturalist.org/observations/241822386	Animalia	Chordata	Squamata		Gekkonidae	Hemidactylus	Hemidactylus turcicus		SPECIES	Hemidactylus turcicus (Linnaeus, 1758)	Hemidactylus turcicus		US		California	PRESENT		28eb1a3f-1c15-4a95-931a-4af90ecb574d	33.903544	-116.488483	179.0						2024-09-15T01:18:45	15	9	2024	5221528	5221528	HUMAN_OBSERVATION	iNaturalist	Observations	241822386		joesjoes20	2024-09-15T17:47:24	CC_BY_NC_4_0	r8r0	r8r0			2026-02-23T22:43:39.409Z	StillImage	COORDINATE_ROUNDED;CONTINENT_DERIVED_FROM_COORDINATES;TAXON_ID_NOT_FOUND
4952993628	50c9509d-22c7-4a22-a47d-8c48425ef4a7	https://www.inaturalist.org/observations/244421957	Animalia	Chordata	Squamata		Gekkonidae	Hemidactylus	Hemidactylus turcicus		SPECIES	Hemidactylus turcicus (Linnaeus, 1758)	Hemidactylus turcicus		US		California	PRESENT		28eb1a3f-1c15-4a95-931a-4af90ecb574d	34.149442	-117.843613	8.0						2024-09-27T19:49:15	27	9	2024	5221528	5221528	HUMAN_OBSERVATION	iNaturalist	Observations	244421957		gavitp	2024-09-28T02:56:37	CC_BY_NC_4_0	gavitp	gavitp			2026-02-24T00:50:13.359Z	StillImage	COORDINATE_ROUNDED;CONTINENT_DERIVED_FROM_COORDINATES;TAXON_ID_NOT_FOUND
4952971120	50c9509d-22c7-4a22-a47d-8c48425ef4a7	https://www.inaturalist.org/observations/241411687	Animalia	Chordata	Squamata		Gekkonidae	Hemidactylus	Hemidactylus turcicus		SPECIES	Hemidactylus turcicus (Linnaeus, 1758)	Hemidactylus turcicus		US		California	PRESENT		28eb1a3f-1c15-4a95-931a-4af90ecb574d	33.685958	-116.28857	28930.0						2024-09-11T22:00	11	9	2024	5221528	5221528	HUMAN_OBSERVATION	iNaturalist	Observations	241411687		Ben Machado	2024-09-13T16:35:15	CC_BY_NC_4_0	falsebug	falsebug			2026-02-23T22:33:48.278Z	StillImage	COORDINATE_ROUNDED;CONTINENT_DERIVED_FROM_COORDINATES;TAXON_ID_NOT_FOUND
4952968591	50c9509d-22c7-4a22-a47d-8c48425ef4a7	https://www.inaturalist.org/observations/245884237	Animalia	Chordata	Squamata		Gekkonidae	Hemidactylus	Hemidactylus turcicus		SPECIES	Hemidactylus turcicus (Linnaeus, 1758)	Hemidactylus turcicus		US		California	PRESENT		28eb1a3f-1c15-4a95-931a-4af90ecb574d	34.183965	-118.787293	25.0						2024-10-04T20:50	4	10	2024	5221528	5221528	HUMAN_OBSERVATION	iNaturalist	Observations	245884237		lola_augspurger	2024-10-06T04:23:48	CC_BY_NC_4_0	lola_augspurger	lola_augspurger			2026-02-23T23:43:52.188Z	StillImage	COORDINATE_ROUNDED;CONTINENT_DERIVED_FROM_COORDINATES;TAXON_ID_NOT_FOUND
4952961683	50c9509d-22c7-4a22-a47d-8c48425ef4a7	https://www.inaturalist.org/observations/245522870	Animalia	Chordata	Squamata		Gekkonidae	Hemidactylus	Hemidactylus turcicus		SPECIES	Hemidactylus turcicus (Linnaeus, 1758)	Hemidactylus turcicus		US		California	PRESENT		28eb1a3f-1c15-4a95-931a-4af90ecb574d	33.752069	-116.377883							2024-10-03T20:10:25	3	10	2024	5221528	5221528	HUMAN_OBSERVATION	iNaturalist	Observations	245522870		P. Johnson	2024-10-04T04:41:15	CC_BY_NC_4_0	P. Johnson	P. Johnson			2026-02-24T00:50:32.255Z	StillImage	COORDINATE_ROUNDED;CONTINENT_DERIVED_FROM_COORDINATES;TAXON_ID_NOT_FOUND
4952950243	50c9509d-22c7-4a22-a47d-8c48425ef4a7	https://www.inaturalist.org/observations/246231725	Animalia	Chordata	Squamata		Gekkonidae	Hemidactylus	Hemidactylus turcicus		SPECIES	Hemidactylus turcicus (Linnaeus, 1758)	Hemidactylus turcicus		US		California	PRESENT		28eb1a3f-1c15-4a95-931a-4af90ecb574d	33.767368	-117.850011	23.0						2024-10-07T15:08:39	7	10	2024	5221528	5221528	HUMAN_OBSERVATION	iNaturalist	Observations	246231725		kylepk	2024-10-07T22:12:30	CC_BY_NC_4_0	kylepk	kylepk			2026-02-23T22:34:38.939Z	StillImage	COORDINATE_ROUNDED;CONTINENT_DERIVED_FROM_COORDINATES;TAXON_ID_NOT_FOUND
4952928593	50c9509d-22c7-4a22-a47d-8c48425ef4a7	https://www.inaturalist.org/observations/242907310	Animalia	Chordata	Squamata		Gekkonidae	Hemidactylus	Hemidactylus turcicus		SPECIES	Hemidactylus turcicus (Linnaeus, 1758)	Hemidactylus turcicus		US		California	PRESENT		28eb1a3f-1c15-4a95-931a-4af90ecb574d	33.735608	-116.241705	271.0						2024-09-20T09:59:18	20	9	2024	5221528	5221528	HUMAN_OBSERVATION	iNaturalist	Observations	242907310		gvaladez_codstudent	2024-09-20T17:01:19	CC_BY_NC_4_0	gvaladez_codstudent	gvaladez_codstudent			2026-02-23T23:43:12.882Z	StillImage	COORDINATE_ROUNDED;CONTINENT_DERIVED_FROM_COORDINATES;TAXON_ID_NOT_FOUND
4952752394	50c9509d-22c7-4a22-a47d-8c48425ef4a7	https://www.inaturalist.org/observations/245637061	Animalia	Chordata	Squamata		Gekkonidae	Hemidactylus	Hemidactylus turcicus		SPECIES	Hemidactylus turcicus (Linnaeus, 1758)	Hemidactylus turcicus		US		California	PRESENT		28eb1a3f-1c15-4a95-931a-4af90ecb574d	33.70067	-116.221847	17.0						2024-10-01T14:43:13	1	10	2024	5221528	5221528	HUMAN_OBSERVATION	iNaturalist	Observations	245637061		Liam O	2024-10-04T21:25:59	CC_BY_NC_4_0	donlopez	donlopez			2026-02-23T22:34:30.034Z	StillImage	COORDINATE_ROUNDED;CONTINENT_DERIVED_FROM_COORDINATES;TAXON_ID_NOT_FOUND
4952453951	50c9509d-22c7-4a22-a47d-8c48425ef4a7	https://www.inaturalist.org/observations/244162606	Animalia	Chordata	Squamata		Gekkonidae	Hemidactylus	Hemidactylus turcicus		SPECIES	Hemidactylus turcicus (Linnaeus, 1758)	Hemidactylus turcicus		US		California	PRESENT		28eb1a3f-1c15-4a95-931a-4af90ecb574d	32.790633	-117.101389	8.0						2024-09-26T10:19:57	26	9	2024	5221528	5221528	HUMAN_OBSERVATION	iNaturalist	Observations	244162606		artmachette	2024-09-26T17:20:34	CC_BY_NC_4_0	artmachette	artmachette			2026-02-24T00:50:10.637Z	StillImage	COORDINATE_ROUNDED;CONTINENT_DERIVED_FROM_COORDINATES;TAXON_ID_NOT_FOUND
4952307641	50c9509d-22c7-4a22-a47d-8c48425ef4a7	https://www.inaturalist.org/observations/242424784	Animalia	Chordata	Squamata		Gekkonidae	Hemidactylus	Hemidactylus turcicus		SPECIES	Hemidactylus turcicus (Linnaeus, 1758)	Hemidactylus turcicus		US		California	PRESENT		28eb1a3f-1c15-4a95-931a-4af90ecb574d	33.773205	-116.26895	148.0						2024-09-14T21:51:30	14	9	2024	5221528	5221528	HUMAN_OBSERVATION	iNaturalist	Observations	242424784		joesjoes20	2024-09-18T16:30:48	CC_BY_NC_4_0	joobie	joobie			2026-02-24T00:49:56.671Z	StillImage	COORDINATE_ROUNDED;CONTINENT_DERIVED_FROM_COORDINATES;TAXON_ID_NOT_FOUND
4952205375	50c9509d-22c7-4a22-a47d-8c48425ef4a7	https://www.inaturalist.org/observations/245430051	Animalia	Chordata	Squamata		Gekkonidae	Hemidactylus	Hemidactylus turcicus		SPECIES	Hemidactylus turcicus (Linnaeus, 1758)	Hemidactylus turcicus		US		California	PRESENT		28eb1a3f-1c15-4a95-931a-4af90ecb574d	33.752047	-116.378122							2024-10-02T19:47:27	2	10	2024	5221528	5221528	HUMAN_OBSERVATION	iNaturalist	Observations	245430051		bevj	2024-10-03T17:15:44	CC_BY_NC_4_0	bevj	bevj			2026-02-23T23:43:45.368Z	StillImage	COORDINATE_ROUNDED;CONTINENT_DERIVED_FROM_COORDINATES;TAXON_ID_NOT_FOUND
4952177496	50c9509d-22c7-4a22-a47d-8c48425ef4a7	https://www.inaturalist.org/observations/245400619	Animalia	Chordata	Squamata		Gekkonidae	Hemidactylus	Hemidactylus turcicus		SPECIES	Hemidactylus turcicus (Linnaeus, 1758)	Hemidactylus turcicus		US		California	PRESENT		28eb1a3f-1c15-4a95-931a-4af90ecb574d	36.347862	-119.42788	12.0						2024-09-24T07:08:57	24	9	2024	5221528	5221528	HUMAN_OBSERVATION	iNaturalist	Observations	245400619		artq90	2024-10-03T14:09:04	CC_BY_NC_4_0	artq90	artq90			2026-02-23T23:43:48.390Z	StillImage	COORDINATE_ROUNDED;CONTINENT_DERIVED_FROM_COORDINATES;TAXON_ID_NOT_FOUND
4950412928	50c9509d-22c7-4a22-a47d-8c48425ef4a7	https://www.inaturalist.org/observations/243876386	Animalia	Chordata	Squamata		Gekkonidae	Hemidactylus	Hemidactylus turcicus		SPECIES	Hemidactylus turcicus (Linnaeus, 1758)	Hemidactylus turcicus		US		California	PRESENT		28eb1a3f-1c15-4a95-931a-4af90ecb574d	37.067498	-119.154524	196.0						2023-08-03T19:28:10	3	8	2023	5221528	5221528	HUMAN_OBSERVATION	iNaturalist	Observations	243876386		Rachael	2024-09-24T22:41:38	CC_BY_NC_4_0	Rachael	Rachael			2026-02-24T00:50:08.454Z	StillImage	COORDINATE_ROUNDED;CONTINENT_DERIVED_FROM_COORDINATES;TAXON_ID_NOT_FOUND
4950245198	50c9509d-22c7-4a22-a47d-8c48425ef4a7	https://www.inaturalist.org/observations/243725050	Animalia	Chordata	Squamata		Gekkonidae	Hemidactylus	Hemidactylus turcicus		SPECIES	Hemidactylus turcicus (Linnaeus, 1758)	Hemidactylus turcicus		US		California	PRESENT		28eb1a3f-1c15-4a95-931a-4af90ecb574d	34.422923	-118.50528	28818.0						2024-09-23T20:11:05	23	9	2024	5221528	5221528	HUMAN_OBSERVATION	iNaturalist	Observations	243725050		ravenofborg	2024-09-24T03:12:56	CC_BY_NC_4_0	ravenofborg	ravenofborg			2026-02-24T00:50:09.302Z	StillImage	COORDINATE_ROUNDED;CONTINENT_DERIVED_FROM_COORDINATES;TAXON_ID_NOT_FOUND
4950017604	50c9509d-22c7-4a22-a47d-8c48425ef4a7	https://www.inaturalist.org/observations/242769603	Animalia	Chordata	Squamata		Gekkonidae	Hemidactylus	Hemidactylus turcicus		SPECIES	Hemidactylus turcicus (Linnaeus, 1758)	Hemidactylus turcicus		US		California	PRESENT		28eb1a3f-1c15-4a95-931a-4af90ecb574d	33.761003	-116.364472	4.0						2024-07-26T23:08:15	26	7	2024	5221528	5221528	HUMAN_OBSERVATION	iNaturalist	Observations	242769603		Cole Ivie	2024-09-19T23:35:18	CC_BY_NC_4_0	Cole Ivie	Cole Ivie			2026-02-23T22:34:01.664Z	StillImage	COORDINATE_ROUNDED;CONTINENT_DERIVED_FROM_COORDINATES;TAXON_ID_NOT_FOUND
4946704147	50c9509d-22c7-4a22-a47d-8c48425ef4a7	https://www.inaturalist.org/observations/241717595	Animalia	Chordata	Squamata		Gekkonidae	Hemidactylus	Hemidactylus turcicus		SPECIES	Hemidactylus turcicus (Linnaeus, 1758)	Hemidactylus turcicus		US		California	PRESENT		28eb1a3f-1c15-4a95-931a-4af90ecb574d	33.804519	-117.791573	28902.0						2024-09-13T21:06	13	9	2024	5221528	5221528	HUMAN_OBSERVATION	iNaturalist	Observations	241717595		Roadkill	2024-09-14T20:05:06	CC_BY_NC_4_0	Roadkill	Roadkill			2026-02-24T00:49:49.559Z	StillImage	COORDINATE_ROUNDED;CONTINENT_DERIVED_FROM_COORDINATES;TAXON_ID_NOT_FOUND
4946663931	50c9509d-22c7-4a22-a47d-8c48425ef4a7	https://www.inaturalist.org/observations/241082287	Animalia	Chordata	Squamata		Gekkonidae	Hemidactylus	Hemidactylus turcicus		SPECIES	Hemidactylus turcicus (Linnaeus, 1758)	Hemidactylus turcicus		US		California	PRESENT		28eb1a3f-1c15-4a95-931a-4af90ecb574d	32.816455	-117.046319	5.0						2024-09-10T22:22:16	10	9	2024	5221528	5221528	HUMAN_OBSERVATION	iNaturalist	Observations	241082287		Kristin Sweeney	2024-09-11T10:44:46	CC_BY_NC_4_0	Kristin Sweeney	Kristin Sweeney			2026-02-23T22:33:45.632Z	StillImage	COORDINATE_ROUNDED;CONTINENT_DERIVED_FROM_COORDINATES;TAXON_ID_NOT_FOUND
4946648929	50c9509d-22c7-4a22-a47d-8c48425ef4a7	https://www.inaturalist.org/observations/240269781	Animalia	Chordata	Squamata		Gekkonidae	Hemidactylus	Hemidactylus turcicus		SPECIES	Hemidactylus turcicus (Linnaeus, 1758)	Hemidactylus turcicus		US		California	PRESENT		28eb1a3f-1c15-4a95-931a-4af90ecb574d	33.711833	-116.393592	387.0						2024-09-06T23:25:51	6	9	2024	5221528	5221528	HUMAN_OBSERVATION	iNaturalist	Observations	240269781		sadams221	2024-09-07T06:30:26	CC_BY_NC_4_0	sadams221	sadams221			2026-02-23T23:42:36.059Z	StillImage	COORDINATE_ROUNDED;CONTINENT_DERIVED_FROM_COORDINATES;TAXON_ID_NOT_FOUND
4946386212	50c9509d-22c7-4a22-a47d-8c48425ef4a7	https://www.inaturalist.org/observations/224712327	Animalia	Chordata	Squamata		Gekkonidae	Hemidactylus	Hemidactylus turcicus		SPECIES	Hemidactylus turcicus (Linnaeus, 1758)	Hemidactylus turcicus		US		California	PRESENT		28eb1a3f-1c15-4a95-931a-4af90ecb574d	32.786758	-117.050964	564.0						2024-06-23T11:21:19	23	6	2024	5221528	5221528	HUMAN_OBSERVATION	iNaturalist	Observations	224712327		Aaron Griffing	2024-06-25T00:03:11	CC_BY_NC_4_0	sgysel	sgysel			2026-02-24T00:46:15.820Z	StillImage	COORDINATE_ROUNDED;CONTINENT_DERIVED_FROM_COORDINATES;TAXON_ID_NOT_FOUND
4946185194	50c9509d-22c7-4a22-a47d-8c48425ef4a7	https://www.inaturalist.org/observations/241654181	Animalia	Chordata	Squamata		Gekkonidae	Hemidactylus	Hemidactylus turcicus		SPECIES	Hemidactylus turcicus (Linnaeus, 1758)	Hemidactylus turcicus		US		California	PRESENT		28eb1a3f-1c15-4a95-931a-4af90ecb574d	33.653625	-116.308724	210.0						2024-09-14T08:01:59	14	9	2024	5221528	5221528	HUMAN_OBSERVATION	iNaturalist	Observations	241654181		Xachary O'Malley	2024-09-14T15:04:29	CC_BY_NC_4_0	Xachary O'Malley	Xachary O'Malley			2026-02-24T00:49:45.427Z	StillImage	COORDINATE_ROUNDED;CONTINENT_DERIVED_FROM_COORDINATES;TAXON_ID_NOT_FOUND
4946118052	50c9509d-22c7-4a22-a47d-8c48425ef4a7	https://www.inaturalist.org/observations/240900955	Animalia	Chordata	Squamata		Gekkonidae	Hemidactylus	Hemidactylus turcicus		SPECIES	Hemidactylus turcicus (Linnaeus, 1758)	Hemidactylus turcicus		US		California	PRESENT		28eb1a3f-1c15-4a95-931a-4af90ecb574d	32.812236	-117.043908							2024-09-09T20:04:06	9	9	2024	5221528	5221528	HUMAN_OBSERVATION	iNaturalist	Observations	240900955		Kristin Sweeney	2024-09-10T08:57:27	CC_BY_NC_4_0	Kristin Sweeney	Kristin Sweeney			2026-02-24T00:49:36.745Z	StillImage	COORDINATE_ROUNDED;CONTINENT_DERIVED_FROM_COORDINATES;TAXON_ID_NOT_FOUND
4945924932	50c9509d-22c7-4a22-a47d-8c48425ef4a7	https://www.inaturalist.org/observations/240490556	Animalia	Chordata	Squamata		Gekkonidae	Hemidactylus	Hemidactylus turcicus		SPECIES	Hemidactylus turcicus (Linnaeus, 1758)	Hemidactylus turcicus		US		California	PRESENT		28eb1a3f-1c15-4a95-931a-4af90ecb574d	32.815325	-117.045049	6.0						2024-09-07T23:16:13	7	9	2024	5221528	5221528	HUMAN_OBSERVATION	iNaturalist	Observations	240490556		Kristin Sweeney	2024-09-08T06:58:21	CC_BY_NC_4_0	Kristin Sweeney	Kristin Sweeney			2026-02-23T23:42:37.880Z	StillImage	COORDINATE_ROUNDED;CONTINENT_DERIVED_FROM_COORDINATES;TAXON_ID_NOT_FOUND
4945811952	50c9509d-22c7-4a22-a47d-8c48425ef4a7	https://www.inaturalist.org/observations/241082695	Animalia	Chordata	Squamata		Gekkonidae	Hemidactylus	Hemidactylus turcicus		SPECIES	Hemidactylus turcicus (Linnaeus, 1758)	Hemidactylus turcicus		US		California	PRESENT		28eb1a3f-1c15-4a95-931a-4af90ecb574d	32.816406	-117.046305	5.0						2024-09-10T22:21:11	10	9	2024	5221528	5221528	HUMAN_OBSERVATION	iNaturalist	Observations	241082695		Kristin Sweeney	2024-09-11T10:48:57	CC_BY_NC_4_0	Kristin Sweeney	Kristin Sweeney			2026-02-23T22:33:42.901Z	StillImage	COORDINATE_ROUNDED;CONTINENT_DERIVED_FROM_COORDINATES;TAXON_ID_NOT_FOUND
4945601989	50c9509d-22c7-4a22-a47d-8c48425ef4a7	https://www.inaturalist.org/observations/240314035	Animalia	Chordata	Squamata		Gekkonidae	Hemidactylus	Hemidactylus turcicus		SPECIES	Hemidactylus turcicus (Linnaeus, 1758)	Hemidactylus turcicus		US		California	PRESENT		28eb1a3f-1c15-4a95-931a-4af90ecb574d	35.36599	-119.126555	94.0						2024-09-06T20:21:42	6	9	2024	5221528	5221528	HUMAN_OBSERVATION	iNaturalist	Observations	240314035		owenthebug	2024-09-07T13:30:16	CC_BY_NC_4_0	owenthebug	owenthebug			2026-02-23T23:42:36.766Z	StillImage	COORDINATE_ROUNDED;CONTINENT_DERIVED_FROM_COORDINATES;TAXON_ID_NOT_FOUND
4937144752	50c9509d-22c7-4a22-a47d-8c48425ef4a7	https://www.inaturalist.org/observations/189295373	Animalia	Chordata	Squamata		Gekkonidae	Hemidactylus	Hemidactylus turcicus		SPECIES	Hemidactylus turcicus (Linnaeus, 1758)	Hemidactylus turcicus		US		California	PRESENT		28eb1a3f-1c15-4a95-931a-4af90ecb574d	36.456613	-116.867091	8.0						2023-10-24T19:59	24	10	2023	5221528	5221528	HUMAN_OBSERVATION	iNaturalist	Observations	189295373		naturephotosuze	2023-10-29T00:50:05	CC_BY_NC_4_0	naturephotosuze	naturephotosuze			2026-02-23T23:30:40.405Z		COORDINATE_ROUNDED;CONTINENT_DERIVED_FROM_COORDINATES;TAXON_ID_NOT_FOUND
4937110218	50c9509d-22c7-4a22-a47d-8c48425ef4a7	https://www.inaturalist.org/observations/234610796	Animalia	Chordata	Squamata		Gekkonidae	Hemidactylus	Hemidactylus turcicus		SPECIES	Hemidactylus turcicus (Linnaeus, 1758)	Hemidactylus turcicus		US		California	PRESENT		28eb1a3f-1c15-4a95-931a-4af90ecb574d	34.326681	-118.437334	188.0						2024-02-24T19:30:10	24	2	2024	5221528	5221528	HUMAN_OBSERVATION	iNaturalist	Observations	234610796		geronimo96	2024-08-09T00:11:10	CC_BY_NC_4_0	geronimo96	geronimo96			2026-02-23T23:41:09.093Z	StillImage	COORDINATE_ROUNDED;CONTINENT_DERIVED_FROM_COORDINATES;TAXON_ID_NOT_FOUND
4937101748	50c9509d-22c7-4a22-a47d-8c48425ef4a7	https://www.inaturalist.org/observations/238017831	Animalia	Chordata	Squamata		Gekkonidae	Hemidactylus	Hemidactylus turcicus		SPECIES	Hemidactylus turcicus (Linnaeus, 1758)	Hemidactylus turcicus		US		California	PRESENT		28eb1a3f-1c15-4a95-931a-4af90ecb574d	36.47071	-116.858432	28534.0						2024-08-25T22:41:02	25	8	2024	5221528	5221528	HUMAN_OBSERVATION	iNaturalist	Observations	238017831		James Hicks	2024-08-26T05:47:02	CC_BY_NC_4_0	James Hicks	James Hicks			2026-02-23T22:33:05.182Z		COORDINATE_ROUNDED;CONTINENT_DERIVED_FROM_COORDINATES;TAXON_ID_NOT_FOUND
4937074271	50c9509d-22c7-4a22-a47d-8c48425ef4a7	https://www.inaturalist.org/observations/238890246	Animalia	Chordata	Squamata		Gekkonidae	Hemidactylus	Hemidactylus turcicus		SPECIES	Hemidactylus turcicus (Linnaeus, 1758)	Hemidactylus turcicus		US		California	PRESENT		28eb1a3f-1c15-4a95-931a-4af90ecb574d	33.865094	-117.815914	23.0						2024-08-30T16:35:02	30	8	2024	5221528	5221528	HUMAN_OBSERVATION	iNaturalist	Observations	238890246		ufoafterglow	2024-08-31T02:40:28	CC_BY_NC_4_0	ufoafterglow	ufoafterglow			2026-02-23T22:33:14.116Z	StillImage	COORDINATE_ROUNDED;CONTINENT_DERIVED_FROM_COORDINATES;TAXON_ID_NOT_FOUND
4936933447	50c9509d-22c7-4a22-a47d-8c48425ef4a7	https://www.inaturalist.org/observations/238374082	Animalia	Chordata	Squamata		Gekkonidae	Hemidactylus	Hemidactylus turcicus		SPECIES	Hemidactylus turcicus (Linnaeus, 1758)	Hemidactylus turcicus		US		California	PRESENT		28eb1a3f-1c15-4a95-931a-4af90ecb574d	33.710728	-116.383263	4.0						2024-08-25T18:07:15	25	8	2024	5221528	5221528	HUMAN_OBSERVATION	iNaturalist	Observations	238374082		desertjules	2024-08-28T06:44:12	CC_BY_NC_4_0	desertjules	desertjules			2026-02-24T00:49:06.476Z	StillImage	COORDINATE_ROUNDED;CONTINENT_DERIVED_FROM_COORDINATES;TAXON_ID_NOT_FOUND
4936803695	50c9509d-22c7-4a22-a47d-8c48425ef4a7	https://www.inaturalist.org/observations/238529526	Animalia	Chordata	Squamata		Gekkonidae	Hemidactylus	Hemidactylus turcicus		SPECIES	Hemidactylus turcicus (Linnaeus, 1758)	Hemidactylus turcicus		US		California	PRESENT		28eb1a3f-1c15-4a95-931a-4af90ecb574d	35.364312	-118.958357	11.0						2024-08-03T20:51:40	3	8	2024	5221528	5221528	HUMAN_OBSERVATION	iNaturalist	Observations	238529526		Eric N. Rittmeyer	2024-08-29T13:55:39	CC_BY_NC_4_0	c00lioil	c00lioil			2026-02-23T22:33:14.132Z	StillImage	COORDINATE_ROUNDED;CONTINENT_DERIVED_FROM_COORDINATES;TAXON_ID_NOT_FOUND
4936763375	50c9509d-22c7-4a22-a47d-8c48425ef4a7	https://www.inaturalist.org/observations/231934828	Animalia	Chordata	Squamata		Gekkonidae	Hemidactylus	Hemidactylus turcicus		SPECIES	Hemidactylus turcicus (Linnaeus, 1758)	Hemidactylus turcicus		US		California	PRESENT		28eb1a3f-1c15-4a95-931a-4af90ecb574d	33.769118	-116.236349	28930.0						2024-07-26T17:05:32	26	7	2024	5221528	5221528	HUMAN_OBSERVATION	iNaturalist	Observations	231934828		Mønarch	2024-07-27T00:29:07	CC_BY_NC_4_0	Mønarch	Mønarch			2026-02-24T00:47:49.458Z	StillImage	COORDINATE_ROUNDED;CONTINENT_DERIVED_FROM_COORDINATES;TAXON_ID_NOT_FOUND
4936695409	50c9509d-22c7-4a22-a47d-8c48425ef4a7	https://www.inaturalist.org/observations/234026623	Animalia	Chordata	Squamata		Gekkonidae	Hemidactylus	Hemidactylus turcicus		SPECIES	Hemidactylus turcicus (Linnaeus, 1758)	Hemidactylus turcicus		US		California	PRESENT		28eb1a3f-1c15-4a95-931a-4af90ecb574d	33.731738	-117.939238	16.0						2024-08-05T14:26:57	5	8	2024	5221528	5221528	HUMAN_OBSERVATION	iNaturalist	Observations	234026623		James Parham	2024-08-30T15:09:01	CC_BY_4_0	arcaniac	arcaniac			2026-02-23T23:40:56.925Z	StillImage	COORDINATE_ROUNDED;CONTINENT_DERIVED_FROM_COORDINATES;TAXON_ID_NOT_FOUND
4936623709	50c9509d-22c7-4a22-a47d-8c48425ef4a7	https://www.inaturalist.org/observations/235097988	Animalia	Chordata	Squamata		Gekkonidae	Hemidactylus	Hemidactylus turcicus		SPECIES	Hemidactylus turcicus (Linnaeus, 1758)	Hemidactylus turcicus		US		California	PRESENT		28eb1a3f-1c15-4a95-931a-4af90ecb574d	33.770827	-116.469915	5.0						2024-08-11T06:32:02	11	8	2024	5221528	5221528	HUMAN_OBSERVATION	iNaturalist	Observations	235097988		Colin Barrows	2024-08-14T01:57:05	CC_BY_NC_4_0	Warner Graves	Warner Graves			2026-02-24T00:48:24.681Z	StillImage	COORDINATE_ROUNDED;CONTINENT_DERIVED_FROM_COORDINATES;TAXON_ID_NOT_FOUND
4936614506	50c9509d-22c7-4a22-a47d-8c48425ef4a7	https://www.inaturalist.org/observations/238638886	Animalia	Chordata	Squamata		Gekkonidae	Hemidactylus	Hemidactylus turcicus		SPECIES	Hemidactylus turcicus (Linnaeus, 1758)	Hemidactylus turcicus		US		California	PRESENT		28eb1a3f-1c15-4a95-931a-4af90ecb574d	33.838087	-117.915078	5.0						2024-08-29T10:46:44	29	8	2024	5221528	5221528	HUMAN_OBSERVATION	iNaturalist	Observations	238638886		icbiwoop	2024-08-29T18:31:13	CC_BY_NC_4_0	icbiwoop	icbiwoop			2026-02-24T00:49:10.693Z	StillImage	COORDINATE_ROUNDED;CONTINENT_DERIVED_FROM_COORDINATES;TAXON_ID_NOT_FOUND
4936567972	50c9509d-22c7-4a22-a47d-8c48425ef4a7	https://www.inaturalist.org/observations/237071418	Animalia	Chordata	Squamata		Gekkonidae	Hemidactylus	Hemidactylus turcicus		SPECIES	Hemidactylus turcicus (Linnaeus, 1758)	Hemidactylus turcicus		US		California	PRESENT		28eb1a3f-1c15-4a95-931a-4af90ecb574d	32.813228	-117.044867	5.0						2024-08-20T21:17:01	20	8	2024	5221528	5221528	HUMAN_OBSERVATION	iNaturalist	Observations	237071418		Kristin Sweeney	2024-08-21T09:30:31	CC_BY_NC_4_0	Kristin Sweeney	Kristin Sweeney			2026-02-23T22:32:51.126Z	StillImage	COORDINATE_ROUNDED;CONTINENT_DERIVED_FROM_COORDINATES;TAXON_ID_NOT_FOUND
4936220504	50c9509d-22c7-4a22-a47d-8c48425ef4a7	https://www.inaturalist.org/observations/238480514	Animalia	Chordata	Squamata		Gekkonidae	Hemidactylus	Hemidactylus turcicus		SPECIES	Hemidactylus turcicus (Linnaeus, 1758)	Hemidactylus turcicus		US		California	PRESENT		28eb1a3f-1c15-4a95-931a-4af90ecb574d	34.111801	-117.164665	28874.0						2024-08-27T21:09:02	27	8	2024	5221528	5221528	HUMAN_OBSERVATION	iNaturalist	Observations	238480514		Eric Schniter	2024-08-28T20:29:31	CC_BY_4_0	Eric Schniter	Eric Schniter			2026-02-23T22:33:07.844Z		COORDINATE_ROUNDED;CONTINENT_DERIVED_FROM_COORDINATES;TAXON_ID_NOT_FOUND
4936169022	50c9509d-22c7-4a22-a47d-8c48425ef4a7	https://www.inaturalist.org/observations/237054617	Animalia	Chordata	Squamata		Gekkonidae	Hemidactylus	Hemidactylus turcicus		SPECIES	Hemidactylus turcicus (Linnaeus, 1758)	Hemidactylus turcicus		US		California	PRESENT		28eb1a3f-1c15-4a95-931a-4af90ecb574d	32.759485	-117.13601	22.0						2024-08-19T18:50:31	19	8	2024	5221528	5221528	HUMAN_OBSERVATION	iNaturalist	Observations	237054617		anygaard	2024-08-21T05:47:57	CC_BY_NC_4_0	anygaard	anygaard			2026-02-24T00:48:49.878Z	StillImage	COORDINATE_ROUNDED;CONTINENT_DERIVED_FROM_COORDINATES;TAXON_ID_NOT_FOUND
4936041269	50c9509d-22c7-4a22-a47d-8c48425ef4a7	https://www.inaturalist.org/observations/238833814	Animalia	Chordata	Squamata		Gekkonidae	Hemidactylus	Hemidactylus turcicus		SPECIES	Hemidactylus turcicus (Linnaeus, 1758)	Hemidactylus turcicus		US		California	PRESENT		28eb1a3f-1c15-4a95-931a-4af90ecb574d	33.865992	-117.914273	220.0						2024-08-30	30	8	2024	5221528	5221528	HUMAN_OBSERVATION	iNaturalist	Observations	238833814		geckogwen	2024-08-30T19:49:14	CC_BY_NC_4_0	geckogwen	geckogwen			2026-02-23T23:42:13.273Z	StillImage	CONTINENT_DERIVED_FROM_COORDINATES;TAXON_ID_NOT_FOUND
4935970255	50c9509d-22c7-4a22-a47d-8c48425ef4a7	https://www.inaturalist.org/observations/237071486	Animalia	Chordata	Squamata		Gekkonidae	Hemidactylus	Hemidactylus turcicus		SPECIES	Hemidactylus turcicus (Linnaeus, 1758)	Hemidactylus turcicus		US		California	PRESENT		28eb1a3f-1c15-4a95-931a-4af90ecb574d	32.810085	-117.042804	5.0						2024-08-20T21:09:27	20	8	2024	5221528	5221528	HUMAN_OBSERVATION	iNaturalist	Observations	237071486		Kristin Sweeney	2024-08-21T09:31:55	CC_BY_NC_4_0	Kristin Sweeney	Kristin Sweeney			2026-02-23T23:41:47.639Z	StillImage	COORDINATE_ROUNDED;CONTINENT_DERIVED_FROM_COORDINATES;TAXON_ID_NOT_FOUND
4935899640	50c9509d-22c7-4a22-a47d-8c48425ef4a7	http://www.inaturalist.org/observations/609223	Animalia	Chordata	Squamata		Gekkonidae	Hemidactylus	Hemidactylus turcicus		SPECIES	Hemidactylus turcicus (Linnaeus, 1758)	Hemidactylus turcicus		US		California	PRESENT		28eb1a3f-1c15-4a95-931a-4af90ecb574d	32.760866	-117.148449							2012-09-05	5	9	2012	5221528	5221528	HUMAN_OBSERVATION	iNaturalist	Observations	609223				CC_BY_NC_4_0	Lindsay Willrick	Lindsay Willrick			2026-02-24T00:03:50.710Z	StillImage	CONTINENT_DERIVED_FROM_COORDINATES;TAXON_ID_NOT_FOUND
4935882601	50c9509d-22c7-4a22-a47d-8c48425ef4a7	https://www.inaturalist.org/observations/237403251	Animalia	Chordata	Squamata		Gekkonidae	Hemidactylus	Hemidactylus turcicus		SPECIES	Hemidactylus turcicus (Linnaeus, 1758)	Hemidactylus turcicus		US		California	PRESENT		28eb1a3f-1c15-4a95-931a-4af90ecb574d	33.589255	-117.664345	4.0						2024-08-21T20:54:40	21	8	2024	5221528	5221528	HUMAN_OBSERVATION	iNaturalist	Observations	237403251		teacupsteph	2024-08-23T03:18:53	CC_BY_NC_4_0	teacupsteph	teacupsteph			2026-02-23T22:32:58.274Z	StillImage	CONTINENT_DERIVED_FROM_COORDINATES;TAXON_ID_NOT_FOUND
4935782799	50c9509d-22c7-4a22-a47d-8c48425ef4a7	https://www.inaturalist.org/observations/189295382	Animalia	Chordata	Squamata		Gekkonidae	Hemidactylus	Hemidactylus turcicus		SPECIES	Hemidactylus turcicus (Linnaeus, 1758)	Hemidactylus turcicus		US		California	PRESENT		28eb1a3f-1c15-4a95-931a-4af90ecb574d	36.456081	-116.868746	8.0						2023-10-24T20:11	24	10	2023	5221528	5221528	HUMAN_OBSERVATION	iNaturalist	Observations	189295382		naturephotosuze	2023-10-29T00:50:08	CC_BY_NC_4_0	naturephotosuze	naturephotosuze			2026-02-23T23:30:39.430Z		COORDINATE_ROUNDED;CONTINENT_DERIVED_FROM_COORDINATES;TAXON_ID_NOT_FOUND
4935775417	50c9509d-22c7-4a22-a47d-8c48425ef4a7	https://www.inaturalist.org/observations/237050161	Animalia	Chordata	Squamata		Gekkonidae	Hemidactylus	Hemidactylus turcicus		SPECIES	Hemidactylus turcicus (Linnaeus, 1758)	Hemidactylus turcicus		US		California	PRESENT		28eb1a3f-1c15-4a95-931a-4af90ecb574d	33.92447	-118.094536	7.0						2024-08-14T21:53:19	14	8	2024	5221528	5221528	HUMAN_OBSERVATION	iNaturalist	Observations	237050161		julia11811	2024-08-21T04:50:37	CC_BY_NC_4_0	julia11811	julia11811			2026-02-24T00:48:49.034Z	StillImage	COORDINATE_ROUNDED;CONTINENT_DERIVED_FROM_COORDINATES;TAXON_ID_NOT_FOUND
4935743733	50c9509d-22c7-4a22-a47d-8c48425ef4a7	https://www.inaturalist.org/observations/237651478	Animalia	Chordata	Squamata		Gekkonidae	Hemidactylus	Hemidactylus turcicus		SPECIES	Hemidactylus turcicus (Linnaeus, 1758)	Hemidactylus turcicus		US		California	PRESENT		28eb1a3f-1c15-4a95-931a-4af90ecb574d	37.315063	-120.483222	16.0						2024-07-07T07:01:49	7	7	2024	5221528	5221528	HUMAN_OBSERVATION	iNaturalist	Observations	237651478		drjensen35	2024-08-24T15:11:29	CC_BY_NC_4_0	drjensen35	drjensen35			2026-02-23T23:42:01.839Z	StillImage	COORDINATE_ROUNDED;CONTINENT_DERIVED_FROM_COORDINATES;TAXON_ID_NOT_FOUND
4935708089	50c9509d-22c7-4a22-a47d-8c48425ef4a7	https://www.inaturalist.org/observations/239520563	Animalia	Chordata	Squamata		Gekkonidae	Hemidactylus	Hemidactylus turcicus		SPECIES	Hemidactylus turcicus (Linnaeus, 1758)	Hemidactylus turcicus		US		California	PRESENT		28eb1a3f-1c15-4a95-931a-4af90ecb574d	35.639537	-117.672878	10.0						2024-09-02T17:25:09	2	9	2024	5221528	5221528	HUMAN_OBSERVATION	iNaturalist	Observations	239520563		wildmaven	2024-09-03T00:32:24	CC_BY_NC_4_0	wildmaven	wildmaven			2026-02-23T22:43:05.054Z	StillImage	COORDINATE_ROUNDED;CONTINENT_DERIVED_FROM_COORDINATES;TAXON_ID_NOT_FOUND
4935694840	50c9509d-22c7-4a22-a47d-8c48425ef4a7	https://www.inaturalist.org/observations/237574995	Animalia	Chordata	Squamata		Gekkonidae	Hemidactylus	Hemidactylus turcicus		SPECIES	Hemidactylus turcicus (Linnaeus, 1758)	Hemidactylus turcicus		US		California	PRESENT		28eb1a3f-1c15-4a95-931a-4af90ecb574d	35.365353	-119.126957	7.0						2024-08-23T20:20:57	23	8	2024	5221528	5221528	HUMAN_OBSERVATION	iNaturalist	Observations	237574995		owenthebug	2024-08-24T03:21:12	CC_BY_NC_4_0	owenthebug	owenthebug			2026-02-23T22:32:54.745Z	StillImage	COORDINATE_ROUNDED;CONTINENT_DERIVED_FROM_COORDINATES;TAXON_ID_NOT_FOUND
4926338265	50c9509d-22c7-4a22-a47d-8c48425ef4a7	https://www.inaturalist.org/observations/236960800	Animalia	Chordata	Squamata		Gekkonidae	Hemidactylus	Hemidactylus turcicus		SPECIES	Hemidactylus turcicus (Linnaeus, 1758)	Hemidactylus turcicus		US		California	PRESENT		28eb1a3f-1c15-4a95-931a-4af90ecb574d	33.843704	-116.50811	238.0						2024-08-20T08:38:48	20	8	2024	5221528	5221528	HUMAN_OBSERVATION	iNaturalist	Observations	236960800		anthropocener	2024-08-20T18:47:27	CC_BY_NC_4_0	anthropocener	anthropocener			2026-02-24T00:48:50.634Z	StillImage	COORDINATE_ROUNDED;CONTINENT_DERIVED_FROM_COORDINATES;TAXON_ID_NOT_FOUND
4926213422	50c9509d-22c7-4a22-a47d-8c48425ef4a7	https://www.inaturalist.org/observations/233171679	Animalia	Chordata	Squamata		Gekkonidae	Hemidactylus	Hemidactylus turcicus		SPECIES	Hemidactylus turcicus (Linnaeus, 1758)	Hemidactylus turcicus		US		California	PRESENT		28eb1a3f-1c15-4a95-931a-4af90ecb574d	33.726012	-116.249012	130.0						2024-08-01T11:42	1	8	2024	5221528	5221528	HUMAN_OBSERVATION	iNaturalist	Observations	233171679		Colin Barrows	2024-08-12T22:41:56	CC_BY_NC_4_0	Erik Lopez	Erik Lopez			2026-02-23T23:40:39.270Z	StillImage	COORDINATE_ROUNDED;CONTINENT_DERIVED_FROM_COORDINATES;TAXON_ID_NOT_FOUND
4925979853	50c9509d-22c7-4a22-a47d-8c48425ef4a7	https://www.inaturalist.org/observations/235819777	Animalia	Chordata	Squamata		Gekkonidae	Hemidactylus	Hemidactylus turcicus		SPECIES	Hemidactylus turcicus (Linnaeus, 1758)	Hemidactylus turcicus		US		California	PRESENT		28eb1a3f-1c15-4a95-931a-4af90ecb574d	33.915234	-117.932662	35.0						2024-08-14T16:57:10	14	8	2024	5221528	5221528	HUMAN_OBSERVATION	iNaturalist	Observations	235819777		lisrochenaturally	2024-08-14T23:58:31	CC_BY_NC_4_0	lisrochenaturally	lisrochenaturally			2026-02-23T22:32:35.630Z	StillImage	COORDINATE_ROUNDED;CONTINENT_DERIVED_FROM_COORDINATES;TAXON_ID_NOT_FOUND
4925913957	50c9509d-22c7-4a22-a47d-8c48425ef4a7	https://www.inaturalist.org/observations/236988330	Animalia	Chordata	Squamata		Gekkonidae	Hemidactylus	Hemidactylus turcicus		SPECIES	Hemidactylus turcicus (Linnaeus, 1758)	Hemidactylus turcicus		US		California	PRESENT		28eb1a3f-1c15-4a95-931a-4af90ecb574d	34.058542	-117.663458	89.0						2024-08-15T14:36:45	15	8	2024	5221528	5221528	HUMAN_OBSERVATION	iNaturalist	Observations	236988330		seth	2024-08-20T21:07:20	CC_BY_NC_4_0	seth	seth			2026-02-23T23:41:48.099Z	StillImage	COORDINATE_ROUNDED;CONTINENT_DERIVED_FROM_COORDINATES;TAXON_ID_NOT_FOUND
4925833512	50c9509d-22c7-4a22-a47d-8c48425ef4a7	https://www.inaturalist.org/observations/235787368	Animalia	Chordata	Squamata		Gekkonidae	Hemidactylus	Hemidactylus turcicus		SPECIES	Hemidactylus turcicus (Linnaeus, 1758)	Hemidactylus turcicus		US		California	PRESENT		28eb1a3f-1c15-4a95-931a-4af90ecb574d	33.963538	-117.687905	15.0						2024-07-04T20:47:45	4	7	2024	5221528	5221528	HUMAN_OBSERVATION	iNaturalist	Observations	235787368		cinnamontuna	2024-08-14T20:23:25	CC_BY_NC_4_0	cinnamontuna	cinnamontuna			2026-02-24T00:04:44.904Z	StillImage	COORDINATE_ROUNDED;CONTINENT_DERIVED_FROM_COORDINATES;TAXON_ID_NOT_FOUND
4924054838	50c9509d-22c7-4a22-a47d-8c48425ef4a7	https://www.inaturalist.org/observations/233028418	Animalia	Chordata	Squamata		Gekkonidae	Hemidactylus	Hemidactylus turcicus		SPECIES	Hemidactylus turcicus (Linnaeus, 1758)	Hemidactylus turcicus		US		California	PRESENT		28eb1a3f-1c15-4a95-931a-4af90ecb574d	33.924247	-117.873537	5.0						2024-07-31T20:37:25	31	7	2024	5221528	5221528	HUMAN_OBSERVATION	iNaturalist	Observations	233028418		Ben Machado	2024-08-01T14:26:55	CC_BY_4_0	DapplerOfMuch	DapplerOfMuch			2026-02-23T23:40:40.809Z		COORDINATE_ROUNDED;CONTINENT_DERIVED_FROM_COORDINATES;TAXON_ID_NOT_FOUND
4923793301	50c9509d-22c7-4a22-a47d-8c48425ef4a7	https://www.inaturalist.org/observations/235404977	Animalia	Chordata	Squamata		Gekkonidae	Hemidactylus	Hemidactylus turcicus		SPECIES	Hemidactylus turcicus (Linnaeus, 1758)	Hemidactylus turcicus		US		California	PRESENT		28eb1a3f-1c15-4a95-931a-4af90ecb574d	35.382315	-119.124783	23.0						2024-07-13T21:41:41	13	7	2024	5221528	5221528	HUMAN_OBSERVATION	iNaturalist	Observations	235404977		cbiggie_herping	2024-08-12T20:20:04	CC_BY_NC_4_0	cbiggie_herping	cbiggie_herping			2026-02-23T23:41:19.804Z	StillImage	COORDINATE_ROUNDED;CONTINENT_DERIVED_FROM_COORDINATES;TAXON_ID_NOT_FOUND
4923724585	50c9509d-22c7-4a22-a47d-8c48425ef4a7	https://www.inaturalist.org/observations/235468853	Animalia	Chordata	Squamata		Gekkonidae	Hemidactylus	Hemidactylus turcicus		SPECIES	Hemidactylus turcicus (Linnaeus, 1758)	Hemidactylus turcicus		US		California	PRESENT		28eb1a3f-1c15-4a95-931a-4af90ecb574d	35.365147	-119.122546	35.0						2024-08-12T20:30:45	12	8	2024	5221528	5221528	HUMAN_OBSERVATION	iNaturalist	Observations	235468853		owenthebug	2024-08-13T03:32:55	CC_BY_NC_4_0	owenthebug	owenthebug			2026-02-24T00:48:28.595Z	StillImage	COORDINATE_ROUNDED;CONTINENT_DERIVED_FROM_COORDINATES;TAXON_ID_NOT_FOUND
4923626920	50c9509d-22c7-4a22-a47d-8c48425ef4a7	https://www.inaturalist.org/observations/235049300	Animalia	Chordata	Squamata		Gekkonidae	Hemidactylus	Hemidactylus turcicus		SPECIES	Hemidactylus turcicus (Linnaeus, 1758)	Hemidactylus turcicus		US		California	PRESENT		28eb1a3f-1c15-4a95-931a-4af90ecb574d	34.144047	-118.205292	4.0						2024-05-20T22:01:48	20	5	2024	5221528	5221528	HUMAN_OBSERVATION	iNaturalist	Observations	235049300		PJVandeventer	2024-08-11T06:42:07	CC_BY_NC_4_0	PJVandeventer	PJVandeventer			2026-02-23T23:41:20.453Z	StillImage	COORDINATE_ROUNDED;CONTINENT_DERIVED_FROM_COORDINATES;TAXON_ID_NOT_FOUND
4921886100	50c9509d-22c7-4a22-a47d-8c48425ef4a7	https://www.inaturalist.org/observations/233601146	Animalia	Chordata	Squamata		Gekkonidae	Hemidactylus	Hemidactylus turcicus		SPECIES	Hemidactylus turcicus (Linnaeus, 1758)	Hemidactylus turcicus		US		California	PRESENT		28eb1a3f-1c15-4a95-931a-4af90ecb574d	32.733139	-117.1522	14.0						2024-08-01T07:20	1	8	2024	5221528	5221528	HUMAN_OBSERVATION	iNaturalist	Observations	233601146		Trent R. Stanley	2024-08-03T23:47:39	CC_BY_NC_4_0	Trent R. Stanley	Trent R. Stanley			2026-02-23T23:40:51.814Z	StillImage	COORDINATE_ROUNDED;CONTINENT_DERIVED_FROM_COORDINATES;TAXON_ID_NOT_FOUND
4921636710	50c9509d-22c7-4a22-a47d-8c48425ef4a7	https://www.inaturalist.org/observations/227248145	Animalia	Chordata	Squamata		Gekkonidae	Hemidactylus	Hemidactylus turcicus		SPECIES	Hemidactylus turcicus (Linnaeus, 1758)	Hemidactylus turcicus		US		California	PRESENT		28eb1a3f-1c15-4a95-931a-4af90ecb574d	36.992509	-119.796933	28476.0						2024-07-04T21:40:27	4	7	2024	5221528	5221528	HUMAN_OBSERVATION	iNaturalist	Observations	227248145		Anthony Ye	2024-07-05T12:36:59	CC_BY_NC_4_0	Amber Przecha	Amber Przecha			2026-02-23T23:38:52.162Z	StillImage	COORDINATE_ROUNDED;CONTINENT_DERIVED_FROM_COORDINATES;TAXON_ID_NOT_FOUND
4921564606	50c9509d-22c7-4a22-a47d-8c48425ef4a7	https://www.inaturalist.org/observations/230863774	Animalia	Chordata	Squamata		Gekkonidae	Hemidactylus	Hemidactylus turcicus		SPECIES	Hemidactylus turcicus (Linnaeus, 1758)	Hemidactylus turcicus		US		California	PRESENT		28eb1a3f-1c15-4a95-931a-4af90ecb574d	35.6235	-117.653655	5.0						2024-07-17T21:39:58	17	7	2024	5221528	5221528	HUMAN_OBSERVATION	iNaturalist	Observations	230863774		herrschmidt	2024-07-21T22:26:12	CC_BY_NC_4_0	herrschmidt	herrschmidt			2026-02-23T22:31:33.569Z	StillImage	CONTINENT_DERIVED_FROM_COORDINATES;TAXON_ID_NOT_FOUND
4910796068	50c9509d-22c7-4a22-a47d-8c48425ef4a7	https://www.inaturalist.org/observations/230042744	Animalia	Chordata	Squamata		Gekkonidae	Hemidactylus	Hemidactylus turcicus		SPECIES	Hemidactylus turcicus (Linnaeus, 1758)	Hemidactylus turcicus		US		California	PRESENT		28eb1a3f-1c15-4a95-931a-4af90ecb574d	33.71068	-116.383172	13.0						2024-07-15T11:47:11	15	7	2024	5221528	5221528	HUMAN_OBSERVATION	iNaturalist	Observations	230042744		desertjules	2024-07-18T06:20:48	CC_BY_NC_4_0	desertjules	desertjules			2026-02-23T22:31:13.182Z	StillImage	COORDINATE_ROUNDED;CONTINENT_DERIVED_FROM_COORDINATES;TAXON_ID_NOT_FOUND
4909200591	50c9509d-22c7-4a22-a47d-8c48425ef4a7	https://www.inaturalist.org/observations/230028617	Animalia	Chordata	Squamata		Gekkonidae	Hemidactylus	Hemidactylus turcicus		SPECIES	Hemidactylus turcicus (Linnaeus, 1758)	Hemidactylus turcicus		US		California	PRESENT		28eb1a3f-1c15-4a95-931a-4af90ecb574d	34.158065	-118.791842	5.0						2024-07-17T20:24:48	17	7	2024	5221528	5221528	HUMAN_OBSERVATION	iNaturalist	Observations	230028617		dregsofsociety	2024-07-18T03:33:07	CC_BY_NC_4_0	dregsofsociety	dregsofsociety			2026-02-24T00:47:22.668Z	StillImage	COORDINATE_ROUNDED;CONTINENT_DERIVED_FROM_COORDINATES;TAXON_ID_NOT_FOUND
4909038680	50c9509d-22c7-4a22-a47d-8c48425ef4a7	https://www.inaturalist.org/observations/229641867	Animalia	Chordata	Squamata		Gekkonidae	Hemidactylus	Hemidactylus turcicus		SPECIES	Hemidactylus turcicus (Linnaeus, 1758)	Hemidactylus turcicus		US		California	PRESENT		28eb1a3f-1c15-4a95-931a-4af90ecb574d	35.36543	-119.126234	13.0						2024-07-14T20:22:37	14	7	2024	5221528	5221528	HUMAN_OBSERVATION	iNaturalist	Observations	229641867		brycethebug	2024-07-16T05:04:28	CC_BY_NC_4_0	brycethebug	brycethebug			2026-02-24T00:47:19.805Z	StillImage	COORDINATE_ROUNDED;CONTINENT_DERIVED_FROM_COORDINATES;TAXON_ID_NOT_FOUND
4908854630	50c9509d-22c7-4a22-a47d-8c48425ef4a7	https://www.inaturalist.org/observations/228253695	Animalia	Chordata	Squamata		Gekkonidae	Hemidactylus	Hemidactylus turcicus		SPECIES	Hemidactylus turcicus (Linnaeus, 1758)	Hemidactylus turcicus		US		California	PRESENT		28eb1a3f-1c15-4a95-931a-4af90ecb574d	32.866894	-117.003068	246.0						2024-07-09T08:35:02	9	7	2024	5221528	5221528	HUMAN_OBSERVATION	iNaturalist	Observations	228253695		E. Tyler	2024-07-09T15:39:41	CC_BY_NC_4_0	E. Tyler	E. Tyler			2026-02-23T22:30:42.659Z	StillImage	COORDINATE_ROUNDED;CONTINENT_DERIVED_FROM_COORDINATES;TAXON_ID_NOT_FOUND
4908593954	50c9509d-22c7-4a22-a47d-8c48425ef4a7	https://www.inaturalist.org/observations/229425846	Animalia	Chordata	Squamata		Gekkonidae	Hemidactylus	Hemidactylus turcicus		SPECIES	Hemidactylus turcicus (Linnaeus, 1758)	Hemidactylus turcicus		US		California	PRESENT		28eb1a3f-1c15-4a95-931a-4af90ecb574d	35.365268	-119.126091	9.0						2024-07-14T21:03:25	14	7	2024	5221528	5221528	HUMAN_OBSERVATION	iNaturalist	Observations	229425846		owenthebug	2024-07-15T04:03:33	CC_BY_NC_4_0	owenthebug	owenthebug			2026-02-23T22:31:13.820Z	StillImage	COORDINATE_ROUNDED;CONTINENT_DERIVED_FROM_COORDINATES;TAXON_ID_NOT_FOUND
4908311940	50c9509d-22c7-4a22-a47d-8c48425ef4a7	https://www.inaturalist.org/observations/228920200	Animalia	Chordata	Squamata		Gekkonidae	Hemidactylus	Hemidactylus turcicus		SPECIES	Hemidactylus turcicus (Linnaeus, 1758)	Hemidactylus turcicus		US		California	PRESENT		28eb1a3f-1c15-4a95-931a-4af90ecb574d	34.033422	-118.273393	80.0						2024-07-12T15:47:36	12	7	2024	5221528	5221528	HUMAN_OBSERVATION	iNaturalist	Observations	228920200		mantismatt	2024-07-12T23:22:38	CC_BY_NC_4_0	mantismatt	mantismatt			2026-02-23T22:30:56.174Z	StillImage	COORDINATE_ROUNDED;CONTINENT_DERIVED_FROM_COORDINATES;TAXON_ID_NOT_FOUND
4908282739	50c9509d-22c7-4a22-a47d-8c48425ef4a7	https://www.inaturalist.org/observations/227015913	Animalia	Chordata	Squamata		Gekkonidae	Hemidactylus	Hemidactylus turcicus		SPECIES	Hemidactylus turcicus (Linnaeus, 1758)	Hemidactylus turcicus		US		California	PRESENT		28eb1a3f-1c15-4a95-931a-4af90ecb574d	37.96823	-121.315812	13.0						2024-07-03T18:38:52	3	7	2024	5221528	5221528	HUMAN_OBSERVATION	iNaturalist	Observations	227015913		scentsandsubtlesounds	2024-07-04T01:40:22	CC_BY_NC_4_0	scentsandsubtlesounds	scentsandsubtlesounds			2026-02-23T23:38:48.189Z	StillImage	COORDINATE_ROUNDED;CONTINENT_DERIVED_FROM_COORDINATES;TAXON_ID_NOT_FOUND
4908187270	50c9509d-22c7-4a22-a47d-8c48425ef4a7	https://www.inaturalist.org/observations/225865800	Animalia	Chordata	Squamata		Gekkonidae	Hemidactylus	Hemidactylus turcicus		SPECIES	Hemidactylus turcicus (Linnaeus, 1758)	Hemidactylus turcicus		US		California	PRESENT		28eb1a3f-1c15-4a95-931a-4af90ecb574d	35.379184	-119.152855	35.0						2024-06-28T22:57:10	28	6	2024	5221528	5221528	HUMAN_OBSERVATION	iNaturalist	Observations	225865800		Trey C.	2024-06-29T06:02:39	CC_BY_4_0	Trey C.	Trey C.			2026-02-23T23:38:32.994Z	StillImage	COORDINATE_ROUNDED;CONTINENT_DERIVED_FROM_COORDINATES;TAXON_ID_NOT_FOUND
4908147747	50c9509d-22c7-4a22-a47d-8c48425ef4a7	https://www.inaturalist.org/observations/227704945	Animalia	Chordata	Squamata		Gekkonidae	Hemidactylus	Hemidactylus turcicus		SPECIES	Hemidactylus turcicus (Linnaeus, 1758)	Hemidactylus turcicus		US		California	PRESENT		28eb1a3f-1c15-4a95-931a-4af90ecb574d	33.710712	-116.383163	4.0						2024-07-06T22:32:19	6	7	2024	5221528	5221528	HUMAN_OBSERVATION	iNaturalist	Observations	227704945		desertjules	2024-07-07T06:23:44	CC_BY_NC_4_0	desertjules	desertjules			2026-02-24T00:46:52.774Z	StillImage	COORDINATE_ROUNDED;CONTINENT_DERIVED_FROM_COORDINATES;TAXON_ID_NOT_FOUND
4907985976	50c9509d-22c7-4a22-a47d-8c48425ef4a7	https://www.inaturalist.org/observations/225975697	Animalia	Chordata	Squamata		Gekkonidae	Hemidactylus	Hemidactylus turcicus		SPECIES	Hemidactylus turcicus (Linnaeus, 1758)	Hemidactylus turcicus		US		California	PRESENT		28eb1a3f-1c15-4a95-931a-4af90ecb574d	34.177588	-118.460862	35.0						2024-06-29T09:49:25	29	6	2024	5221528	5221528	HUMAN_OBSERVATION	iNaturalist	Observations	225975697		awoodside	2024-06-29T17:15:25	CC_BY_NC_4_0	awoodside	awoodside			2026-02-23T23:38:29.467Z	StillImage	COORDINATE_ROUNDED;CONTINENT_DERIVED_FROM_COORDINATES;TAXON_ID_NOT_FOUND
4904200247	50c9509d-22c7-4a22-a47d-8c48425ef4a7	https://www.inaturalist.org/observations/226468220	Animalia	Chordata	Squamata		Gekkonidae	Hemidactylus	Hemidactylus turcicus		SPECIES	Hemidactylus turcicus (Linnaeus, 1758)	Hemidactylus turcicus		US		California	PRESENT		28eb1a3f-1c15-4a95-931a-4af90ecb574d	33.720166	-116.210531	3131.0						2024-07-01T08:21:52	1	7	2024	5221528	5221528	HUMAN_OBSERVATION	iNaturalist	Observations	226468220		phaedolive	2024-07-01T16:15:23	CC_BY_NC_4_0	phaedolive	phaedolive			2026-02-24T00:46:41.396Z	StillImage	COORDINATE_ROUNDED;CONTINENT_DERIVED_FROM_COORDINATES;TAXON_ID_NOT_FOUND
4904163774	50c9509d-22c7-4a22-a47d-8c48425ef4a7	https://www.inaturalist.org/observations/226367878	Animalia	Chordata	Squamata		Gekkonidae	Hemidactylus	Hemidactylus turcicus		SPECIES	Hemidactylus turcicus (Linnaeus, 1758)	Hemidactylus turcicus		US		California	PRESENT		28eb1a3f-1c15-4a95-931a-4af90ecb574d	34.594635	-118.178241	1685.0						2024-06-30	30	6	2024	5221528	5221528	HUMAN_OBSERVATION	iNaturalist	Observations	226367878		rabbitasaur	2024-07-01T04:44:57	CC_BY_NC_4_0	rabbitasaur	rabbitasaur			2026-02-23T23:38:36.267Z	StillImage	CONTINENT_DERIVED_FROM_COORDINATES;TAXON_ID_NOT_FOUND
4904121566	50c9509d-22c7-4a22-a47d-8c48425ef4a7	https://www.inaturalist.org/observations/225456578	Animalia	Chordata	Squamata		Gekkonidae	Hemidactylus	Hemidactylus turcicus		SPECIES	Hemidactylus turcicus (Linnaeus, 1758)	Hemidactylus turcicus		US		California	PRESENT		28eb1a3f-1c15-4a95-931a-4af90ecb574d	35.379164	-119.153372	27.0						2024-06-26T17:48:57	26	6	2024	5221528	5221528	HUMAN_OBSERVATION	iNaturalist	Observations	225456578		Trey C.	2024-06-27T05:58:03	CC_BY_4_0	Trey C.	Trey C.			2026-02-23T22:30:03.669Z	StillImage	CONTINENT_DERIVED_FROM_COORDINATES;TAXON_ID_NOT_FOUND
4904092529	50c9509d-22c7-4a22-a47d-8c48425ef4a7	https://www.inaturalist.org/observations/226619994	Animalia	Chordata	Squamata		Gekkonidae	Hemidactylus	Hemidactylus turcicus		SPECIES	Hemidactylus turcicus (Linnaeus, 1758)	Hemidactylus turcicus		US		California	PRESENT		28eb1a3f-1c15-4a95-931a-4af90ecb574d	35.379137	-119.151756	46.0						2024-07-01T22:02:09	1	7	2024	5221528	5221528	HUMAN_OBSERVATION	iNaturalist	Observations	226619994		Trey C.	2024-07-02T05:21:39	CC_BY_4_0	Trey C.	Trey C.			2026-02-23T22:30:19.069Z	StillImage	COORDINATE_ROUNDED;CONTINENT_DERIVED_FROM_COORDINATES;TAXON_ID_NOT_FOUND
4903731890	50c9509d-22c7-4a22-a47d-8c48425ef4a7	https://www.inaturalist.org/observations/225456886	Animalia	Chordata	Squamata		Gekkonidae	Hemidactylus	Hemidactylus turcicus		SPECIES	Hemidactylus turcicus (Linnaeus, 1758)	Hemidactylus turcicus		US		California	PRESENT		28eb1a3f-1c15-4a95-931a-4af90ecb574d	36.455249	-116.870427							2024-06-26T22:49:16	26	6	2024	5221528	5221528	HUMAN_OBSERVATION	iNaturalist	Observations	225456886		Mike	2024-06-27T06:02:26	CC_BY_NC_4_0	Mike	Mike			2026-02-23T22:30:00.451Z	StillImage	COORDINATE_ROUNDED;CONTINENT_DERIVED_FROM_COORDINATES;TAXON_ID_NOT_FOUND
4902082175	50c9509d-22c7-4a22-a47d-8c48425ef4a7	https://www.inaturalist.org/observations/222708476	Animalia	Chordata	Squamata		Gekkonidae	Hemidactylus	Hemidactylus turcicus		SPECIES	Hemidactylus turcicus (Linnaeus, 1758)	Hemidactylus turcicus		US		California	PRESENT		28eb1a3f-1c15-4a95-931a-4af90ecb574d	34.162564	-118.495492	10.0						2024-04-30T22:57:59	30	4	2024	5221528	5221528	HUMAN_OBSERVATION	iNaturalist	Observations	222708476		renoraarkos67	2024-06-14T19:51:08	CC_BY_NC_4_0	renoraarkos67	renoraarkos67			2026-02-23T22:29:23.583Z	StillImage	COORDINATE_ROUNDED;CONTINENT_DERIVED_FROM_COORDINATES;TAXON_ID_NOT_FOUND
4902069071	50c9509d-22c7-4a22-a47d-8c48425ef4a7	https://www.inaturalist.org/observations/223024034	Animalia	Chordata	Squamata		Gekkonidae	Hemidactylus	Hemidactylus turcicus		SPECIES	Hemidactylus turcicus (Linnaeus, 1758)	Hemidactylus turcicus		US		California	PRESENT		28eb1a3f-1c15-4a95-931a-4af90ecb574d	34.058479	-117.188476	16.0						2024-06-15T22:04:27	15	6	2024	5221528	5221528	HUMAN_OBSERVATION	iNaturalist	Observations	223024034		plantdude77	2024-06-16T05:18:31	CC_BY_NC_4_0	plantdude77	plantdude77			2026-02-24T00:45:57.697Z	StillImage	COORDINATE_ROUNDED;CONTINENT_DERIVED_FROM_COORDINATES;TAXON_ID_NOT_FOUND
4901888397	50c9509d-22c7-4a22-a47d-8c48425ef4a7	https://www.inaturalist.org/observations/224816185	Animalia	Chordata	Squamata		Gekkonidae	Hemidactylus	Hemidactylus turcicus		SPECIES	Hemidactylus turcicus (Linnaeus, 1758)	Hemidactylus turcicus		US		California	PRESENT		28eb1a3f-1c15-4a95-931a-4af90ecb574d	35.379193	-119.153876	43.0						2024-06-23T21:18:12	23	6	2024	5221528	5221528	HUMAN_OBSERVATION	iNaturalist	Observations	224816185		Trey C.	2024-06-24T04:54:07	CC_BY_4_0	Trey C.	Trey C.			2026-02-23T22:29:58.913Z	StillImage	COORDINATE_ROUNDED;CONTINENT_DERIVED_FROM_COORDINATES;TAXON_ID_NOT_FOUND
4901828777	50c9509d-22c7-4a22-a47d-8c48425ef4a7	https://www.inaturalist.org/observations/224816142	Animalia	Chordata	Squamata		Gekkonidae	Hemidactylus	Hemidactylus turcicus		SPECIES	Hemidactylus turcicus (Linnaeus, 1758)	Hemidactylus turcicus		US		California	PRESENT		28eb1a3f-1c15-4a95-931a-4af90ecb574d	35.379139	-119.154121	32.0						2024-06-23T21:18:17	23	6	2024	5221528	5221528	HUMAN_OBSERVATION	iNaturalist	Observations	224816142		Trey C.	2024-06-24T04:53:37	CC_BY_4_0	Trey C.	Trey C.			2026-02-23T22:29:53.378Z	StillImage	COORDINATE_ROUNDED;CONTINENT_DERIVED_FROM_COORDINATES;TAXON_ID_NOT_FOUND
4901656267	50c9509d-22c7-4a22-a47d-8c48425ef4a7	https://www.inaturalist.org/observations/223838246	Animalia	Chordata	Squamata		Gekkonidae	Hemidactylus	Hemidactylus turcicus		SPECIES	Hemidactylus turcicus (Linnaeus, 1758)	Hemidactylus turcicus		US		California	PRESENT		28eb1a3f-1c15-4a95-931a-4af90ecb574d	37.260356	-120.5375	28417.0						2024-06-19T13:36:15	19	6	2024	5221528	5221528	HUMAN_OBSERVATION	iNaturalist	Observations	223838246		Sam Fellows	2024-06-19T20:37:59	CC_BY_NC_4_0	Sam Fellows	Sam Fellows			2026-02-24T00:46:09.102Z	StillImage	COORDINATE_ROUNDED;CONTINENT_DERIVED_FROM_COORDINATES;TAXON_ID_NOT_FOUND
4901285100	50c9509d-22c7-4a22-a47d-8c48425ef4a7	https://www.inaturalist.org/observations/224566826	Animalia	Chordata	Squamata		Gekkonidae	Hemidactylus	Hemidactylus turcicus		SPECIES	Hemidactylus turcicus (Linnaeus, 1758)	Hemidactylus turcicus		US		California	PRESENT		28eb1a3f-1c15-4a95-931a-4af90ecb574d	35.379231	-119.153626	60.0						2024-06-22T22:26:26	22	6	2024	5221528	5221528	HUMAN_OBSERVATION	iNaturalist	Observations	224566826		Trey C.	2024-06-23T05:31:00	CC_BY_4_0	Trey C.	Trey C.			2026-02-24T00:46:14.773Z	StillImage	COORDINATE_ROUNDED;CONTINENT_DERIVED_FROM_COORDINATES;TAXON_ID_NOT_FOUND
4901174789	50c9509d-22c7-4a22-a47d-8c48425ef4a7	https://www.inaturalist.org/observations/222576613	Animalia	Chordata	Squamata		Gekkonidae	Hemidactylus	Hemidactylus turcicus		SPECIES	Hemidactylus turcicus (Linnaeus, 1758)	Hemidactylus turcicus		US		California	PRESENT		28eb1a3f-1c15-4a95-931a-4af90ecb574d	39.728494	-121.837478	14468.0						2024-06-13T10:08	13	6	2024	5221528	5221528	HUMAN_OBSERVATION	iNaturalist	Observations	222576613		kwgeiger	2024-06-14T03:40:05	CC_BY_NC_4_0	kwgeiger	kwgeiger			2026-02-23T22:29:24.839Z	StillImage	COORDINATE_ROUNDED;CONTINENT_DERIVED_FROM_COORDINATES;TAXON_ID_NOT_FOUND
4901074133	50c9509d-22c7-4a22-a47d-8c48425ef4a7	https://www.inaturalist.org/observations/222796465	Animalia	Chordata	Squamata		Gekkonidae	Hemidactylus	Hemidactylus turcicus		SPECIES	Hemidactylus turcicus (Linnaeus, 1758)	Hemidactylus turcicus		US		California	PRESENT		28eb1a3f-1c15-4a95-931a-4af90ecb574d	35.369431	-119.154389	500.0						2024-06-14T22:42:04	14	6	2024	5221528	5221528	HUMAN_OBSERVATION	iNaturalist	Observations	222796465		Trey C.	2024-06-15T05:44:07	CC_BY_4_0	Trey C.	Trey C.			2026-02-23T22:29:27.062Z	StillImage	COORDINATE_ROUNDED;CONTINENT_DERIVED_FROM_COORDINATES;TAXON_ID_NOT_FOUND
4901012692	50c9509d-22c7-4a22-a47d-8c48425ef4a7	https://www.inaturalist.org/observations/224812801	Animalia	Chordata	Squamata		Gekkonidae	Hemidactylus	Hemidactylus turcicus		SPECIES	Hemidactylus turcicus (Linnaeus, 1758)	Hemidactylus turcicus		US		California	PRESENT		28eb1a3f-1c15-4a95-931a-4af90ecb574d	36.842097	-119.769905	4.0						2024-06-16T21:20:11	16	6	2024	5221528	5221528	HUMAN_OBSERVATION	iNaturalist	Observations	224812801		joesjoes20	2024-06-24T04:46:28	CC_BY_NC_4_0	nattysmith	nattysmith			2026-02-24T00:46:18.767Z	StillImage	COORDINATE_ROUNDED;CONTINENT_DERIVED_FROM_COORDINATES;TAXON_ID_NOT_FOUND
4900897154	50c9509d-22c7-4a22-a47d-8c48425ef4a7	https://www.inaturalist.org/observations/222409499	Animalia	Chordata	Squamata		Gekkonidae	Hemidactylus	Hemidactylus turcicus		SPECIES	Hemidactylus turcicus (Linnaeus, 1758)	Hemidactylus turcicus		US		California	PRESENT		28eb1a3f-1c15-4a95-931a-4af90ecb574d	35.400028	-119.125708	13.0						2024-06-12T22:14:37	12	6	2024	5221528	5221528	HUMAN_OBSERVATION	iNaturalist	Observations	222409499		camib3	2024-06-13T09:26:13	CC_BY_NC_4_0	camib3	camib3			2026-02-23T23:37:28.680Z	StillImage	COORDINATE_ROUNDED;CONTINENT_DERIVED_FROM_COORDINATES;TAXON_ID_NOT_FOUND
4892140360	50c9509d-22c7-4a22-a47d-8c48425ef4a7	https://www.inaturalist.org/observations/221744447	Animalia	Chordata	Squamata		Gekkonidae	Hemidactylus	Hemidactylus turcicus		SPECIES	Hemidactylus turcicus (Linnaeus, 1758)	Hemidactylus turcicus		US		California	PRESENT		28eb1a3f-1c15-4a95-931a-4af90ecb574d	33.720219	-116.28297	206.0						2024-06-09T20:54:30	9	6	2024	5221528	5221528	HUMAN_OBSERVATION	iNaturalist	Observations	221744447		Santiago Garcia	2024-06-10T03:55:51	CC_BY_NC_4_0	Santiago Garcia	Santiago Garcia			2026-02-24T00:45:37.791Z	StillImage	COORDINATE_ROUNDED;CONTINENT_DERIVED_FROM_COORDINATES;TAXON_ID_NOT_FOUND
4891983475	50c9509d-22c7-4a22-a47d-8c48425ef4a7	https://www.inaturalist.org/observations/221115100	Animalia	Chordata	Squamata		Gekkonidae	Hemidactylus	Hemidactylus turcicus		SPECIES	Hemidactylus turcicus (Linnaeus, 1758)	Hemidactylus turcicus		US		California	PRESENT		28eb1a3f-1c15-4a95-931a-4af90ecb574d	35.665026	-117.706262	28649.0						2024-06-07T08:34	7	6	2024	5221528	5221528	HUMAN_OBSERVATION	iNaturalist	Observations	221115100		Kolin Campbell	2024-06-07T15:44:03	CC_BY_NC_4_0	Kolin Campbell	Kolin Campbell			2026-02-24T00:45:32.638Z	StillImage	COORDINATE_ROUNDED;CONTINENT_DERIVED_FROM_COORDINATES;TAXON_ID_NOT_FOUND
4875585696	50c9509d-22c7-4a22-a47d-8c48425ef4a7	https://www.inaturalist.org/observations/217736452	Animalia	Chordata	Squamata		Gekkonidae	Hemidactylus	Hemidactylus turcicus		SPECIES	Hemidactylus turcicus (Linnaeus, 1758)	Hemidactylus turcicus		US		California	PRESENT		28eb1a3f-1c15-4a95-931a-4af90ecb574d	35.219406	-119.390671	3661.0						2024-05-23	23	5	2024	5221528	5221528	HUMAN_OBSERVATION	iNaturalist	Observations	217736452		Eric	2024-05-23T17:57:57	CC_BY_NC_4_0	Eric	Eric			2026-02-24T00:44:50.018Z	StillImage	COORDINATE_ROUNDED;CONTINENT_DERIVED_FROM_COORDINATES;TAXON_ID_NOT_FOUND
4875300794	50c9509d-22c7-4a22-a47d-8c48425ef4a7	https://www.inaturalist.org/observations/219350397	Animalia	Chordata	Squamata		Gekkonidae	Hemidactylus	Hemidactylus turcicus		SPECIES	Hemidactylus turcicus (Linnaeus, 1758)	Hemidactylus turcicus		US		California	PRESENT		28eb1a3f-1c15-4a95-931a-4af90ecb574d	34.040392	-117.528647	8.0						2024-05-30	30	5	2024	5221528	5221528	HUMAN_OBSERVATION	iNaturalist	Observations	219350397		K	2024-05-30T16:28:48	CC_BY_NC_4_0	K	K			2026-02-23T22:28:40.362Z	StillImage	COORDINATE_ROUNDED;CONTINENT_DERIVED_FROM_COORDINATES;TAXON_ID_NOT_FOUND
4875234935	50c9509d-22c7-4a22-a47d-8c48425ef4a7	https://www.inaturalist.org/observations/219053049	Animalia	Chordata	Squamata		Gekkonidae	Hemidactylus	Hemidactylus turcicus		SPECIES	Hemidactylus turcicus (Linnaeus, 1758)	Hemidactylus turcicus		US		California	PRESENT		28eb1a3f-1c15-4a95-931a-4af90ecb574d	34.144025	-118.205292	4.0						2024-05-20T22:02:37	20	5	2024	5221528	5221528	HUMAN_OBSERVATION	iNaturalist	Observations	219053049		PJVandeventer	2024-05-29T05:16:58	CC_BY_NC_4_0	PJVandeventer	PJVandeventer			2026-02-23T22:28:40.216Z	StillImage	COORDINATE_ROUNDED;CONTINENT_DERIVED_FROM_COORDINATES;TAXON_ID_NOT_FOUND
4872315295	50c9509d-22c7-4a22-a47d-8c48425ef4a7	https://www.inaturalist.org/observations/217560246	Animalia	Chordata	Squamata		Gekkonidae	Hemidactylus	Hemidactylus turcicus		SPECIES	Hemidactylus turcicus (Linnaeus, 1758)	Hemidactylus turcicus		US		California	PRESENT		28eb1a3f-1c15-4a95-931a-4af90ecb574d	34.134298	-116.05297	15.0						2024-05-21T13:09	21	5	2024	5221528	5221528	HUMAN_OBSERVATION	iNaturalist	Observations	217560246		beersforballast	2024-05-22T20:10:20	CC_BY_NC_4_0	beersforballast	beersforballast			2026-02-24T00:44:46.503Z	StillImage	COORDINATE_ROUNDED;CONTINENT_DERIVED_FROM_COORDINATES;TAXON_ID_NOT_FOUND
4868135435	50c9509d-22c7-4a22-a47d-8c48425ef4a7	https://www.inaturalist.org/observations/217279076	Animalia	Chordata	Squamata		Gekkonidae	Hemidactylus	Hemidactylus turcicus		SPECIES	Hemidactylus turcicus (Linnaeus, 1758)	Hemidactylus turcicus		US		California	PRESENT		28eb1a3f-1c15-4a95-931a-4af90ecb574d	32.609955	-117.069855	35.0						2024-05-20T10:46:52	20	5	2024	5221528	5221528	HUMAN_OBSERVATION	iNaturalist	Observations	217279076		Ben Machado	2024-05-21T19:09:53	CC_BY_NC_4_0	minelylovesplants	minelylovesplants			2026-02-23T22:28:28.317Z	StillImage	COORDINATE_ROUNDED;CONTINENT_DERIVED_FROM_COORDINATES;TAXON_ID_NOT_FOUND
4868116150	50c9509d-22c7-4a22-a47d-8c48425ef4a7	https://www.inaturalist.org/observations/209859655	Animalia	Chordata	Squamata		Gekkonidae	Hemidactylus	Hemidactylus turcicus		SPECIES	Hemidactylus turcicus (Linnaeus, 1758)	Hemidactylus turcicus		US		California	PRESENT		28eb1a3f-1c15-4a95-931a-4af90ecb574d	36.070208	-118.991075							2024-04-26T16:38:59	26	4	2024	5221528	5221528	HUMAN_OBSERVATION	iNaturalist	Observations	209859655		Ben Machado	2024-04-27T02:09:28	CC_BY_NC_4_0	sageeeeee	sageeeeee			2026-02-23T22:27:02.988Z	StillImage	COORDINATE_ROUNDED;CONTINENT_DERIVED_FROM_COORDINATES;TAXON_ID_NOT_FOUND
4867916137	50c9509d-22c7-4a22-a47d-8c48425ef4a7	https://www.inaturalist.org/observations/216822199	Animalia	Chordata	Squamata		Gekkonidae	Hemidactylus	Hemidactylus turcicus		SPECIES	Hemidactylus turcicus (Linnaeus, 1758)	Hemidactylus turcicus		US		California	PRESENT		28eb1a3f-1c15-4a95-931a-4af90ecb574d	32.809822	-117.039818	88.0						2023-10-04T16:07:06	4	10	2023	5221528	5221528	HUMAN_OBSERVATION	iNaturalist	Observations	216822199		daphodilsd	2024-05-19T16:22:03	CC_BY_NC_4_0	daphodilsd	daphodilsd			2026-02-23T23:36:05.773Z	StillImage	COORDINATE_ROUNDED;CONTINENT_DERIVED_FROM_COORDINATES;TAXON_ID_NOT_FOUND
4863765782	50c9509d-22c7-4a22-a47d-8c48425ef4a7	https://www.inaturalist.org/observations/214300428	Animalia	Chordata	Squamata		Gekkonidae	Hemidactylus	Hemidactylus turcicus		SPECIES	Hemidactylus turcicus (Linnaeus, 1758)	Hemidactylus turcicus		US		California	PRESENT		28eb1a3f-1c15-4a95-931a-4af90ecb574d	33.857495	-116.535133	18.0						2022-07-11T18:20:41	11	7	2022	5221528	5221528	HUMAN_OBSERVATION	iNaturalist	Observations	214300428		Jose Marfori	2024-05-08T00:50:55	CC_BY_NC_4_0	Jose Marfori	Jose Marfori			2026-02-23T22:27:41.173Z	StillImage	COORDINATE_ROUNDED;CONTINENT_DERIVED_FROM_COORDINATES;TAXON_ID_NOT_FOUND
4863683699	50c9509d-22c7-4a22-a47d-8c48425ef4a7	https://www.inaturalist.org/observations/214323438	Animalia	Chordata	Squamata		Gekkonidae	Hemidactylus	Hemidactylus turcicus		SPECIES	Hemidactylus turcicus (Linnaeus, 1758)	Hemidactylus turcicus		US		California	PRESENT		28eb1a3f-1c15-4a95-931a-4af90ecb574d	34.380255	-118.537978	4.0						2024-05-07T20:39:37	7	5	2024	5221528	5221528	HUMAN_OBSERVATION	iNaturalist	Observations	214323438		Jamie Griffiths	2024-05-08T03:40:15	CC_BY_4_0	Jamie Griffiths	Jamie Griffiths			2026-02-23T22:27:40.363Z	StillImage	COORDINATE_ROUNDED;CONTINENT_DERIVED_FROM_COORDINATES;TAXON_ID_NOT_FOUND
4863596156	50c9509d-22c7-4a22-a47d-8c48425ef4a7	https://www.inaturalist.org/observations/214331733	Animalia	Chordata	Squamata		Gekkonidae	Hemidactylus	Hemidactylus turcicus		SPECIES	Hemidactylus turcicus (Linnaeus, 1758)	Hemidactylus turcicus		US		California	PRESENT		28eb1a3f-1c15-4a95-931a-4af90ecb574d	33.801597	-116.546689							2024-03-27T20:39:52	27	3	2024	5221528	5221528	HUMAN_OBSERVATION	iNaturalist	Observations	214331733		sea-kangaroo	2024-05-08T05:04:41	CC_BY_4_0	sea-kangaroo	sea-kangaroo			2026-02-23T23:35:33.302Z	StillImage	COORDINATE_ROUNDED;CONTINENT_DERIVED_FROM_COORDINATES;TAXON_ID_NOT_FOUND
4855457364	50c9509d-22c7-4a22-a47d-8c48425ef4a7	https://www.inaturalist.org/observations/213088926	Animalia	Chordata	Squamata		Gekkonidae	Hemidactylus	Hemidactylus turcicus		SPECIES	Hemidactylus turcicus (Linnaeus, 1758)	Hemidactylus turcicus		US		California	PRESENT		28eb1a3f-1c15-4a95-931a-4af90ecb574d	33.71087	-116.383178	4.0						2024-05-03T00:16:38	3	5	2024	5221528	5221528	HUMAN_OBSERVATION	iNaturalist	Observations	213088926		desertjules	2024-05-03T07:30:25	CC_BY_NC_4_0	desertjules	desertjules			2026-02-23T22:27:31.972Z	StillImage	COORDINATE_ROUNDED;CONTINENT_DERIVED_FROM_COORDINATES;TAXON_ID_NOT_FOUND
4855409737	50c9509d-22c7-4a22-a47d-8c48425ef4a7	https://www.inaturalist.org/observations/213212175	Animalia	Chordata	Squamata		Gekkonidae	Hemidactylus	Hemidactylus turcicus		SPECIES	Hemidactylus turcicus (Linnaeus, 1758)	Hemidactylus turcicus		US		California	PRESENT		28eb1a3f-1c15-4a95-931a-4af90ecb574d	32.732803	-117.153497	4.0						2024-05-01T07:27:41	1	5	2024	5221528	5221528	HUMAN_OBSERVATION	iNaturalist	Observations	213212175		Trent R. Stanley	2024-05-03T18:39:19	CC_BY_NC_4_0	Trent R. Stanley	Trent R. Stanley			2026-02-23T22:27:26.463Z	StillImage	COORDINATE_ROUNDED;CONTINENT_DERIVED_FROM_COORDINATES;TAXON_ID_NOT_FOUND
4853070075	50c9509d-22c7-4a22-a47d-8c48425ef4a7	https://www.inaturalist.org/observations/209320969	Animalia	Chordata	Squamata		Gekkonidae	Hemidactylus	Hemidactylus turcicus		SPECIES	Hemidactylus turcicus (Linnaeus, 1758)	Hemidactylus turcicus		US		California	PRESENT		28eb1a3f-1c15-4a95-931a-4af90ecb574d	36.070131	-118.991022							2023-12-17T14:06:07	17	12	2023	5221528	5221528	HUMAN_OBSERVATION	iNaturalist	Observations	209320969		sageeeeee	2024-04-25T20:17:08	CC_BY_NC_4_0	sageeeeee	sageeeeee			2026-02-24T00:43:22.124Z	StillImage	COORDINATE_ROUNDED;CONTINENT_DERIVED_FROM_COORDINATES;TAXON_ID_NOT_FOUND
4852959573	50c9509d-22c7-4a22-a47d-8c48425ef4a7	https://www.inaturalist.org/observations/209262198	Animalia	Chordata	Squamata		Gekkonidae	Hemidactylus	Hemidactylus turcicus		SPECIES	Hemidactylus turcicus (Linnaeus, 1758)	Hemidactylus turcicus		US		California	PRESENT		28eb1a3f-1c15-4a95-931a-4af90ecb574d	34.098778	-117.503472	30.0						2023-10-04T07:56:50	4	10	2023	5221528	5221528	HUMAN_OBSERVATION	iNaturalist	Observations	209262198		Ben Machado	2024-04-25T16:22:56	CC_BY_NC_4_0	katherinerpera	katherinerpera			2026-02-23T22:26:56.084Z	StillImage	COORDINATE_ROUNDED;CONTINENT_DERIVED_FROM_COORDINATES;TAXON_ID_NOT_FOUND
4852913057	50c9509d-22c7-4a22-a47d-8c48425ef4a7	https://www.inaturalist.org/observations/208423542	Animalia	Chordata	Squamata		Gekkonidae	Hemidactylus	Hemidactylus turcicus		SPECIES	Hemidactylus turcicus (Linnaeus, 1758)	Hemidactylus turcicus		US		California	PRESENT		28eb1a3f-1c15-4a95-931a-4af90ecb574d	33.751939	-116.377767							2024-04-20T21:49:43	20	4	2024	5221528	5221528	HUMAN_OBSERVATION	iNaturalist	Observations	208423542		bevj	2024-04-21T05:01:49	CC_BY_NC_4_0	bevj	bevj			2026-02-23T22:26:43.346Z	StillImage	COORDINATE_ROUNDED;CONTINENT_DERIVED_FROM_COORDINATES;TAXON_ID_NOT_FOUND
4852894335	50c9509d-22c7-4a22-a47d-8c48425ef4a7	https://www.inaturalist.org/observations/14010476	Animalia	Chordata	Squamata		Gekkonidae	Hemidactylus	Hemidactylus turcicus		SPECIES	Hemidactylus turcicus (Linnaeus, 1758)	Hemidactylus turcicus		US		California	PRESENT		28eb1a3f-1c15-4a95-931a-4af90ecb574d	33.765859	-116.440227	244.0						2018-06-30T10:21	30	6	2018	5221528	5221528	HUMAN_OBSERVATION	iNaturalist	Observations	14010476		Yingyod Lapwong	2018-07-03T14:59:31	CC_BY_NC_4_0	Chris W.	Chris W.			2026-02-23T21:47:08.817Z	StillImage	COORDINATE_ROUNDED;CONTINENT_DERIVED_FROM_COORDINATES;TAXON_ID_NOT_FOUND
4852825094	50c9509d-22c7-4a22-a47d-8c48425ef4a7	https://www.inaturalist.org/observations/208423035	Animalia	Chordata	Squamata		Gekkonidae	Hemidactylus	Hemidactylus turcicus		SPECIES	Hemidactylus turcicus (Linnaeus, 1758)	Hemidactylus turcicus		US		California	PRESENT		28eb1a3f-1c15-4a95-931a-4af90ecb574d	33.751939	-116.377786							2024-04-20T21:47:01	20	4	2024	5221528	5221528	HUMAN_OBSERVATION	iNaturalist	Observations	208423035		P. Johnson	2024-04-21T04:55:11	CC_BY_NC_4_0	P. Johnson	P. Johnson			2026-02-24T00:43:13.600Z	StillImage	COORDINATE_ROUNDED;CONTINENT_DERIVED_FROM_COORDINATES;TAXON_ID_NOT_FOUND
4852757445	50c9509d-22c7-4a22-a47d-8c48425ef4a7	https://www.inaturalist.org/observations/212277270	Animalia	Chordata	Squamata		Gekkonidae	Hemidactylus	Hemidactylus turcicus		SPECIES	Hemidactylus turcicus (Linnaeus, 1758)	Hemidactylus turcicus		US		California	PRESENT		28eb1a3f-1c15-4a95-931a-4af90ecb574d	34.056537	-117.183549	8.0						2024-04-29T21:48	29	4	2024	5221528	5221528	HUMAN_OBSERVATION	iNaturalist	Observations	212277270		Chelsea E. Martin	2024-04-30T15:29:06	CC_BY_NC_4_0	Chelsea E. Martin	Chelsea E. Martin			2026-02-23T22:27:25.894Z	StillImage	COORDINATE_ROUNDED;CONTINENT_DERIVED_FROM_COORDINATES;TAXON_ID_NOT_FOUND
4852582081	50c9509d-22c7-4a22-a47d-8c48425ef4a7	https://www.inaturalist.org/observations/212163999	Animalia	Chordata	Squamata		Gekkonidae	Hemidactylus	Hemidactylus turcicus		SPECIES	Hemidactylus turcicus (Linnaeus, 1758)	Hemidactylus turcicus		US		California	PRESENT		28eb1a3f-1c15-4a95-931a-4af90ecb574d	34.053589	-117.263712	5.0						2024-04-29T21:06	29	4	2024	5221528	5221528	HUMAN_OBSERVATION	iNaturalist	Observations	212163999		Chelsea E. Martin	2024-04-30T06:41:54	CC_BY_NC_4_0	Chelsea E. Martin	Chelsea E. Martin			2026-02-23T23:35:07.154Z	StillImage	COORDINATE_ROUNDED;CONTINENT_DERIVED_FROM_COORDINATES;TAXON_ID_NOT_FOUND
4852548561	50c9509d-22c7-4a22-a47d-8c48425ef4a7	https://www.inaturalist.org/observations/211639314	Animalia	Chordata	Squamata		Gekkonidae	Hemidactylus	Hemidactylus turcicus		SPECIES	Hemidactylus turcicus (Linnaeus, 1758)	Hemidactylus turcicus		US		California	PRESENT		28eb1a3f-1c15-4a95-931a-4af90ecb574d	33.692833	-116.386262	9.0						2024-04-28T22:10:53	28	4	2024	5221528	5221528	HUMAN_OBSERVATION	iNaturalist	Observations	211639314		Ben Machado	2024-04-29T18:00:00	CC_BY_NC_4_0	eraofthesea	eraofthesea			2026-02-23T22:27:19.028Z	StillImage	COORDINATE_ROUNDED;CONTINENT_DERIVED_FROM_COORDINATES;TAXON_ID_NOT_FOUND
4852509255	50c9509d-22c7-4a22-a47d-8c48425ef4a7	https://www.inaturalist.org/observations/16228029	Animalia	Chordata	Squamata		Gekkonidae	Hemidactylus	Hemidactylus turcicus		SPECIES	Hemidactylus turcicus (Linnaeus, 1758)	Hemidactylus turcicus		US		California	PRESENT		28eb1a3f-1c15-4a95-931a-4af90ecb574d	33.765145	-116.438784	31.0						2018-09-04T03:17	4	9	2018	5221528	5221528	HUMAN_OBSERVATION	iNaturalist	Observations	16228029		Chris W.	2018-09-05T12:32:12	CC_BY_NC_4_0	Chris W.	Chris W.			2026-02-24T00:06:11.262Z	StillImage	COORDINATE_ROUNDED;CONTINENT_DERIVED_FROM_COORDINATES;TAXON_ID_NOT_FOUND
4852256101	50c9509d-22c7-4a22-a47d-8c48425ef4a7	https://www.inaturalist.org/observations/212164773	Animalia	Chordata	Squamata		Gekkonidae	Hemidactylus	Hemidactylus turcicus		SPECIES	Hemidactylus turcicus (Linnaeus, 1758)	Hemidactylus turcicus		US		California	PRESENT		28eb1a3f-1c15-4a95-931a-4af90ecb574d	34.05787	-117.285233	17.0						2024-04-29T20:37:44	29	4	2024	5221528	5221528	HUMAN_OBSERVATION	iNaturalist	Observations	212164773		Chelsea E. Martin	2024-04-30T06:46:05	CC_BY_NC_4_0	Chelsea E. Martin	Chelsea E. Martin			2026-02-24T00:43:43.696Z	StillImage	COORDINATE_ROUNDED;CONTINENT_DERIVED_FROM_COORDINATES;TAXON_ID_NOT_FOUND
4852189789	50c9509d-22c7-4a22-a47d-8c48425ef4a7	https://www.inaturalist.org/observations/14010503	Animalia	Chordata	Squamata		Gekkonidae	Hemidactylus	Hemidactylus turcicus		SPECIES	Hemidactylus turcicus (Linnaeus, 1758)	Hemidactylus turcicus		US		California	PRESENT		28eb1a3f-1c15-4a95-931a-4af90ecb574d	33.76741	-116.442455	122.0						2018-06-30T10:22	30	6	2018	5221528	5221528	HUMAN_OBSERVATION	iNaturalist	Observations	14010503		Yingyod Lapwong	2018-07-03T14:59:42	CC_BY_NC_4_0	Chris W.	Chris W.			2026-02-23T22:53:02.545Z	StillImage	COORDINATE_ROUNDED;CONTINENT_DERIVED_FROM_COORDINATES;TAXON_ID_NOT_FOUND
4852189492	50c9509d-22c7-4a22-a47d-8c48425ef4a7	https://www.inaturalist.org/observations/212280721	Animalia	Chordata	Squamata		Gekkonidae	Hemidactylus	Hemidactylus turcicus		SPECIES	Hemidactylus turcicus (Linnaeus, 1758)	Hemidactylus turcicus		US		California	PRESENT		28eb1a3f-1c15-4a95-931a-4af90ecb574d	34.058375	-117.190125	24.0						2024-04-29T22:04:37	29	4	2024	5221528	5221528	HUMAN_OBSERVATION	iNaturalist	Observations	212280721		Chelsea E. Martin	2024-04-30T15:39:30	CC_BY_NC_4_0	Chelsea E. Martin	Chelsea E. Martin			2026-02-23T23:35:07.304Z	StillImage	CONTINENT_DERIVED_FROM_COORDINATES;TAXON_ID_NOT_FOUND
4851928136	50c9509d-22c7-4a22-a47d-8c48425ef4a7	https://www.inaturalist.org/observations/210907797	Animalia	Chordata	Squamata		Gekkonidae	Hemidactylus	Hemidactylus turcicus		SPECIES	Hemidactylus turcicus (Linnaeus, 1758)	Hemidactylus turcicus		US		California	PRESENT		28eb1a3f-1c15-4a95-931a-4af90ecb574d	36.330767	-119.301692	1575.0						2024-04-27T21:58:24	27	4	2024	5221528	5221528	HUMAN_OBSERVATION	iNaturalist	Observations	210907797		matimer	2024-04-28T16:07:36	CC_BY_NC_4_0	matimer	matimer			2026-02-24T00:43:34.142Z	StillImage	COORDINATE_ROUNDED;CONTINENT_DERIVED_FROM_COORDINATES;TAXON_ID_NOT_FOUND
4851904316	50c9509d-22c7-4a22-a47d-8c48425ef4a7	https://www.inaturalist.org/observations/37353673	Animalia	Chordata	Squamata		Gekkonidae	Hemidactylus	Hemidactylus turcicus		SPECIES	Hemidactylus turcicus (Linnaeus, 1758)	Hemidactylus turcicus		US		California	PRESENT		28eb1a3f-1c15-4a95-931a-4af90ecb574d	33.812328	-116.492008							2019-11-25T10:31	25	11	2019	5221528	5221528	HUMAN_OBSERVATION	iNaturalist	Observations	37353673		Mina Zaki	2020-01-07T10:48:50	CC_BY_NC_4_0	Chris W.	Chris W.			2026-02-23T22:56:28.950Z	StillImage	COORDINATE_ROUNDED;CONTINENT_DERIVED_FROM_COORDINATES;TAXON_ID_NOT_FOUND
4851885386	50c9509d-22c7-4a22-a47d-8c48425ef4a7	https://www.inaturalist.org/observations/15754485	Animalia	Chordata	Squamata		Gekkonidae	Hemidactylus	Hemidactylus turcicus		SPECIES	Hemidactylus turcicus (Linnaeus, 1758)	Hemidactylus turcicus		US		California	PRESENT		28eb1a3f-1c15-4a95-931a-4af90ecb574d	33.736295	-116.250611							2018-08-21T05:16	21	8	2018	5221528	5221528	HUMAN_OBSERVATION	iNaturalist	Observations	15754485		Chris W.	2018-08-21T15:04:22	CC_BY_NC_4_0	Chris W.	Chris W.			2026-02-23T22:53:16.968Z	StillImage	COORDINATE_ROUNDED;CONTINENT_DERIVED_FROM_COORDINATES;TAXON_ID_NOT_FOUND
4851850620	50c9509d-22c7-4a22-a47d-8c48425ef4a7	https://www.inaturalist.org/observations/207879152	Animalia	Chordata	Squamata		Gekkonidae	Hemidactylus	Hemidactylus turcicus		SPECIES	Hemidactylus turcicus (Linnaeus, 1758)	Hemidactylus turcicus		US		California	PRESENT		28eb1a3f-1c15-4a95-931a-4af90ecb574d	35.376312	-119.146396	24.0						2024-04-16T20:15:42	16	4	2024	5221528	5221528	HUMAN_OBSERVATION	iNaturalist	Observations	207879152		Trey C.	2024-04-18T04:53:26	CC_BY_4_0	Trey C.	Trey C.			2026-02-23T23:34:18.814Z	StillImage	COORDINATE_ROUNDED;CONTINENT_DERIVED_FROM_COORDINATES;TAXON_ID_NOT_FOUND
4851848380	50c9509d-22c7-4a22-a47d-8c48425ef4a7	https://www.inaturalist.org/observations/212277271	Animalia	Chordata	Squamata		Gekkonidae	Hemidactylus	Hemidactylus turcicus		SPECIES	Hemidactylus turcicus (Linnaeus, 1758)	Hemidactylus turcicus		US		California	PRESENT		28eb1a3f-1c15-4a95-931a-4af90ecb574d	34.058429	-117.191703	2.0						2024-04-29T22:10	29	4	2024	5221528	5221528	HUMAN_OBSERVATION	iNaturalist	Observations	212277271		Chelsea E. Martin	2024-04-30T15:29:06	CC_BY_NC_4_0	Chelsea E. Martin	Chelsea E. Martin			2026-02-23T22:27:26.009Z	StillImage	COORDINATE_ROUNDED;CONTINENT_DERIVED_FROM_COORDINATES;TAXON_ID_NOT_FOUND
4851748785	50c9509d-22c7-4a22-a47d-8c48425ef4a7	https://www.inaturalist.org/observations/53354164	Animalia	Chordata	Squamata		Gekkonidae	Hemidactylus	Hemidactylus turcicus		SPECIES	Hemidactylus turcicus (Linnaeus, 1758)	Hemidactylus turcicus		US		California	PRESENT		28eb1a3f-1c15-4a95-931a-4af90ecb574d	33.649425	-116.223468	3530.0						2020-07-16T17:41	16	7	2020	5221528	5221528	HUMAN_OBSERVATION	iNaturalist	Observations	53354164		Colin Barrows	2020-07-17T14:17:53	CC_BY_NC_4_0	Chris W.	Chris W.			2026-02-23T21:53:39.057Z	StillImage	CONTINENT_DERIVED_FROM_COORDINATES;TAXON_ID_NOT_FOUND
4846885721	50c9509d-22c7-4a22-a47d-8c48425ef4a7	https://www.inaturalist.org/observations/207291485	Animalia	Chordata	Squamata		Gekkonidae	Hemidactylus	Hemidactylus turcicus		SPECIES	Hemidactylus turcicus (Linnaeus, 1758)	Hemidactylus turcicus		US		California	PRESENT		28eb1a3f-1c15-4a95-931a-4af90ecb574d	38.563663	-121.746162	12.0						2024-04-14T16:01:12	14	4	2024	5221528	5221528	HUMAN_OBSERVATION	iNaturalist	Observations	207291485		eerich	2024-04-14T23:29:13	CC_BY_NC_4_0	eerich	eerich			2026-02-23T23:34:11.017Z	StillImage	COORDINATE_ROUNDED;CONTINENT_DERIVED_FROM_COORDINATES;TAXON_ID_NOT_FOUND
4846766958	50c9509d-22c7-4a22-a47d-8c48425ef4a7	https://www.inaturalist.org/observations/205809286	Animalia	Chordata	Squamata		Gekkonidae	Hemidactylus	Hemidactylus turcicus		SPECIES	Hemidactylus turcicus (Linnaeus, 1758)	Hemidactylus turcicus		US		California	PRESENT		28eb1a3f-1c15-4a95-931a-4af90ecb574d	36.8348	-119.773242	7.0						2024-04-06T22:16:06	6	4	2024	5221528	5221528	HUMAN_OBSERVATION	iNaturalist	Observations	205809286		moorej211	2024-04-07T05:16:18	CC_BY_NC_4_0	moorej211	moorej211			2026-02-24T00:42:47.238Z	StillImage	COORDINATE_ROUNDED;CONTINENT_DERIVED_FROM_COORDINATES;TAXON_ID_NOT_FOUND
4606613789	50c9509d-22c7-4a22-a47d-8c48425ef4a7	https://www.inaturalist.org/observations/204176119	Animalia	Chordata	Squamata		Gekkonidae	Hemidactylus	Hemidactylus turcicus		SPECIES	Hemidactylus turcicus (Linnaeus, 1758)	Hemidactylus turcicus		US		California	PRESENT		28eb1a3f-1c15-4a95-931a-4af90ecb574d	36.328546	-119.309698	23.0						2024-03-22T19:46:12	22	3	2024	5221528	5221528	HUMAN_OBSERVATION	iNaturalist	Observations	204176119		soififa	2024-03-27T19:02:56	CC_BY_NC_4_0	soififa	soififa			2026-02-23T22:25:56.584Z	StillImage	COORDINATE_ROUNDED;CONTINENT_DERIVED_FROM_COORDINATES;TAXON_ID_NOT_FOUND
4606568518	50c9509d-22c7-4a22-a47d-8c48425ef4a7	https://www.inaturalist.org/observations/45660365	Animalia	Chordata	Squamata		Gekkonidae	Hemidactylus	Hemidactylus turcicus		SPECIES	Hemidactylus turcicus (Linnaeus, 1758)	Hemidactylus turcicus		US		California	PRESENT		28eb1a3f-1c15-4a95-931a-4af90ecb574d	35.43423	-119.013481							2020-05-12T04:56:38Z	12	5	2020	5221528	5221528	HUMAN_OBSERVATION	iNaturalist	Observations	45660365		joesjoes20	2023-03-19T06:25:46	CC_BY_NC_4_0	marylurogers	marylurogers			2026-02-23T22:57:49.934Z	StillImage	COORDINATE_ROUNDED;CONTINENT_DERIVED_FROM_COORDINATES;TAXON_ID_NOT_FOUND
4599890341	50c9509d-22c7-4a22-a47d-8c48425ef4a7	https://www.inaturalist.org/observations/203435532	Animalia	Chordata	Squamata		Gekkonidae	Hemidactylus	Hemidactylus turcicus		SPECIES	Hemidactylus turcicus (Linnaeus, 1758)	Hemidactylus turcicus		US		California	PRESENT		28eb1a3f-1c15-4a95-931a-4af90ecb574d	33.720219	-116.28297	206.0						2024-03-21T20:43:17	21	3	2024	5221528	5221528	HUMAN_OBSERVATION	iNaturalist	Observations	203435532		Santiago Garcia	2024-03-22T04:48:25	CC_BY_NC_4_0	Santiago Garcia	Santiago Garcia			2026-02-23T22:25:57.558Z	StillImage	COORDINATE_ROUNDED;CONTINENT_DERIVED_FROM_COORDINATES;TAXON_ID_NOT_FOUND
4599812427	50c9509d-22c7-4a22-a47d-8c48425ef4a7	https://www.inaturalist.org/observations/203440686	Animalia	Chordata	Squamata		Gekkonidae	Hemidactylus	Hemidactylus turcicus		SPECIES	Hemidactylus turcicus (Linnaeus, 1758)	Hemidactylus turcicus		US		California	PRESENT		28eb1a3f-1c15-4a95-931a-4af90ecb574d	33.676944	-116.21645	28930.0						2024-03-21T23:20:16	21	3	2024	5221528	5221528	HUMAN_OBSERVATION	iNaturalist	Observations	203440686		joesjoes20	2024-03-22T06:31:26	CC_BY_NC_4_0	ginkgoseed	ginkgoseed			2026-02-24T00:42:26.795Z	StillImage	COORDINATE_ROUNDED;CONTINENT_DERIVED_FROM_COORDINATES;TAXON_ID_NOT_FOUND
4597434693	50c9509d-22c7-4a22-a47d-8c48425ef4a7	https://www.inaturalist.org/observations/202007718	Animalia	Chordata	Squamata		Gekkonidae	Hemidactylus	Hemidactylus turcicus		SPECIES	Hemidactylus turcicus (Linnaeus, 1758)	Hemidactylus turcicus		US		California	PRESENT		28eb1a3f-1c15-4a95-931a-4af90ecb574d	36.7851	-119.799103	4.0						2024-03-10T19:43:50	10	3	2024	5221528	5221528	HUMAN_OBSERVATION	iNaturalist	Observations	202007718		Aaron Griffing	2024-03-11T03:49:08	CC_BY_NC_4_0	markdos	markdos			2026-02-24T00:42:14.025Z	StillImage	COORDINATE_ROUNDED;CONTINENT_DERIVED_FROM_COORDINATES;TAXON_ID_NOT_FOUND
4597140577	50c9509d-22c7-4a22-a47d-8c48425ef4a7	https://www.inaturalist.org/observations/203063517	Animalia	Chordata	Squamata		Gekkonidae	Hemidactylus	Hemidactylus turcicus		SPECIES	Hemidactylus turcicus (Linnaeus, 1758)	Hemidactylus turcicus		US		California	PRESENT		28eb1a3f-1c15-4a95-931a-4af90ecb574d	33.80971	-116.514046	578.0						2024-03-18T20:11:32	18	3	2024	5221528	5221528	HUMAN_OBSERVATION	iNaturalist	Observations	203063517		ronanhurley	2024-03-19T03:48:40	CC_BY_NC_4_0	ronanhurley	ronanhurley			2026-02-23T23:33:19.384Z	StillImage	COORDINATE_ROUNDED;CONTINENT_DERIVED_FROM_COORDINATES;TAXON_ID_NOT_FOUND
4596873020	50c9509d-22c7-4a22-a47d-8c48425ef4a7	https://www.inaturalist.org/observations/201798261	Animalia	Chordata	Squamata		Gekkonidae	Hemidactylus	Hemidactylus turcicus		SPECIES	Hemidactylus turcicus (Linnaeus, 1758)	Hemidactylus turcicus		US		California	PRESENT		28eb1a3f-1c15-4a95-931a-4af90ecb574d	36.737666	-119.787125	22461.0						2023-09-17T20:51:28	17	9	2023	5221528	5221528	HUMAN_OBSERVATION	iNaturalist	Observations	201798261		alexb0000	2024-03-10T06:42:00	CC_BY_NC_4_0	snapdragons24	snapdragons24			2026-02-24T00:42:12.866Z	StillImage	COORDINATE_ROUNDED;CONTINENT_DERIVED_FROM_COORDINATES;TAXON_ID_NOT_FOUND
4535926870	50c9509d-22c7-4a22-a47d-8c48425ef4a7	https://www.inaturalist.org/observations/200875035	Animalia	Chordata	Squamata		Gekkonidae	Hemidactylus	Hemidactylus turcicus		SPECIES	Hemidactylus turcicus (Linnaeus, 1758)	Hemidactylus turcicus		US		California	PRESENT		28eb1a3f-1c15-4a95-931a-4af90ecb574d	35.380771	-119.041461	3.0						2024-02-29T14:11:48	29	2	2024	5221528	5221528	HUMAN_OBSERVATION	iNaturalist	Observations	200875035		Jonathan Hakim	2024-03-01T03:26:21	CC_BY_NC_4_0	Jonathan Hakim	Jonathan Hakim			2026-02-23T22:25:19.061Z	StillImage	COORDINATE_ROUNDED;CONTINENT_DERIVED_FROM_COORDINATES;TAXON_ID_NOT_FOUND
4535608895	50c9509d-22c7-4a22-a47d-8c48425ef4a7	https://www.inaturalist.org/observations/183415005	Animalia	Chordata	Squamata		Gekkonidae	Hemidactylus	Hemidactylus turcicus		SPECIES	Hemidactylus turcicus (Linnaeus, 1758)	Hemidactylus turcicus		US		California	PRESENT		28eb1a3f-1c15-4a95-931a-4af90ecb574d	33.820016	-116.390289	2891.0						2023-09-14	14	9	2023	5221528	5221528	HUMAN_OBSERVATION	iNaturalist	Observations	183415005		Colin Barrows	2023-09-18T20:47:49	CC_BY_NC_4_0	amyhuggs	amyhuggs			2026-02-24T00:39:42.244Z	StillImage	COORDINATE_ROUNDED;CONTINENT_DERIVED_FROM_COORDINATES;TAXON_ID_NOT_FOUND
4528222515	50c9509d-22c7-4a22-a47d-8c48425ef4a7	https://www.inaturalist.org/observations/91489151	Animalia	Chordata	Squamata		Gekkonidae	Hemidactylus	Hemidactylus turcicus		SPECIES	Hemidactylus turcicus (Linnaeus, 1758)	Hemidactylus turcicus		US		California	PRESENT		28eb1a3f-1c15-4a95-931a-4af90ecb574d	35.442695	-119.0284	12.0						2021-08-16T20:06:58	16	8	2021	5221528	5221528	HUMAN_OBSERVATION	iNaturalist	Observations	91489151		joesjoes20	2023-02-20T00:15:36	CC_BY_NC_4_0	Casey McCurdy	Casey McCurdy			2026-02-23T22:01:05.855Z	StillImage	COORDINATE_ROUNDED;CONTINENT_DERIVED_FROM_COORDINATES;TAXON_ID_NOT_FOUND
4527974448	50c9509d-22c7-4a22-a47d-8c48425ef4a7	https://www.inaturalist.org/observations/60355386	Animalia	Chordata	Squamata		Gekkonidae	Hemidactylus	Hemidactylus turcicus		SPECIES	Hemidactylus turcicus (Linnaeus, 1758)	Hemidactylus turcicus		US		California	PRESENT		28eb1a3f-1c15-4a95-931a-4af90ecb574d	32.991596	-115.535205	15.0						2020-09-20T21:46	20	9	2020	5221528	5221528	HUMAN_OBSERVATION	iNaturalist	Observations	60355386		joesjoes20	2023-03-09T05:32:33	CC_BY_NC_4_0	jalynayala	jalynayala			2026-02-23T23:00:58.140Z	StillImage	COORDINATE_ROUNDED;CONTINENT_DERIVED_FROM_COORDINATES;TAXON_ID_NOT_FOUND
4522807448	50c9509d-22c7-4a22-a47d-8c48425ef4a7	https://www.inaturalist.org/observations/199225193	Animalia	Chordata	Squamata		Gekkonidae	Hemidactylus	Hemidactylus turcicus		SPECIES	Hemidactylus turcicus (Linnaeus, 1758)	Hemidactylus turcicus		US		California	PRESENT		28eb1a3f-1c15-4a95-931a-4af90ecb574d	36.81298	-119.798813	5.0						2024-02-13T13:30:36	13	2	2024	5221528	5221528	HUMAN_OBSERVATION	iNaturalist	Observations	199225193		James T. Von Tersch	2024-02-13T21:32:09	CC_BY_NC_4_0	James T. Von Tersch	James T. Von Tersch			2026-02-24T00:41:53.773Z	StillImage	COORDINATE_ROUNDED;CONTINENT_DERIVED_FROM_COORDINATES;TAXON_ID_NOT_FOUND
4519279999	50c9509d-22c7-4a22-a47d-8c48425ef4a7	https://www.inaturalist.org/observations/198548858	Animalia	Chordata	Squamata		Gekkonidae	Hemidactylus	Hemidactylus turcicus		SPECIES	Hemidactylus turcicus (Linnaeus, 1758)	Hemidactylus turcicus		US		California	PRESENT		28eb1a3f-1c15-4a95-931a-4af90ecb574d	32.779505	-116.956457	191.0						2022-02-23T00:53:13	23	2	2022	5221528	5221528	HUMAN_OBSERVATION	iNaturalist	Observations	198548858		assaly123	2024-02-06T06:46:08	CC_BY_NC_4_0	assaly123	assaly123			2026-02-23T22:24:54.344Z	StillImage	COORDINATE_ROUNDED;CONTINENT_DERIVED_FROM_COORDINATES;TAXON_ID_NOT_FOUND
4516763736	50c9509d-22c7-4a22-a47d-8c48425ef4a7	https://www.inaturalist.org/observations/197860581	Animalia	Chordata	Squamata		Gekkonidae	Hemidactylus	Hemidactylus turcicus		SPECIES	Hemidactylus turcicus (Linnaeus, 1758)	Hemidactylus turcicus		US		California	PRESENT		28eb1a3f-1c15-4a95-931a-4af90ecb574d	33.793097	-116.294787	28930.0						2024-01-28T12:04:47	28	1	2024	5221528	5221528	HUMAN_OBSERVATION	iNaturalist	Observations	197860581		rbbirder	2024-01-29T03:39:56	CC_BY_NC_4_0	rbbirder	rbbirder			2026-02-24T00:41:45.098Z	StillImage	COORDINATE_ROUNDED;CONTINENT_DERIVED_FROM_COORDINATES;TAXON_ID_NOT_FOUND
4512371648	50c9509d-22c7-4a22-a47d-8c48425ef4a7	https://www.inaturalist.org/observations/196774104	Animalia	Chordata	Squamata		Gekkonidae	Hemidactylus	Hemidactylus turcicus		SPECIES	Hemidactylus turcicus (Linnaeus, 1758)	Hemidactylus turcicus		US		California	PRESENT		28eb1a3f-1c15-4a95-931a-4af90ecb574d	35.977332	-116.27166	8.0						2023-09-15T20:11:52	15	9	2023	5221528	5221528	HUMAN_OBSERVATION	iNaturalist	Observations	196774104		Aaron Griffing	2024-01-15T19:05:35	CC_BY_NC_4_0	aroy3	aroy3			2026-02-23T23:32:09.989Z	StillImage	COORDINATE_ROUNDED;CONTINENT_DERIVED_FROM_COORDINATES;TAXON_ID_NOT_FOUND
4507625463	50c9509d-22c7-4a22-a47d-8c48425ef4a7	https://www.inaturalist.org/observations/194809847	Animalia	Chordata	Squamata		Gekkonidae	Hemidactylus	Hemidactylus turcicus		SPECIES	Hemidactylus turcicus (Linnaeus, 1758)	Hemidactylus turcicus		US		California	PRESENT		28eb1a3f-1c15-4a95-931a-4af90ecb574d	33.790537	-116.516008	16.0						2023-12-24T19:00:03	24	12	2023	5221528	5221528	HUMAN_OBSERVATION	iNaturalist	Observations	194809847		joesjoes20	2023-12-26T04:50:51	CC_BY_NC_4_0	jessek	jessek			2026-02-23T22:24:11.271Z	StillImage	COORDINATE_ROUNDED;CONTINENT_DERIVED_FROM_COORDINATES;TAXON_ID_NOT_FOUND
4506283732	50c9509d-22c7-4a22-a47d-8c48425ef4a7	https://www.inaturalist.org/observations/194480433	Animalia	Chordata	Squamata		Gekkonidae	Hemidactylus	Hemidactylus turcicus		SPECIES	Hemidactylus turcicus (Linnaeus, 1758)	Hemidactylus turcicus		US		California	PRESENT		28eb1a3f-1c15-4a95-931a-4af90ecb574d	34.075794	-118.132657	28874.0						2023-12-20T20:26:32	20	12	2023	5221528	5221528	HUMAN_OBSERVATION	iNaturalist	Observations	194480433		Jessie Salter	2023-12-21T04:29:02	CC_BY_NC_4_0	Jessie Salter	Jessie Salter			2026-02-23T22:24:12.145Z	StillImage	COORDINATE_ROUNDED;CONTINENT_DERIVED_FROM_COORDINATES;TAXON_ID_NOT_FOUND
4506271223	50c9509d-22c7-4a22-a47d-8c48425ef4a7	https://www.inaturalist.org/observations/194626824	Animalia	Chordata	Squamata		Gekkonidae	Hemidactylus	Hemidactylus turcicus		SPECIES	Hemidactylus turcicus (Linnaeus, 1758)	Hemidactylus turcicus		US		California	PRESENT		28eb1a3f-1c15-4a95-931a-4af90ecb574d	32.790925	-117.100919	32.0						2023-12-22T10:43:22	22	12	2023	5221528	5221528	HUMAN_OBSERVATION	iNaturalist	Observations	194626824		joesjoes20	2023-12-23T04:24:39	CC_BY_NC_4_0	artmachette	artmachette			2026-02-24T00:41:16.576Z	StillImage	COORDINATE_ROUNDED;CONTINENT_DERIVED_FROM_COORDINATES;TAXON_ID_NOT_FOUND
4500613075	50c9509d-22c7-4a22-a47d-8c48425ef4a7	https://www.inaturalist.org/observations/194253020	Animalia	Chordata	Squamata		Gekkonidae	Hemidactylus	Hemidactylus turcicus		SPECIES	Hemidactylus turcicus (Linnaeus, 1758)	Hemidactylus turcicus		US		California	PRESENT		28eb1a3f-1c15-4a95-931a-4af90ecb574d	34.159491	-114.301593	16.0						2022-05-16T20:20:06	16	5	2022	5221528	5221528	HUMAN_OBSERVATION	iNaturalist	Observations	194253020		Tyler Y.	2023-12-18T17:51:13	CC_BY_NC_4_0	Esky McRapt	Esky McRapt			2026-02-23T22:24:09.774Z	StillImage	COORDINATE_ROUNDED;CONTINENT_DERIVED_FROM_COORDINATES;TAXON_ID_NOT_FOUND
4465672292	50c9509d-22c7-4a22-a47d-8c48425ef4a7	https://www.inaturalist.org/observations/193432023	Animalia	Chordata	Squamata		Gekkonidae	Hemidactylus	Hemidactylus turcicus		SPECIES	Hemidactylus turcicus (Linnaeus, 1758)	Hemidactylus turcicus		US		California	PRESENT		28eb1a3f-1c15-4a95-931a-4af90ecb574d	35.398791	-119.09697	38.0						2023-12-08T15:15:16	8	12	2023	5221528	5221528	HUMAN_OBSERVATION	iNaturalist	Observations	193432023		camib3	2023-12-08T23:15:26	CC_BY_NC_4_0	camib3	camib3			2026-02-23T23:31:27.034Z	StillImage	COORDINATE_ROUNDED;CONTINENT_DERIVED_FROM_COORDINATES;TAXON_ID_NOT_FOUND
4465503673	50c9509d-22c7-4a22-a47d-8c48425ef4a7	https://www.inaturalist.org/observations/193583770	Animalia	Chordata	Squamata		Gekkonidae	Hemidactylus	Hemidactylus turcicus		SPECIES	Hemidactylus turcicus (Linnaeus, 1758)	Hemidactylus turcicus		US		California	PRESENT		28eb1a3f-1c15-4a95-931a-4af90ecb574d	33.685804	-116.147259	3860.0						2023-12-10T02:20:42	10	12	2023	5221528	5221528	HUMAN_OBSERVATION	iNaturalist	Observations	193583770		Matthew	2023-12-10T17:02:39	CC_BY_NC_4_0	jessalynt	jessalynt			2026-02-23T23:31:28.964Z	StillImage	COORDINATE_ROUNDED;CONTINENT_DERIVED_FROM_COORDINATES;TAXON_ID_NOT_FOUND
4465497312	50c9509d-22c7-4a22-a47d-8c48425ef4a7	https://www.inaturalist.org/observations/193446877	Animalia	Chordata	Squamata		Gekkonidae	Hemidactylus	Hemidactylus turcicus		SPECIES	Hemidactylus turcicus (Linnaeus, 1758)	Hemidactylus turcicus		US		California	PRESENT		28eb1a3f-1c15-4a95-931a-4af90ecb574d	33.685804	-116.147259	3860.0						2023-12-08T18:20:22	8	12	2023	5221528	5221528	HUMAN_OBSERVATION	iNaturalist	Observations	193446877		Matthew	2023-12-09T02:39:21	CC_BY_NC_4_0	jessalynt	jessalynt			2026-02-23T22:24:03.053Z	StillImage	COORDINATE_ROUNDED;CONTINENT_DERIVED_FROM_COORDINATES;TAXON_ID_NOT_FOUND
4465379872	50c9509d-22c7-4a22-a47d-8c48425ef4a7	https://www.inaturalist.org/observations/164840068	Animalia	Chordata	Squamata		Gekkonidae	Hemidactylus	Hemidactylus turcicus		SPECIES	Hemidactylus turcicus (Linnaeus, 1758)	Hemidactylus turcicus		US		California	PRESENT		28eb1a3f-1c15-4a95-931a-4af90ecb574d	33.843067	-117.241058	4.0						2023-05-31T10:39:18	31	5	2023	5221528	5221528	HUMAN_OBSERVATION	iNaturalist	Observations	164840068		joesjoes20	2023-11-21T00:42:30	CC_BY_NC_4_0	ajsamra17	ajsamra17			2026-02-23T22:17:53.638Z	StillImage	COORDINATE_ROUNDED;CONTINENT_DERIVED_FROM_COORDINATES;TAXON_ID_NOT_FOUND
4458676523	50c9509d-22c7-4a22-a47d-8c48425ef4a7	https://www.inaturalist.org/observations/192796711	Animalia	Chordata	Squamata		Gekkonidae	Hemidactylus	Hemidactylus turcicus		SPECIES	Hemidactylus turcicus (Linnaeus, 1758)	Hemidactylus turcicus		US		California	PRESENT		28eb1a3f-1c15-4a95-931a-4af90ecb574d	36.791817	-119.762292	4.0						2023-09-27T20:38:23	27	9	2023	5221528	5221528	HUMAN_OBSERVATION	iNaturalist	Observations	192796711		alexb0000	2023-12-04T09:20:49	CC_BY_NC_4_0	anaphl	anaphl			2026-02-23T23:31:17.717Z	StillImage	COORDINATE_ROUNDED;CONTINENT_DERIVED_FROM_COORDINATES;TAXON_ID_NOT_FOUND
4458634731	50c9509d-22c7-4a22-a47d-8c48425ef4a7	https://www.inaturalist.org/observations/192525077	Animalia	Chordata	Squamata		Gekkonidae	Hemidactylus	Hemidactylus turcicus		SPECIES	Hemidactylus turcicus (Linnaeus, 1758)	Hemidactylus turcicus		US		California	PRESENT		28eb1a3f-1c15-4a95-931a-4af90ecb574d	36.766952	-119.76718	183.0						2023-09-21T22:43	21	9	2023	5221528	5221528	HUMAN_OBSERVATION	iNaturalist	Observations	192525077		Matthew Cozart	2023-11-29T06:25:54	CC_BY_NC_4_0	tetrisisbetter	tetrisisbetter			2026-02-23T23:52:57.151Z	StillImage	COORDINATE_ROUNDED;CONTINENT_DERIVED_FROM_COORDINATES;TAXON_ID_NOT_FOUND
4458451704	50c9509d-22c7-4a22-a47d-8c48425ef4a7	https://www.inaturalist.org/observations/192854317	Animalia	Chordata	Squamata		Gekkonidae	Hemidactylus	Hemidactylus turcicus		SPECIES	Hemidactylus turcicus (Linnaeus, 1758)	Hemidactylus turcicus		US		California	PRESENT		28eb1a3f-1c15-4a95-931a-4af90ecb574d	33.773078	-116.290062	4.0						2023-12-02T12:27:04	2	12	2023	5221528	5221528	HUMAN_OBSERVATION	iNaturalist	Observations	192854317		Irene	2023-12-02T20:58:15	CC0_1_0	Irene	Irene			2026-02-23T23:31:26.121Z	StillImage	COORDINATE_ROUNDED;CONTINENT_DERIVED_FROM_COORDINATES;TAXON_ID_NOT_FOUND
4458425921	50c9509d-22c7-4a22-a47d-8c48425ef4a7	https://www.inaturalist.org/observations/192598813	Animalia	Chordata	Squamata		Gekkonidae	Hemidactylus	Hemidactylus turcicus		SPECIES	Hemidactylus turcicus (Linnaeus, 1758)	Hemidactylus turcicus		US		California	PRESENT		28eb1a3f-1c15-4a95-931a-4af90ecb574d	36.759236	-119.800242	22.0						2023-11-29T17:31:24	29	11	2023	5221528	5221528	HUMAN_OBSERVATION	iNaturalist	Observations	192598813		Drew W	2023-11-30T01:32:57	CC_BY_NC_4_0	Drew W	Drew W			2026-02-23T23:31:20.841Z	StillImage	COORDINATE_ROUNDED;CONTINENT_DERIVED_FROM_COORDINATES;TAXON_ID_NOT_FOUND
4453686293	50c9509d-22c7-4a22-a47d-8c48425ef4a7	https://www.inaturalist.org/observations/191132839	Animalia	Chordata	Squamata		Gekkonidae	Hemidactylus	Hemidactylus turcicus		SPECIES	Hemidactylus turcicus (Linnaeus, 1758)	Hemidactylus turcicus		US		California	PRESENT		28eb1a3f-1c15-4a95-931a-4af90ecb574d	36.714742	-119.797853	8.0						2023-11-15T15:46:57	15	11	2023	5221528	5221528	HUMAN_OBSERVATION	iNaturalist	Observations	191132839		joesjoes20	2023-11-16T05:32:27	CC_BY_NC_4_0	mirandalay_p4	mirandalay_p4			2026-02-23T23:31:03.099Z	StillImage	COORDINATE_ROUNDED;CONTINENT_DERIVED_FROM_COORDINATES;TAXON_ID_NOT_FOUND
4442715974	50c9509d-22c7-4a22-a47d-8c48425ef4a7	https://www.inaturalist.org/observations/191327256	Animalia	Chordata	Squamata		Gekkonidae	Hemidactylus	Hemidactylus turcicus		SPECIES	Hemidactylus turcicus (Linnaeus, 1758)	Hemidactylus turcicus		US		California	PRESENT		28eb1a3f-1c15-4a95-931a-4af90ecb574d	36.759195	-119.800561	6.0						2023-11-17T18:40:51	17	11	2023	5221528	5221528	HUMAN_OBSERVATION	iNaturalist	Observations	191327256		Drew W	2023-11-18T02:43:37	CC_BY_NC_4_0	Drew W	Drew W			2026-02-23T22:23:54.903Z	StillImage	COORDINATE_ROUNDED;CONTINENT_DERIVED_FROM_COORDINATES;TAXON_ID_NOT_FOUND
4442706589	50c9509d-22c7-4a22-a47d-8c48425ef4a7	https://www.inaturalist.org/observations/191640019	Animalia	Chordata	Squamata		Gekkonidae	Hemidactylus	Hemidactylus turcicus		SPECIES	Hemidactylus turcicus (Linnaeus, 1758)	Hemidactylus turcicus		US		California	PRESENT		28eb1a3f-1c15-4a95-931a-4af90ecb574d	36.759203	-119.800502	14.0						2023-11-20T18:31:09	20	11	2023	5221528	5221528	HUMAN_OBSERVATION	iNaturalist	Observations	191640019		Drew W	2023-11-21T03:03:17	CC_BY_NC_4_0	Drew W	Drew W			2026-02-24T00:40:55.109Z	StillImage	COORDINATE_ROUNDED;CONTINENT_DERIVED_FROM_COORDINATES;TAXON_ID_NOT_FOUND
4442510506	50c9509d-22c7-4a22-a47d-8c48425ef4a7	https://www.inaturalist.org/observations/191333730	Animalia	Chordata	Squamata		Gekkonidae	Hemidactylus	Hemidactylus turcicus		SPECIES	Hemidactylus turcicus (Linnaeus, 1758)	Hemidactylus turcicus		US		California	PRESENT		28eb1a3f-1c15-4a95-931a-4af90ecb574d	36.759905	-119.800035	7.0						2023-11-17T18:52:10	17	11	2023	5221528	5221528	HUMAN_OBSERVATION	iNaturalist	Observations	191333730		Drew W	2023-11-18T04:24:54	CC_BY_NC_4_0	Drew W	Drew W			2026-02-23T23:31:08.754Z	StillImage	COORDINATE_ROUNDED;CONTINENT_DERIVED_FROM_COORDINATES;TAXON_ID_NOT_FOUND
4442452478	50c9509d-22c7-4a22-a47d-8c48425ef4a7	https://www.inaturalist.org/observations/191049932	Animalia	Chordata	Squamata		Gekkonidae	Hemidactylus	Hemidactylus turcicus		SPECIES	Hemidactylus turcicus (Linnaeus, 1758)	Hemidactylus turcicus		US		California	PRESENT		28eb1a3f-1c15-4a95-931a-4af90ecb574d	34.204113	-118.58162	4.0						2023-11-14T13:23:07	14	11	2023	5221528	5221528	HUMAN_OBSERVATION	iNaturalist	Observations	191049932		sebastian_evans	2023-11-15T01:13:59	CC_BY_NC_4_0	sebastian_evans	sebastian_evans			2026-02-23T23:31:01.091Z	StillImage	COORDINATE_ROUNDED;CONTINENT_DERIVED_FROM_COORDINATES;TAXON_ID_NOT_FOUND
4442410845	50c9509d-22c7-4a22-a47d-8c48425ef4a7	https://www.inaturalist.org/observations/191170307	Animalia	Chordata	Squamata		Gekkonidae	Hemidactylus	Hemidactylus turcicus		SPECIES	Hemidactylus turcicus (Linnaeus, 1758)	Hemidactylus turcicus		US		California	PRESENT		28eb1a3f-1c15-4a95-931a-4af90ecb574d	39.132086	-121.64182	8.0						2011-08-17T20:45	17	8	2011	5221528	5221528	HUMAN_OBSERVATION	iNaturalist	Observations	191170307		Erin Barber	2023-11-16T11:50:23	CC_BY_NC_4_0	Erin Barber	Erin Barber			2026-02-23T23:31:00.884Z	StillImage	COORDINATE_ROUNDED;CONTINENT_DERIVED_FROM_COORDINATES;TAXON_ID_NOT_FOUND
4442359062	50c9509d-22c7-4a22-a47d-8c48425ef4a7	https://www.inaturalist.org/observations/188479918	Animalia	Chordata	Squamata		Gekkonidae	Hemidactylus	Hemidactylus turcicus		SPECIES	Hemidactylus turcicus (Linnaeus, 1758)	Hemidactylus turcicus		MX		Baja California	PRESENT		28eb1a3f-1c15-4a95-931a-4af90ecb574d	32.795724	-115.320802	29066.0						2023-10-21T22:19:06	21	10	2023	5221528	5221528	HUMAN_OBSERVATION	iNaturalist	Observations	188479918		diego zárate-aldrete	2023-10-22T05:19:11	CC_BY_NC_4_0	diego zárate-aldrete	diego zárate-aldrete			2026-02-23T22:31:49.673Z	StillImage	COORDINATE_ROUNDED;COUNTRY_COORDINATE_MISMATCH;CONTINENT_DERIVED_FROM_COORDINATES;TAXON_ID_NOT_FOUND
4440959841	50c9509d-22c7-4a22-a47d-8c48425ef4a7	https://www.inaturalist.org/observations/190651378	Animalia	Chordata	Squamata		Gekkonidae	Hemidactylus	Hemidactylus turcicus		SPECIES	Hemidactylus turcicus (Linnaeus, 1758)	Hemidactylus turcicus		US		California	PRESENT		28eb1a3f-1c15-4a95-931a-4af90ecb574d	35.392628	-119.101067	3.0						2023-10-18T21:11:09	18	10	2023	5221528	5221528	HUMAN_OBSERVATION	iNaturalist	Observations	190651378		cbiggie_herping	2023-11-11T06:32:53	CC_BY_NC_4_0	cbiggie_herping	cbiggie_herping			2026-02-23T22:23:21.401Z	StillImage	COORDINATE_ROUNDED;CONTINENT_DERIVED_FROM_COORDINATES;TAXON_ID_NOT_FOUND
4440879773	50c9509d-22c7-4a22-a47d-8c48425ef4a7	https://www.inaturalist.org/observations/190649804	Animalia	Chordata	Squamata		Gekkonidae	Hemidactylus	Hemidactylus turcicus		SPECIES	Hemidactylus turcicus (Linnaeus, 1758)	Hemidactylus turcicus		US		California	PRESENT		28eb1a3f-1c15-4a95-931a-4af90ecb574d	33.815405	-116.525695	3.0						2023-11-10T21:57:10	10	11	2023	5221528	5221528	HUMAN_OBSERVATION	iNaturalist	Observations	190649804		Raphael D Mazor	2023-11-11T05:57:31	CC_BY_NC_4_0	Raphael D Mazor	Raphael D Mazor			2026-02-23T23:30:57.401Z	StillImage	CONTINENT_DERIVED_FROM_COORDINATES;TAXON_ID_NOT_FOUND
4440655845	50c9509d-22c7-4a22-a47d-8c48425ef4a7	https://www.inaturalist.org/observations/190562122	Animalia	Chordata	Squamata		Gekkonidae	Hemidactylus	Hemidactylus turcicus		SPECIES	Hemidactylus turcicus (Linnaeus, 1758)	Hemidactylus turcicus		US		California	PRESENT		28eb1a3f-1c15-4a95-931a-4af90ecb574d	32.810062	-117.042787	5.0						2023-11-07T18:36:09	7	11	2023	5221528	5221528	HUMAN_OBSERVATION	iNaturalist	Observations	190562122		Kristin Sweeney	2023-11-10T09:05:02	CC_BY_NC_4_0	Kristin Sweeney	Kristin Sweeney			2026-02-24T00:40:44.086Z	StillImage	COORDINATE_ROUNDED;CONTINENT_DERIVED_FROM_COORDINATES;TAXON_ID_NOT_FOUND
4438686322	50c9509d-22c7-4a22-a47d-8c48425ef4a7	https://www.inaturalist.org/observations/189316667	Animalia	Chordata	Squamata		Gekkonidae	Hemidactylus	Hemidactylus turcicus		SPECIES	Hemidactylus turcicus (Linnaeus, 1758)	Hemidactylus turcicus		US		California	PRESENT		28eb1a3f-1c15-4a95-931a-4af90ecb574d	34.204108	-118.581488	4.0						2023-10-28T22:44:26	28	10	2023	5221528	5221528	HUMAN_OBSERVATION	iNaturalist	Observations	189316667		Matthew Cozart	2023-10-29T17:27:56	CC_BY_NC_4_0	sebastian_evans	sebastian_evans			2026-02-23T22:23:12.121Z	StillImage	COORDINATE_ROUNDED;CONTINENT_DERIVED_FROM_COORDINATES;TAXON_ID_NOT_FOUND
4438682120	50c9509d-22c7-4a22-a47d-8c48425ef4a7	https://www.inaturalist.org/observations/189632002	Animalia	Chordata	Squamata		Gekkonidae	Hemidactylus	Hemidactylus turcicus		SPECIES	Hemidactylus turcicus (Linnaeus, 1758)	Hemidactylus turcicus		US		California	PRESENT		28eb1a3f-1c15-4a95-931a-4af90ecb574d	33.784113	-116.415062	9.0						2023-10-31T14:50:17	31	10	2023	5221528	5221528	HUMAN_OBSERVATION	iNaturalist	Observations	189632002		Janet O	2023-11-01T04:21:39	CC_BY_NC_4_0	Janet O	Janet O			2026-02-23T22:23:17.897Z	StillImage	COORDINATE_ROUNDED;CONTINENT_DERIVED_FROM_COORDINATES;TAXON_ID_NOT_FOUND
4436446971	50c9509d-22c7-4a22-a47d-8c48425ef4a7	https://www.inaturalist.org/observations/189381016	Animalia	Chordata	Squamata		Gekkonidae	Hemidactylus	Hemidactylus turcicus		SPECIES	Hemidactylus turcicus (Linnaeus, 1758)	Hemidactylus turcicus		US		California	PRESENT		28eb1a3f-1c15-4a95-931a-4af90ecb574d	35.382369	-119.124913	8.0						2023-09-22T10:14:47	22	9	2023	5221528	5221528	HUMAN_OBSERVATION	iNaturalist	Observations	189381016		cbiggie_herping	2023-10-29T18:34:13	CC_BY_NC_4_0	cbiggie_herping	cbiggie_herping			2026-02-23T22:23:30.413Z	StillImage	COORDINATE_ROUNDED;CONTINENT_DERIVED_FROM_COORDINATES;TAXON_ID_NOT_FOUND
4431201792	50c9509d-22c7-4a22-a47d-8c48425ef4a7	https://www.inaturalist.org/observations/188467616	Animalia	Chordata	Squamata		Gekkonidae	Hemidactylus	Hemidactylus turcicus		SPECIES	Hemidactylus turcicus (Linnaeus, 1758)	Hemidactylus turcicus		US		California	PRESENT		28eb1a3f-1c15-4a95-931a-4af90ecb574d	33.8154	-116.52575	8.0						2023-10-21T19:49:22	21	10	2023	5221528	5221528	HUMAN_OBSERVATION	iNaturalist	Observations	188467616		Raphael D Mazor	2023-10-22T02:49:58	CC_BY_NC_4_0	Raphael D Mazor	Raphael D Mazor			2026-02-24T00:40:26.276Z	StillImage	CONTINENT_DERIVED_FROM_COORDINATES;TAXON_ID_NOT_FOUND
4431193631	50c9509d-22c7-4a22-a47d-8c48425ef4a7	https://www.inaturalist.org/observations/188079356	Animalia	Chordata	Squamata		Gekkonidae	Hemidactylus	Hemidactylus turcicus		SPECIES	Hemidactylus turcicus (Linnaeus, 1758)	Hemidactylus turcicus		US		California	PRESENT		28eb1a3f-1c15-4a95-931a-4af90ecb574d	33.745032	-116.310621	9.0						2023-09-24T16:26:57	24	9	2023	5221528	5221528	HUMAN_OBSERVATION	iNaturalist	Observations	188079356		jmstone	2023-10-18T22:55:28	CC_BY_NC_4_0	jmstone	jmstone			2026-02-24T00:40:27.536Z	StillImage	COORDINATE_ROUNDED;CONTINENT_DERIVED_FROM_COORDINATES;TAXON_ID_NOT_FOUND
4431143123	50c9509d-22c7-4a22-a47d-8c48425ef4a7	https://www.inaturalist.org/observations/188225863	Animalia	Chordata	Squamata		Gekkonidae	Hemidactylus	Hemidactylus turcicus		SPECIES	Hemidactylus turcicus (Linnaeus, 1758)	Hemidactylus turcicus		US		California	PRESENT		28eb1a3f-1c15-4a95-931a-4af90ecb574d	35.382286	-119.124846	9.0						2023-05-13T23:15:30	13	5	2023	5221528	5221528	HUMAN_OBSERVATION	iNaturalist	Observations	188225863		cbiggie_herping	2023-10-20T04:39:41	CC_BY_NC_4_0	cbiggie_herping	cbiggie_herping			2026-02-24T00:40:23.853Z	StillImage	COORDINATE_ROUNDED;CONTINENT_DERIVED_FROM_COORDINATES;TAXON_ID_NOT_FOUND
4431068508	50c9509d-22c7-4a22-a47d-8c48425ef4a7	https://www.inaturalist.org/observations/187321039	Animalia	Chordata	Squamata		Gekkonidae	Hemidactylus	Hemidactylus turcicus		SPECIES	Hemidactylus turcicus (Linnaeus, 1758)	Hemidactylus turcicus		US		California	PRESENT		28eb1a3f-1c15-4a95-931a-4af90ecb574d	33.821505	-116.484925	4.0						2023-10-12T18:06:10	12	10	2023	5221528	5221528	HUMAN_OBSERVATION	iNaturalist	Observations	187321039		joesjoes20	2023-10-13T04:41:31	CC0_1_0	desertaster	desertaster			2026-02-23T23:30:15.465Z	StillImage	CONTINENT_DERIVED_FROM_COORDINATES;TAXON_ID_NOT_FOUND
4431029423	50c9509d-22c7-4a22-a47d-8c48425ef4a7	https://www.inaturalist.org/observations/187280515	Animalia	Chordata	Squamata		Gekkonidae	Hemidactylus	Hemidactylus turcicus		SPECIES	Hemidactylus turcicus (Linnaeus, 1758)	Hemidactylus turcicus		US		California	PRESENT		28eb1a3f-1c15-4a95-931a-4af90ecb574d	32.814828	-117.046386	4.0						2023-10-09T19:47:39	9	10	2023	5221528	5221528	HUMAN_OBSERVATION	iNaturalist	Observations	187280515		Aaron Griffing	2023-10-12T20:41:03	CC_BY_NC_4_0	ullag	ullag			2026-02-23T23:51:40.150Z	StillImage	COORDINATE_ROUNDED;CONTINENT_DERIVED_FROM_COORDINATES;TAXON_ID_NOT_FOUND
4430919686	50c9509d-22c7-4a22-a47d-8c48425ef4a7	https://www.inaturalist.org/observations/175691695	Animalia	Chordata	Squamata		Gekkonidae	Hemidactylus	Hemidactylus turcicus		SPECIES	Hemidactylus turcicus (Linnaeus, 1758)	Hemidactylus turcicus		US		California	PRESENT		28eb1a3f-1c15-4a95-931a-4af90ecb574d	35.278884	-119.173291	28706.0						2023-07-30T01:44:22	30	7	2023	5221528	5221528	HUMAN_OBSERVATION	iNaturalist	Observations	175691695		Ben Machado	2023-07-30T13:04:31	CC_BY_NC_4_0	runefire	runefire			2026-02-23T23:27:33.403Z	StillImage	COORDINATE_ROUNDED;CONTINENT_DERIVED_FROM_COORDINATES;TAXON_ID_NOT_FOUND
4430844363	50c9509d-22c7-4a22-a47d-8c48425ef4a7	https://www.inaturalist.org/observations/188731489	Animalia	Chordata	Squamata		Gekkonidae	Hemidactylus	Hemidactylus turcicus		SPECIES	Hemidactylus turcicus (Linnaeus, 1758)	Hemidactylus turcicus		US		California	PRESENT		28eb1a3f-1c15-4a95-931a-4af90ecb574d	35.382301	-119.12484	10.0						2023-09-05T21:16:49	5	9	2023	5221528	5221528	HUMAN_OBSERVATION	iNaturalist	Observations	188731489		cbiggie_herping	2023-10-24T01:09:26	CC_BY_NC_4_0	cbiggie_herping	cbiggie_herping			2026-02-24T00:40:27.928Z	StillImage	COORDINATE_ROUNDED;CONTINENT_DERIVED_FROM_COORDINATES;TAXON_ID_NOT_FOUND
4430759061	50c9509d-22c7-4a22-a47d-8c48425ef4a7	https://www.inaturalist.org/observations/188553838	Animalia	Chordata	Squamata		Gekkonidae	Hemidactylus	Hemidactylus turcicus		SPECIES	Hemidactylus turcicus (Linnaeus, 1758)	Hemidactylus turcicus		US		California	PRESENT		28eb1a3f-1c15-4a95-931a-4af90ecb574d	38.551697	-121.743088	10.0						2023-10-22T11:31:06	22	10	2023	5221528	5221528	HUMAN_OBSERVATION	iNaturalist	Observations	188553838		joesjoes20	2023-10-24T00:05:43	CC_BY_NC_4_0	saralipschutz	saralipschutz			2026-02-23T23:30:28.747Z	StillImage	COORDINATE_ROUNDED;CONTINENT_DERIVED_FROM_COORDINATES;TAXON_ID_NOT_FOUND
4430751867	50c9509d-22c7-4a22-a47d-8c48425ef4a7	https://www.inaturalist.org/observations/188546251	Animalia	Chordata	Squamata		Gekkonidae	Hemidactylus	Hemidactylus turcicus		SPECIES	Hemidactylus turcicus (Linnaeus, 1758)	Hemidactylus turcicus		US		California	PRESENT		28eb1a3f-1c15-4a95-931a-4af90ecb574d	35.382331	-119.124799	23.0						2023-07-31T22:35:47	31	7	2023	5221528	5221528	HUMAN_OBSERVATION	iNaturalist	Observations	188546251		cbiggie_herping	2023-10-22T17:42:43	CC_BY_NC_4_0	cbiggie_herping	cbiggie_herping			2026-02-23T23:30:29.435Z	StillImage	COORDINATE_ROUNDED;CONTINENT_DERIVED_FROM_COORDINATES;TAXON_ID_NOT_FOUND
4430705745	50c9509d-22c7-4a22-a47d-8c48425ef4a7	https://www.inaturalist.org/observations/188096021	Animalia	Chordata	Squamata		Gekkonidae	Hemidactylus	Hemidactylus turcicus		SPECIES	Hemidactylus turcicus (Linnaeus, 1758)	Hemidactylus turcicus		US		California	PRESENT		28eb1a3f-1c15-4a95-931a-4af90ecb574d	38.502072	-121.737452	28240.0						2023-10-18T19:02:21	18	10	2023	5221528	5221528	HUMAN_OBSERVATION	iNaturalist	Observations	188096021		Sophie Noda	2023-10-19T02:03:12	CC_BY_NC_4_0	Sophie Noda	Sophie Noda			2026-02-24T00:40:23.948Z	StillImage	COORDINATE_ROUNDED;CONTINENT_DERIVED_FROM_COORDINATES;TAXON_ID_NOT_FOUND
4430682861	50c9509d-22c7-4a22-a47d-8c48425ef4a7	https://www.inaturalist.org/observations/188114795	Animalia	Chordata	Squamata		Gekkonidae	Hemidactylus	Hemidactylus turcicus		SPECIES	Hemidactylus turcicus (Linnaeus, 1758)	Hemidactylus turcicus		US		California	PRESENT		28eb1a3f-1c15-4a95-931a-4af90ecb574d	35.392628	-119.101067	3.0						2023-10-18T21:11:09	18	10	2023	5221528	5221528	HUMAN_OBSERVATION	iNaturalist	Observations	188114795		camib3	2023-10-19T06:52:48	CC_BY_NC_4_0	camib3	camib3			2026-02-23T23:30:24.443Z	StillImage	COORDINATE_ROUNDED;CONTINENT_DERIVED_FROM_COORDINATES;TAXON_ID_NOT_FOUND
4430681698	50c9509d-22c7-4a22-a47d-8c48425ef4a7	https://www.inaturalist.org/observations/188092697	Animalia	Chordata	Squamata		Gekkonidae	Hemidactylus	Hemidactylus turcicus		SPECIES	Hemidactylus turcicus (Linnaeus, 1758)	Hemidactylus turcicus		US		California	PRESENT		28eb1a3f-1c15-4a95-931a-4af90ecb574d	34.818391	-114.601082	4.0						2023-10-16T19:32	16	10	2023	5221528	5221528	HUMAN_OBSERVATION	iNaturalist	Observations	188092697		nmoorhatch	2023-10-19T01:21:50	CC_BY_4_0	nmoorhatch	nmoorhatch			2026-02-24T00:40:24.319Z	StillImage	COORDINATE_ROUNDED;CONTINENT_DERIVED_FROM_COORDINATES;TAXON_ID_NOT_FOUND
4430652579	50c9509d-22c7-4a22-a47d-8c48425ef4a7	https://www.inaturalist.org/observations/187701783	Animalia	Chordata	Squamata		Gekkonidae	Hemidactylus	Hemidactylus turcicus		SPECIES	Hemidactylus turcicus (Linnaeus, 1758)	Hemidactylus turcicus		US		California	PRESENT		28eb1a3f-1c15-4a95-931a-4af90ecb574d	35.382281	-119.124845	8.0						2022-09-16T20:03:30	16	9	2022	5221528	5221528	HUMAN_OBSERVATION	iNaturalist	Observations	187701783		cbiggie_herping	2023-10-15T22:19:06	CC_BY_NC_4_0	cbiggie_herping	cbiggie_herping			2026-02-23T22:22:52.396Z	StillImage	COORDINATE_ROUNDED;CONTINENT_DERIVED_FROM_COORDINATES;TAXON_ID_NOT_FOUND
4424677246	50c9509d-22c7-4a22-a47d-8c48425ef4a7	https://www.inaturalist.org/observations/186924556	Animalia	Chordata	Squamata		Gekkonidae	Hemidactylus	Hemidactylus turcicus		SPECIES	Hemidactylus turcicus (Linnaeus, 1758)	Hemidactylus turcicus		US		California	PRESENT		28eb1a3f-1c15-4a95-931a-4af90ecb574d	35.382249	-119.124808	9.0						2021-06-14T22:16:51	14	6	2021	5221528	5221528	HUMAN_OBSERVATION	iNaturalist	Observations	186924556		cbiggie_herping	2023-10-09T23:45:12	CC_BY_NC_4_0	cbiggie_herping	cbiggie_herping			2026-02-23T22:31:27.322Z	StillImage	COORDINATE_ROUNDED;CONTINENT_DERIVED_FROM_COORDINATES;TAXON_ID_NOT_FOUND
4424500951	50c9509d-22c7-4a22-a47d-8c48425ef4a7	https://www.inaturalist.org/observations/186646052	Animalia	Chordata	Squamata		Gekkonidae	Hemidactylus	Hemidactylus turcicus		SPECIES	Hemidactylus turcicus (Linnaeus, 1758)	Hemidactylus turcicus		US		California	PRESENT		28eb1a3f-1c15-4a95-931a-4af90ecb574d	32.817004	-117.046057	5.0						2023-10-07T20:16:42	7	10	2023	5221528	5221528	HUMAN_OBSERVATION	iNaturalist	Observations	186646052		Kristin Sweeney	2023-10-08T03:39:05	CC_BY_NC_4_0	Kristin Sweeney	Kristin Sweeney			2026-02-23T22:22:48.231Z	StillImage	COORDINATE_ROUNDED;CONTINENT_DERIVED_FROM_COORDINATES;TAXON_ID_NOT_FOUND
4424496456	50c9509d-22c7-4a22-a47d-8c48425ef4a7	https://www.inaturalist.org/observations/186245243	Animalia	Chordata	Squamata		Gekkonidae	Hemidactylus	Hemidactylus turcicus		SPECIES	Hemidactylus turcicus (Linnaeus, 1758)	Hemidactylus turcicus		US		California	PRESENT		28eb1a3f-1c15-4a95-931a-4af90ecb574d	33.856424	-116.534584							2023-10-02T21:35:46	2	10	2023	5221528	5221528	HUMAN_OBSERVATION	iNaturalist	Observations	186245243		Ian R. Clark	2023-10-05T04:01:16	CC_BY_NC_4_0	Ian R. Clark	Ian R. Clark			2026-02-23T23:30:00.420Z	StillImage	COORDINATE_ROUNDED;CONTINENT_DERIVED_FROM_COORDINATES;TAXON_ID_NOT_FOUND
4424366511	50c9509d-22c7-4a22-a47d-8c48425ef4a7	https://www.inaturalist.org/observations/186958420	Animalia	Chordata	Squamata		Gekkonidae	Hemidactylus	Hemidactylus turcicus		SPECIES	Hemidactylus turcicus (Linnaeus, 1758)	Hemidactylus turcicus		US		California	PRESENT		28eb1a3f-1c15-4a95-931a-4af90ecb574d	34.14402	-118.205308	4.0						2023-10-09T22:06:24	9	10	2023	5221528	5221528	HUMAN_OBSERVATION	iNaturalist	Observations	186958420		PJVandeventer	2023-10-10T05:07:23	CC_BY_NC_4_0	PJVandeventer	PJVandeventer			2026-02-23T22:22:44.402Z	StillImage	COORDINATE_ROUNDED;CONTINENT_DERIVED_FROM_COORDINATES;TAXON_ID_NOT_FOUND
4424280955	50c9509d-22c7-4a22-a47d-8c48425ef4a7	https://www.inaturalist.org/observations/186954166	Animalia	Chordata	Squamata		Gekkonidae	Hemidactylus	Hemidactylus turcicus		SPECIES	Hemidactylus turcicus (Linnaeus, 1758)	Hemidactylus turcicus		US		California	PRESENT		28eb1a3f-1c15-4a95-931a-4af90ecb574d	34.436737	-118.031042	28818.0						2021-07-10T20:00	10	7	2021	5221528	5221528	HUMAN_OBSERVATION	iNaturalist	Observations	186954166		Zeev NG	2023-10-10T04:08:47	CC_BY_NC_4_0	Zeev NG	Zeev NG			2026-02-23T23:51:33.357Z		COORDINATE_ROUNDED;CONTINENT_DERIVED_FROM_COORDINATES;TAXON_ID_NOT_FOUND
4424188946	50c9509d-22c7-4a22-a47d-8c48425ef4a7	https://www.inaturalist.org/observations/186315592	Animalia	Chordata	Squamata		Gekkonidae	Hemidactylus	Hemidactylus turcicus		SPECIES	Hemidactylus turcicus (Linnaeus, 1758)	Hemidactylus turcicus		US		California	PRESENT		28eb1a3f-1c15-4a95-931a-4af90ecb574d	36.989575	-119.757312	28476.0						2023-08-23T22:47:46	23	8	2023	5221528	5221528	HUMAN_OBSERVATION	iNaturalist	Observations	186315592		tonymkr123	2023-10-05T19:02:13	CC_BY_NC_4_0	tonymkr123	tonymkr123			2026-02-24T00:40:08.463Z	StillImage	COORDINATE_ROUNDED;CONTINENT_DERIVED_FROM_COORDINATES;TAXON_ID_NOT_FOUND
4424166267	50c9509d-22c7-4a22-a47d-8c48425ef4a7	https://www.inaturalist.org/observations/186360764	Animalia	Chordata	Squamata		Gekkonidae	Hemidactylus	Hemidactylus turcicus		SPECIES	Hemidactylus turcicus (Linnaeus, 1758)	Hemidactylus turcicus		US		California	PRESENT		28eb1a3f-1c15-4a95-931a-4af90ecb574d	38.563636	-121.746278							2023-10-05T19:36:01	5	10	2023	5221528	5221528	HUMAN_OBSERVATION	iNaturalist	Observations	186360764		Sofía	2023-10-06T02:37:13	CC_BY_NC_4_0	Sofía	Sofía			2026-02-24T00:40:08.747Z	StillImage	COORDINATE_ROUNDED;CONTINENT_DERIVED_FROM_COORDINATES;TAXON_ID_NOT_FOUND
4424096165	50c9509d-22c7-4a22-a47d-8c48425ef4a7	https://www.inaturalist.org/observations/186122245	Animalia	Chordata	Squamata		Gekkonidae	Hemidactylus	Hemidactylus turcicus		SPECIES	Hemidactylus turcicus (Linnaeus, 1758)	Hemidactylus turcicus		US		California	PRESENT		28eb1a3f-1c15-4a95-931a-4af90ecb574d	33.771113	-116.357437	9.0						2023-10-03T20:32:51	3	10	2023	5221528	5221528	HUMAN_OBSERVATION	iNaturalist	Observations	186122245		Justin M. Wood	2023-10-04T03:38:25	CC_BY_NC_4_0	Justin M. Wood	Justin M. Wood			2026-02-23T22:22:36.614Z	StillImage	COORDINATE_ROUNDED;CONTINENT_DERIVED_FROM_COORDINATES;TAXON_ID_NOT_FOUND
4421253257	50c9509d-22c7-4a22-a47d-8c48425ef4a7	https://www.inaturalist.org/observations/185810367	Animalia	Chordata	Squamata		Gekkonidae	Hemidactylus	Hemidactylus turcicus		SPECIES	Hemidactylus turcicus (Linnaeus, 1758)	Hemidactylus turcicus		US		California	PRESENT		28eb1a3f-1c15-4a95-931a-4af90ecb574d	33.72843	-116.286413	4.0						2022-04-03T19:02:48	3	4	2022	5221528	5221528	HUMAN_OBSERVATION	iNaturalist	Observations	185810367		Aaron Griffing	2023-10-01T22:52:11	CC_BY_NC_4_0	falsebug	falsebug			2026-02-24T00:40:03.778Z	StillImage	COORDINATE_ROUNDED;CONTINENT_DERIVED_FROM_COORDINATES;TAXON_ID_NOT_FOUND
4421049845	50c9509d-22c7-4a22-a47d-8c48425ef4a7	https://www.inaturalist.org/observations/185498310	Animalia	Chordata	Squamata		Gekkonidae	Hemidactylus	Hemidactylus turcicus		SPECIES	Hemidactylus turcicus (Linnaeus, 1758)	Hemidactylus turcicus		US		California	PRESENT		28eb1a3f-1c15-4a95-931a-4af90ecb574d	37.994851	-121.980629	874.0						2023-09-29T14:29:22	29	9	2023	5221528	5221528	HUMAN_OBSERVATION	iNaturalist	Observations	185498310		Sam McNally	2023-09-29T23:24:30	CC_BY_NC_4_0	Sam McNally	Sam McNally			2026-02-24T00:40:01.402Z	StillImage	COORDINATE_ROUNDED;CONTINENT_DERIVED_FROM_COORDINATES;TAXON_ID_NOT_FOUND
4420823572	50c9509d-22c7-4a22-a47d-8c48425ef4a7	https://www.inaturalist.org/observations/185521123	Animalia	Chordata	Squamata		Gekkonidae	Hemidactylus	Hemidactylus turcicus		SPECIES	Hemidactylus turcicus (Linnaeus, 1758)	Hemidactylus turcicus		US		California	PRESENT		28eb1a3f-1c15-4a95-931a-4af90ecb574d	32.815283	-117.045205	6.0						2023-09-29T19:28:14	29	9	2023	5221528	5221528	HUMAN_OBSERVATION	iNaturalist	Observations	185521123		Kristin Sweeney	2023-09-30T03:29:45	CC_BY_NC_4_0	Kristin Sweeney	Kristin Sweeney			2026-02-24T00:40:02.511Z	StillImage	COORDINATE_ROUNDED;CONTINENT_DERIVED_FROM_COORDINATES;TAXON_ID_NOT_FOUND
4420807390	50c9509d-22c7-4a22-a47d-8c48425ef4a7	https://www.inaturalist.org/observations/185520837	Animalia	Chordata	Squamata		Gekkonidae	Hemidactylus	Hemidactylus turcicus		SPECIES	Hemidactylus turcicus (Linnaeus, 1758)	Hemidactylus turcicus		US		California	PRESENT		28eb1a3f-1c15-4a95-931a-4af90ecb574d	32.812619	-117.042689							2023-09-29T19:36:24	29	9	2023	5221528	5221528	HUMAN_OBSERVATION	iNaturalist	Observations	185520837		Kristin Sweeney	2023-09-30T03:26:03	CC_BY_NC_4_0	Kristin Sweeney	Kristin Sweeney			2026-02-23T23:29:52.371Z	StillImage	COORDINATE_ROUNDED;CONTINENT_DERIVED_FROM_COORDINATES;TAXON_ID_NOT_FOUND
4420705193	50c9509d-22c7-4a22-a47d-8c48425ef4a7	https://www.inaturalist.org/observations/185221633	Animalia	Chordata	Squamata		Gekkonidae	Hemidactylus	Hemidactylus turcicus		SPECIES	Hemidactylus turcicus (Linnaeus, 1758)	Hemidactylus turcicus		US		California	PRESENT		28eb1a3f-1c15-4a95-931a-4af90ecb574d	37.992542	-121.835572	10.0						2023-09-27T18:01:44	27	9	2023	5221528	5221528	HUMAN_OBSERVATION	iNaturalist	Observations	185221633		nicmahn	2023-09-28T01:06:58	CC_BY_NC_4_0	nicmahn	nicmahn			2026-02-23T23:29:49.432Z	StillImage	COORDINATE_ROUNDED;CONTINENT_DERIVED_FROM_COORDINATES;TAXON_ID_NOT_FOUND
4416973397	50c9509d-22c7-4a22-a47d-8c48425ef4a7	https://www.inaturalist.org/observations/184633187	Animalia	Chordata	Squamata		Gekkonidae	Hemidactylus	Hemidactylus turcicus		SPECIES	Hemidactylus turcicus (Linnaeus, 1758)	Hemidactylus turcicus		US		California	PRESENT		28eb1a3f-1c15-4a95-931a-4af90ecb574d	33.707963	-116.208816	7.0						2023-09-23T19:45:45	23	9	2023	5221528	5221528	HUMAN_OBSERVATION	iNaturalist	Observations	184633187		Ben Machado	2023-09-24T13:08:40	CC_BY_NC_4_0	samnylram	samnylram			2026-02-23T22:22:13.208Z	StillImage	COORDINATE_ROUNDED;CONTINENT_DERIVED_FROM_COORDINATES;TAXON_ID_NOT_FOUND
4416816921	50c9509d-22c7-4a22-a47d-8c48425ef4a7	https://www.inaturalist.org/observations/184220801	Animalia	Chordata	Squamata		Gekkonidae	Hemidactylus	Hemidactylus turcicus		SPECIES	Hemidactylus turcicus (Linnaeus, 1758)	Hemidactylus turcicus		US		California	PRESENT		28eb1a3f-1c15-4a95-931a-4af90ecb574d	33.292355	-117.226608	4.0						2023-09-20T22:15:50	20	9	2023	5221528	5221528	HUMAN_OBSERVATION	iNaturalist	Observations	184220801		Zeev NG	2023-09-21T05:53:13	CC_BY_NC_4_0	cassidywright	cassidywright			2026-02-23T22:30:47.706Z	StillImage	COORDINATE_ROUNDED;CONTINENT_DERIVED_FROM_COORDINATES;TAXON_ID_NOT_FOUND
4416803745	50c9509d-22c7-4a22-a47d-8c48425ef4a7	https://www.inaturalist.org/observations/180375009	Animalia	Chordata	Squamata		Gekkonidae	Hemidactylus	Hemidactylus turcicus		SPECIES	Hemidactylus turcicus (Linnaeus, 1758)	Hemidactylus turcicus		US		California	PRESENT		28eb1a3f-1c15-4a95-931a-4af90ecb574d	36.853382	-119.682381	22.0						2023-08-26T18:58:52	26	8	2023	5221528	5221528	HUMAN_OBSERVATION	iNaturalist	Observations	180375009		Lgmjon64	2023-08-27T01:59:10	CC_BY_NC_4_0	Lgmjon64	Lgmjon64			2026-02-24T00:39:11.136Z	StillImage	COORDINATE_ROUNDED;CONTINENT_DERIVED_FROM_COORDINATES;TAXON_ID_NOT_FOUND
4414230356	50c9509d-22c7-4a22-a47d-8c48425ef4a7	https://www.inaturalist.org/observations/183452766	Animalia	Chordata	Squamata		Gekkonidae	Hemidactylus	Hemidactylus turcicus		SPECIES	Hemidactylus turcicus (Linnaeus, 1758)	Hemidactylus turcicus		US		California	PRESENT		28eb1a3f-1c15-4a95-931a-4af90ecb574d	34.144031	-118.205278	4.0						2023-09-15T16:36:23	15	9	2023	5221528	5221528	HUMAN_OBSERVATION	iNaturalist	Observations	183452766		PJVandeventer	2023-09-16T03:06:31	CC_BY_NC_4_0	PJVandeventer	PJVandeventer			2026-02-24T00:39:41.447Z	StillImage	COORDINATE_ROUNDED;CONTINENT_DERIVED_FROM_COORDINATES;TAXON_ID_NOT_FOUND
4413988998	50c9509d-22c7-4a22-a47d-8c48425ef4a7	https://www.inaturalist.org/observations/182760741	Animalia	Chordata	Squamata		Gekkonidae	Hemidactylus	Hemidactylus turcicus		SPECIES	Hemidactylus turcicus (Linnaeus, 1758)	Hemidactylus turcicus		US		California	PRESENT		28eb1a3f-1c15-4a95-931a-4af90ecb574d	34.090003	-117.89034	4960.0						2023-09-10T21:22	10	9	2023	5221528	5221528	HUMAN_OBSERVATION	iNaturalist	Observations	182760741		Deric	2023-09-11T04:11:44	CC_BY_NC_4_0	Deric	Deric			2026-02-23T22:21:54.473Z	StillImage	COORDINATE_ROUNDED;CONTINENT_DERIVED_FROM_COORDINATES;TAXON_ID_NOT_FOUND
4413707765	50c9509d-22c7-4a22-a47d-8c48425ef4a7	https://www.inaturalist.org/observations/182886494	Animalia	Chordata	Squamata		Gekkonidae	Hemidactylus	Hemidactylus turcicus		SPECIES	Hemidactylus turcicus (Linnaeus, 1758)	Hemidactylus turcicus		US		California	PRESENT		28eb1a3f-1c15-4a95-931a-4af90ecb574d	39.764089	-121.819263	4.0						2023-09-08T12:20	8	9	2023	5221528	5221528	HUMAN_OBSERVATION	iNaturalist	Observations	182886494		dmusick60	2023-09-12T00:40:42	CC_BY_NC_4_0	dmusick60	dmusick60			2026-02-23T23:29:15.926Z	StillImage	COORDINATE_ROUNDED;CONTINENT_DERIVED_FROM_COORDINATES;TAXON_ID_NOT_FOUND
4413699884	50c9509d-22c7-4a22-a47d-8c48425ef4a7	https://www.inaturalist.org/observations/182282071	Animalia	Chordata	Squamata		Gekkonidae	Hemidactylus	Hemidactylus turcicus		SPECIES	Hemidactylus turcicus (Linnaeus, 1758)	Hemidactylus turcicus		US		California	PRESENT		28eb1a3f-1c15-4a95-931a-4af90ecb574d	33.663327	-116.31001	11424.0						2023-09-07T21:29:12	7	9	2023	5221528	5221528	HUMAN_OBSERVATION	iNaturalist	Observations	182282071		amyhuggs	2023-09-08T04:37:20	CC_BY_NC_4_0	amyhuggs	amyhuggs			2026-02-24T00:39:30.276Z	StillImage	COORDINATE_ROUNDED;CONTINENT_DERIVED_FROM_COORDINATES;TAXON_ID_NOT_FOUND
4413569787	50c9509d-22c7-4a22-a47d-8c48425ef4a7	https://www.inaturalist.org/observations/181907548	Animalia	Chordata	Squamata		Gekkonidae	Hemidactylus	Hemidactylus turcicus		SPECIES	Hemidactylus turcicus (Linnaeus, 1758)	Hemidactylus turcicus		US		California	PRESENT		28eb1a3f-1c15-4a95-931a-4af90ecb574d	34.133014	-118.197608	3.0						2023-09-04T19:28:42	4	9	2023	5221528	5221528	HUMAN_OBSERVATION	iNaturalist	Observations	181907548		austiinfrankliin	2023-09-07T12:43:24	CC_BY_NC_4_0	mebert86	mebert86			2026-02-23T22:21:43.217Z	StillImage	COORDINATE_ROUNDED;CONTINENT_DERIVED_FROM_COORDINATES;TAXON_ID_NOT_FOUND
4413427206	50c9509d-22c7-4a22-a47d-8c48425ef4a7	https://www.inaturalist.org/observations/179913006	Animalia	Chordata	Squamata		Gekkonidae	Hemidactylus	Hemidactylus turcicus		SPECIES	Hemidactylus turcicus (Linnaeus, 1758)	Hemidactylus turcicus		US		California	PRESENT		28eb1a3f-1c15-4a95-931a-4af90ecb574d	35.618462	-117.658845	4.0						2023-08-23T18:47:58	23	8	2023	5221528	5221528	HUMAN_OBSERVATION	iNaturalist	Observations	179913006		elynch4	2023-08-24T01:48:54	CC_BY_NC_4_0	elynch4	elynch4			2026-02-24T00:39:05.203Z	StillImage	COORDINATE_ROUNDED;CONTINENT_DERIVED_FROM_COORDINATES;TAXON_ID_NOT_FOUND
4407430045	50c9509d-22c7-4a22-a47d-8c48425ef4a7	https://www.inaturalist.org/observations/181854167	Animalia	Chordata	Squamata		Gekkonidae	Hemidactylus	Hemidactylus turcicus		SPECIES	Hemidactylus turcicus (Linnaeus, 1758)	Hemidactylus turcicus		US		California	PRESENT		28eb1a3f-1c15-4a95-931a-4af90ecb574d	34.203266	-118.482725	160.0						2022-10-04T20:40:49	4	10	2022	5221528	5221528	HUMAN_OBSERVATION	iNaturalist	Observations	181854167		ilovecougars	2023-09-05T03:01:37	CC_BY_NC_4_0	ilovecougars	ilovecougars			2026-02-23T23:28:59.576Z	StillImage	COORDINATE_ROUNDED;CONTINENT_DERIVED_FROM_COORDINATES;TAXON_ID_NOT_FOUND
4407333232	50c9509d-22c7-4a22-a47d-8c48425ef4a7	https://www.inaturalist.org/observations/181078000	Animalia	Chordata	Squamata		Gekkonidae	Hemidactylus	Hemidactylus turcicus		SPECIES	Hemidactylus turcicus (Linnaeus, 1758)	Hemidactylus turcicus		US		California	PRESENT		28eb1a3f-1c15-4a95-931a-4af90ecb574d	34.117697	-117.072131	28874.0						2023-08-30T19:43:07	30	8	2023	5221528	5221528	HUMAN_OBSERVATION	iNaturalist	Observations	181078000		Eric Schniter	2023-08-31T17:12:13	CC_BY_4_0	Eric Schniter	Eric Schniter			2026-02-23T23:28:49.381Z		COORDINATE_ROUNDED;CONTINENT_DERIVED_FROM_COORDINATES;TAXON_ID_NOT_FOUND
4407094009	50c9509d-22c7-4a22-a47d-8c48425ef4a7	https://www.inaturalist.org/observations/181926370	Animalia	Chordata	Squamata		Gekkonidae	Hemidactylus	Hemidactylus turcicus		SPECIES	Hemidactylus turcicus (Linnaeus, 1758)	Hemidactylus turcicus		US		California	PRESENT		28eb1a3f-1c15-4a95-931a-4af90ecb574d	32.792898	-117.094607	61.0						2023-09-04T09:34	4	9	2023	5221528	5221528	HUMAN_OBSERVATION	iNaturalist	Observations	181926370		akark	2023-09-05T16:36:27	CC_BY_NC_4_0	akark	akark			2026-02-24T00:39:26.454Z	StillImage	COORDINATE_ROUNDED;CONTINENT_DERIVED_FROM_COORDINATES;TAXON_ID_NOT_FOUND
4405390212	50c9509d-22c7-4a22-a47d-8c48425ef4a7	https://www.inaturalist.org/observations/180729707	Animalia	Chordata	Squamata		Gekkonidae	Hemidactylus	Hemidactylus turcicus		SPECIES	Hemidactylus turcicus (Linnaeus, 1758)	Hemidactylus turcicus		US		California	PRESENT		28eb1a3f-1c15-4a95-931a-4af90ecb574d	33.78242	-118.147622	28.0						2023-08-28T22:05:38	28	8	2023	5221528	5221528	HUMAN_OBSERVATION	iNaturalist	Observations	180729707		julia11811	2023-08-29T06:22:48	CC_BY_NC_4_0	julia11811	julia11811			2026-02-23T23:28:44.988Z	StillImage	COORDINATE_ROUNDED;CONTINENT_DERIVED_FROM_COORDINATES;TAXON_ID_NOT_FOUND
4405093036	50c9509d-22c7-4a22-a47d-8c48425ef4a7	https://www.inaturalist.org/observations/179784692	Animalia	Chordata	Squamata		Gekkonidae	Hemidactylus	Hemidactylus turcicus		SPECIES	Hemidactylus turcicus (Linnaeus, 1758)	Hemidactylus turcicus		US		California	PRESENT		28eb1a3f-1c15-4a95-931a-4af90ecb574d	34.07682	-117.206803	4.0						2023-08-22T21:32:46	22	8	2023	5221528	5221528	HUMAN_OBSERVATION	iNaturalist	Observations	179784692		Heather Butler	2023-08-23T15:22:48	CC_BY_NC_4_0	Heather Butler	Heather Butler			2026-02-23T22:21:14.839Z	StillImage	COORDINATE_ROUNDED;CONTINENT_DERIVED_FROM_COORDINATES;TAXON_ID_NOT_FOUND
4405077571	50c9509d-22c7-4a22-a47d-8c48425ef4a7	https://www.inaturalist.org/observations/180109771	Animalia	Chordata	Squamata		Gekkonidae	Hemidactylus	Hemidactylus turcicus		SPECIES	Hemidactylus turcicus (Linnaeus, 1758)	Hemidactylus turcicus		US		California	PRESENT		28eb1a3f-1c15-4a95-931a-4af90ecb574d	33.406412	-116.039238	152.0						2023-08-21T00:29	21	8	2023	5221528	5221528	HUMAN_OBSERVATION	iNaturalist	Observations	180109771		kristianmunkholm	2023-08-25T13:14:12	CC_BY_NC_4_0	Nodnarb Nedloh	Nodnarb Nedloh			2026-02-24T00:39:06.604Z	StillImage	COORDINATE_ROUNDED;CONTINENT_DERIVED_FROM_COORDINATES;TAXON_ID_NOT_FOUND
4405006579	50c9509d-22c7-4a22-a47d-8c48425ef4a7	https://www.inaturalist.org/observations/178591852	Animalia	Chordata	Squamata		Gekkonidae	Hemidactylus	Hemidactylus turcicus		SPECIES	Hemidactylus turcicus (Linnaeus, 1758)	Hemidactylus turcicus		US		California	PRESENT		28eb1a3f-1c15-4a95-931a-4af90ecb574d	36.811679	-119.79046	886.0						2023-08-14T15:09:16	14	8	2023	5221528	5221528	HUMAN_OBSERVATION	iNaturalist	Observations	178591852		Aaron Griffing	2023-08-15T23:22:24	CC_BY_NC_4_0	bonnykate	bonnykate			2026-02-23T22:21:05.670Z	StillImage	COORDINATE_ROUNDED;CONTINENT_DERIVED_FROM_COORDINATES;TAXON_ID_NOT_FOUND
4400421210	50c9509d-22c7-4a22-a47d-8c48425ef4a7	https://www.inaturalist.org/observations/179385683	Animalia	Chordata	Squamata		Gekkonidae	Hemidactylus	Hemidactylus turcicus		SPECIES	Hemidactylus turcicus (Linnaeus, 1758)	Hemidactylus turcicus		US		California	PRESENT		28eb1a3f-1c15-4a95-931a-4af90ecb574d	33.9453	-117.37693	40.0						2023-08-19T19:44:15	19	8	2023	5221528	5221528	HUMAN_OBSERVATION	iNaturalist	Observations	179385683		David Rankin	2023-08-20T18:03:43	CC_BY_NC_4_0	David Rankin	David Rankin			2026-02-23T22:21:23.904Z	StillImage	CONTINENT_DERIVED_FROM_COORDINATES;TAXON_ID_NOT_FOUND
4400404941	50c9509d-22c7-4a22-a47d-8c48425ef4a7	https://www.inaturalist.org/observations/179567846	Animalia	Chordata	Squamata		Gekkonidae	Hemidactylus	Hemidactylus turcicus		SPECIES	Hemidactylus turcicus (Linnaeus, 1758)	Hemidactylus turcicus		US		California	PRESENT		28eb1a3f-1c15-4a95-931a-4af90ecb574d	36.810238	-119.762455	22.0						2023-08-19	19	8	2023	5221528	5221528	HUMAN_OBSERVATION	iNaturalist	Observations	179567846		anoldsoulsong	2023-08-21T19:09:44	CC_BY_NC_4_0	anoldsoulsong	anoldsoulsong			2026-02-24T00:39:03.329Z	StillImage	COORDINATE_ROUNDED;CONTINENT_DERIVED_FROM_COORDINATES;TAXON_ID_NOT_FOUND
4400316528	50c9509d-22c7-4a22-a47d-8c48425ef4a7	https://www.inaturalist.org/observations/179201171	Animalia	Chordata	Squamata		Gekkonidae	Hemidactylus	Hemidactylus turcicus		SPECIES	Hemidactylus turcicus (Linnaeus, 1758)	Hemidactylus turcicus		US		California	PRESENT		28eb1a3f-1c15-4a95-931a-4af90ecb574d	34.254625	-118.60503	27.0						2023-08-17	17	8	2023	5221528	5221528	HUMAN_OBSERVATION	iNaturalist	Observations	179201171		funimationdeath	2023-08-19T18:52:37	CC_BY_NC_4_0	funimationdeath	funimationdeath			2026-02-23T23:28:25.712Z	StillImage	CONTINENT_DERIVED_FROM_COORDINATES;TAXON_ID_NOT_FOUND
4177586998	50c9509d-22c7-4a22-a47d-8c48425ef4a7	https://www.inaturalist.org/observations/178462262	Animalia	Chordata	Squamata		Gekkonidae	Hemidactylus	Hemidactylus turcicus		SPECIES	Hemidactylus turcicus (Linnaeus, 1758)	Hemidactylus turcicus		US		California	PRESENT		28eb1a3f-1c15-4a95-931a-4af90ecb574d	34.026728	-118.483532	28874.0						2023-08-14T15:32:52	14	8	2023	5221528	5221528	HUMAN_OBSERVATION	iNaturalist	Observations	178462262		Andy Kleinhesselink	2023-08-15T01:14:51	CC0_1_0	Andy Kleinhesselink	Andy Kleinhesselink			2026-02-23T23:28:13.871Z	StillImage	COORDINATE_ROUNDED;CONTINENT_DERIVED_FROM_COORDINATES;TAXON_ID_NOT_FOUND
4177453593	50c9509d-22c7-4a22-a47d-8c48425ef4a7	https://www.inaturalist.org/observations/178273571	Animalia	Chordata	Squamata		Gekkonidae	Hemidactylus	Hemidactylus turcicus		SPECIES	Hemidactylus turcicus (Linnaeus, 1758)	Hemidactylus turcicus		US		California	PRESENT		28eb1a3f-1c15-4a95-931a-4af90ecb574d	37.326843	-120.494956	752.0						2023-07-27T08:58	27	7	2023	5221528	5221528	HUMAN_OBSERVATION	iNaturalist	Observations	178273571		shelley_b	2023-08-13T22:53:53	CC_BY_NC_4_0	shelley_b	shelley_b			2026-02-24T00:38:45.684Z	StillImage	COORDINATE_ROUNDED;CONTINENT_DERIVED_FROM_COORDINATES;TAXON_ID_NOT_FOUND
4177416116	50c9509d-22c7-4a22-a47d-8c48425ef4a7	https://www.inaturalist.org/observations/178027831	Animalia	Chordata	Squamata		Gekkonidae	Hemidactylus	Hemidactylus turcicus		SPECIES	Hemidactylus turcicus (Linnaeus, 1758)	Hemidactylus turcicus		US		California	PRESENT		28eb1a3f-1c15-4a95-931a-4af90ecb574d	33.763625	-116.29927	12.0						2023-08-12T10:30:40	12	8	2023	5221528	5221528	HUMAN_OBSERVATION	iNaturalist	Observations	178027831		desertbarb	2023-08-12T17:39:19	CC_BY_NC_4_0	desertbarb	desertbarb			2026-02-23T23:28:06.256Z	StillImage	CONTINENT_DERIVED_FROM_COORDINATES;TAXON_ID_NOT_FOUND
4177185836	50c9509d-22c7-4a22-a47d-8c48425ef4a7	https://www.inaturalist.org/observations/177505021	Animalia	Chordata	Squamata		Gekkonidae	Hemidactylus	Hemidactylus turcicus		SPECIES	Hemidactylus turcicus (Linnaeus, 1758)	Hemidactylus turcicus		US		California	PRESENT		28eb1a3f-1c15-4a95-931a-4af90ecb574d	34.057931	-117.2832	24.0						2023-08-08T21:58:51	8	8	2023	5221528	5221528	HUMAN_OBSERVATION	iNaturalist	Observations	177505021		Chelsea E. Martin	2023-08-09T14:18:30	CC_BY_NC_4_0	Chelsea E. Martin	Chelsea E. Martin			2026-02-23T23:27:56.375Z	StillImage	COORDINATE_ROUNDED;CONTINENT_DERIVED_FROM_COORDINATES;TAXON_ID_NOT_FOUND
4172051655	50c9509d-22c7-4a22-a47d-8c48425ef4a7	https://www.inaturalist.org/observations/176558279	Animalia	Chordata	Squamata		Gekkonidae	Hemidactylus	Hemidactylus turcicus		SPECIES	Hemidactylus turcicus (Linnaeus, 1758)	Hemidactylus turcicus		US		California	PRESENT		28eb1a3f-1c15-4a95-931a-4af90ecb574d	33.722211	-116.374456	11864.0						2023-08-01T20:34:29	1	8	2023	5221528	5221528	HUMAN_OBSERVATION	iNaturalist	Observations	176558279		calhoon_ledebur	2023-08-04T05:52:27	CC_BY_NC_4_0	calhoon_ledebur	calhoon_ledebur			2026-02-23T23:27:45.270Z	StillImage	COORDINATE_ROUNDED;CONTINENT_DERIVED_FROM_COORDINATES;TAXON_ID_NOT_FOUND
4171984545	50c9509d-22c7-4a22-a47d-8c48425ef4a7	https://www.inaturalist.org/observations/177197621	Animalia	Chordata	Squamata		Gekkonidae	Hemidactylus	Hemidactylus turcicus		SPECIES	Hemidactylus turcicus (Linnaeus, 1758)	Hemidactylus turcicus		US		California	PRESENT		28eb1a3f-1c15-4a95-931a-4af90ecb574d	34.030985	-117.036627	701.0						2023-08-06T20:04:23	6	8	2023	5221528	5221528	HUMAN_OBSERVATION	iNaturalist	Observations	177197621		Ben Machado	2023-08-07T20:19:24	CC_BY_NC_4_0	ebougie	ebougie			2026-02-23T22:20:37.885Z	StillImage	COORDINATE_ROUNDED;CONTINENT_DERIVED_FROM_COORDINATES;TAXON_ID_NOT_FOUND
4171944871	50c9509d-22c7-4a22-a47d-8c48425ef4a7	https://www.inaturalist.org/observations/175578303	Animalia	Chordata	Squamata		Gekkonidae	Hemidactylus	Hemidactylus turcicus		SPECIES	Hemidactylus turcicus (Linnaeus, 1758)	Hemidactylus turcicus		US		California	PRESENT		28eb1a3f-1c15-4a95-931a-4af90ecb574d	33.543226	-115.936435	1621.0						2023-07-28T23:24:07	28	7	2023	5221528	5221528	HUMAN_OBSERVATION	iNaturalist	Observations	175578303		lealgpati	2023-07-29T17:48:03	CC_BY_NC_4_0	lealgpati	lealgpati			2026-02-23T23:27:30.596Z	StillImage	COORDINATE_ROUNDED;CONTINENT_DERIVED_FROM_COORDINATES;TAXON_ID_NOT_FOUND
4171894292	50c9509d-22c7-4a22-a47d-8c48425ef4a7	https://www.inaturalist.org/observations/176054042	Animalia	Chordata	Squamata		Gekkonidae	Hemidactylus	Hemidactylus turcicus		SPECIES	Hemidactylus turcicus (Linnaeus, 1758)	Hemidactylus turcicus		US		California	PRESENT		28eb1a3f-1c15-4a95-931a-4af90ecb574d	33.7107	-116.383133	11.0						2023-07-31T20:29:07	31	7	2023	5221528	5221528	HUMAN_OBSERVATION	iNaturalist	Observations	176054042		desertjules	2023-08-01T04:00:06	CC_BY_NC_4_0	desertjules	desertjules			2026-02-23T22:20:22.921Z	StillImage	COORDINATE_ROUNDED;CONTINENT_DERIVED_FROM_COORDINATES;TAXON_ID_NOT_FOUND
4171820178	50c9509d-22c7-4a22-a47d-8c48425ef4a7	https://www.inaturalist.org/observations/176045785	Animalia	Chordata	Squamata		Gekkonidae	Hemidactylus	Hemidactylus turcicus		SPECIES	Hemidactylus turcicus (Linnaeus, 1758)	Hemidactylus turcicus		US		California	PRESENT		28eb1a3f-1c15-4a95-931a-4af90ecb574d	33.801346	-116.475339	47.0						2023-07-30T23:05:50	30	7	2023	5221528	5221528	HUMAN_OBSERVATION	iNaturalist	Observations	176045785		Boaz Benaiah Solorio	2023-08-01T02:40:37	CC_BY_NC_4_0	Boaz Benaiah Solorio	Boaz Benaiah Solorio			2026-02-23T22:28:40.979Z	StillImage	COORDINATE_ROUNDED;CONTINENT_DERIVED_FROM_COORDINATES;TAXON_ID_NOT_FOUND
4171666993	50c9509d-22c7-4a22-a47d-8c48425ef4a7	https://www.inaturalist.org/observations/175419437	Animalia	Chordata	Squamata		Gekkonidae	Hemidactylus	Hemidactylus turcicus		SPECIES	Hemidactylus turcicus (Linnaeus, 1758)	Hemidactylus turcicus		US		California	PRESENT		28eb1a3f-1c15-4a95-931a-4af90ecb574d	32.836819	-116.926575	24.0						2022-12-04T11:53:22	4	12	2022	5221528	5221528	HUMAN_OBSERVATION	iNaturalist	Observations	175419437		Eric N. Rittmeyer	2023-07-28T19:40:37	CC_BY_NC_4_0	Whitney333	Whitney333			2026-02-23T23:27:33.257Z	StillImage	COORDINATE_ROUNDED;CONTINENT_DERIVED_FROM_COORDINATES;TAXON_ID_NOT_FOUND
4171595784	50c9509d-22c7-4a22-a47d-8c48425ef4a7	https://www.inaturalist.org/observations/175152022	Animalia	Chordata	Squamata		Gekkonidae	Hemidactylus	Hemidactylus turcicus		SPECIES	Hemidactylus turcicus (Linnaeus, 1758)	Hemidactylus turcicus		US		California	PRESENT		28eb1a3f-1c15-4a95-931a-4af90ecb574d	33.682575	-116.280808	13.0						2023-07-26T20:40:09	26	7	2023	5221528	5221528	HUMAN_OBSERVATION	iNaturalist	Observations	175152022		joesjoes20	2023-07-27T04:51:57	CC_BY_4_0	bnahm	bnahm			2026-02-23T23:27:27.290Z		COORDINATE_ROUNDED;CONTINENT_DERIVED_FROM_COORDINATES;TAXON_ID_NOT_FOUND
4171496070	50c9509d-22c7-4a22-a47d-8c48425ef4a7	https://www.inaturalist.org/observations/175244841	Animalia	Chordata	Squamata		Gekkonidae	Hemidactylus	Hemidactylus turcicus		SPECIES	Hemidactylus turcicus (Linnaeus, 1758)	Hemidactylus turcicus		US		California	PRESENT		28eb1a3f-1c15-4a95-931a-4af90ecb574d	34.029713	-117.16202	28874.0						2023-07-27T10:52:45	27	7	2023	5221528	5221528	HUMAN_OBSERVATION	iNaturalist	Observations	175244841		Eric Schniter	2023-07-27T18:10:26	CC_BY_4_0	Eric Schniter	Eric Schniter			2026-02-23T22:20:19.033Z		COORDINATE_ROUNDED;CONTINENT_DERIVED_FROM_COORDINATES;TAXON_ID_NOT_FOUND
4162136160	50c9509d-22c7-4a22-a47d-8c48425ef4a7	https://www.inaturalist.org/observations/172717733	Animalia	Chordata	Squamata		Gekkonidae	Hemidactylus	Hemidactylus turcicus		SPECIES	Hemidactylus turcicus (Linnaeus, 1758)	Hemidactylus turcicus		US		California	PRESENT		28eb1a3f-1c15-4a95-931a-4af90ecb574d	33.434879	-114.73436	10289.0						2023-07-04T21:08	4	7	2023	5221528	5221528	HUMAN_OBSERVATION	iNaturalist	Observations	172717733		Cam Stewart	2023-07-13T18:17:53	CC_BY_NC_4_0	Cam Stewart	Cam Stewart			2026-02-23T23:26:53.532Z	StillImage	COORDINATE_ROUNDED;CONTINENT_DERIVED_FROM_COORDINATES;TAXON_ID_NOT_FOUND
4161980516	50c9509d-22c7-4a22-a47d-8c48425ef4a7	https://www.inaturalist.org/observations/172285819	Animalia	Chordata	Squamata		Gekkonidae	Hemidactylus	Hemidactylus turcicus		SPECIES	Hemidactylus turcicus (Linnaeus, 1758)	Hemidactylus turcicus		US		California	PRESENT		28eb1a3f-1c15-4a95-931a-4af90ecb574d	36.33122	-119.301645	184.0						2023-06-17T09:52:42	17	6	2023	5221528	5221528	HUMAN_OBSERVATION	iNaturalist	Observations	172285819		joesjoes20	2023-07-12T05:15:12	CC_BY_NC_4_0	Dana Everhart	Dana Everhart			2026-02-23T22:19:35.976Z	StillImage	COORDINATE_ROUNDED;CONTINENT_DERIVED_FROM_COORDINATES;TAXON_ID_NOT_FOUND
4153803900	50c9509d-22c7-4a22-a47d-8c48425ef4a7	https://www.inaturalist.org/observations/171438102	Animalia	Chordata	Squamata		Gekkonidae	Hemidactylus	Hemidactylus turcicus		SPECIES	Hemidactylus turcicus (Linnaeus, 1758)	Hemidactylus turcicus		US		California	PRESENT		28eb1a3f-1c15-4a95-931a-4af90ecb574d	33.941969	-116.296307	28902.0						2023-07-06T01:52	6	7	2023	5221528	5221528	HUMAN_OBSERVATION	iNaturalist	Observations	171438102		Eduardo L. Cruz	2023-07-06T19:43:52	CC_BY_NC_4_0	Eduardo L. Cruz	Eduardo L. Cruz			2026-02-23T22:19:16.934Z	StillImage	COORDINATE_ROUNDED;CONTINENT_DERIVED_FROM_COORDINATES;TAXON_ID_NOT_FOUND
4153375776	50c9509d-22c7-4a22-a47d-8c48425ef4a7	https://www.inaturalist.org/observations/171438101	Animalia	Chordata	Squamata		Gekkonidae	Hemidactylus	Hemidactylus turcicus		SPECIES	Hemidactylus turcicus (Linnaeus, 1758)	Hemidactylus turcicus		US		California	PRESENT		28eb1a3f-1c15-4a95-931a-4af90ecb574d	33.941685	-116.20754	28902.0						2023-06-24T02:46	24	6	2023	5221528	5221528	HUMAN_OBSERVATION	iNaturalist	Observations	171438101		Eduardo L. Cruz	2023-07-06T19:43:52	CC_BY_NC_4_0	Eduardo L. Cruz	Eduardo L. Cruz			2026-02-23T23:26:29.657Z	StillImage	COORDINATE_ROUNDED;CONTINENT_DERIVED_FROM_COORDINATES;TAXON_ID_NOT_FOUND
4145744414	50c9509d-22c7-4a22-a47d-8c48425ef4a7	https://www.inaturalist.org/observations/170470417	Animalia	Chordata	Squamata		Gekkonidae	Hemidactylus	Hemidactylus turcicus		SPECIES	Hemidactylus turcicus (Linnaeus, 1758)	Hemidactylus turcicus		US		California	PRESENT		28eb1a3f-1c15-4a95-931a-4af90ecb574d	36.82827	-119.761636	91.0						2023-06-21T00:56	21	6	2023	5221528	5221528	HUMAN_OBSERVATION	iNaturalist	Observations	170470417		Katherine Collin	2023-07-01T16:21:01	CC_BY_4_0	Katherine Collin	Katherine Collin			2026-02-23T22:19:02.133Z	StillImage	COORDINATE_ROUNDED;CONTINENT_DERIVED_FROM_COORDINATES;TAXON_ID_NOT_FOUND
4145726319	50c9509d-22c7-4a22-a47d-8c48425ef4a7	https://www.inaturalist.org/observations/170064489	Animalia	Chordata	Squamata		Gekkonidae	Hemidactylus	Hemidactylus turcicus		SPECIES	Hemidactylus turcicus (Linnaeus, 1758)	Hemidactylus turcicus		US		California	PRESENT		28eb1a3f-1c15-4a95-931a-4af90ecb574d	35.36248	-119.033614	3.0						2023-06-28T21:28:15	28	6	2023	5221528	5221528	HUMAN_OBSERVATION	iNaturalist	Observations	170064489		tr1c3	2023-06-29T04:41:08	CC_BY_NC_4_0	tr1c3	tr1c3			2026-02-23T23:26:10.143Z	StillImage	COORDINATE_ROUNDED;CONTINENT_DERIVED_FROM_COORDINATES;TAXON_ID_NOT_FOUND
4145512587	50c9509d-22c7-4a22-a47d-8c48425ef4a7	https://www.inaturalist.org/observations/170186931	Animalia	Chordata	Squamata		Gekkonidae	Hemidactylus	Hemidactylus turcicus		SPECIES	Hemidactylus turcicus (Linnaeus, 1758)	Hemidactylus turcicus		US		California	PRESENT		28eb1a3f-1c15-4a95-931a-4af90ecb574d	36.818797	-119.757903	4.0						2023-06-29T01:48:19	29	6	2023	5221528	5221528	HUMAN_OBSERVATION	iNaturalist	Observations	170186931		Ruth Stern	2023-06-29T22:17:48	CC_BY_NC_4_0	Ruth Stern	Ruth Stern			2026-02-23T22:19:02.395Z	StillImage	COORDINATE_ROUNDED;CONTINENT_DERIVED_FROM_COORDINATES;TAXON_ID_NOT_FOUND
4145386929	50c9509d-22c7-4a22-a47d-8c48425ef4a7	https://www.inaturalist.org/observations/169897823	Animalia	Chordata	Squamata		Gekkonidae	Hemidactylus	Hemidactylus turcicus		SPECIES	Hemidactylus turcicus (Linnaeus, 1758)	Hemidactylus turcicus		US		California	PRESENT		28eb1a3f-1c15-4a95-931a-4af90ecb574d	33.70796	-116.208837	4.0						2023-06-27T22:13:56	27	6	2023	5221528	5221528	HUMAN_OBSERVATION	iNaturalist	Observations	169897823		Chris W.	2023-06-28T14:19:02	CC_BY_NC_4_0	samnylram	samnylram			2026-02-23T23:47:17.366Z	StillImage	COORDINATE_ROUNDED;CONTINENT_DERIVED_FROM_COORDINATES;TAXON_ID_NOT_FOUND
4138594689	50c9509d-22c7-4a22-a47d-8c48425ef4a7	https://www.inaturalist.org/observations/169325833	Animalia	Chordata	Squamata		Gekkonidae	Hemidactylus	Hemidactylus turcicus		SPECIES	Hemidactylus turcicus (Linnaeus, 1758)	Hemidactylus turcicus		US		California	PRESENT		28eb1a3f-1c15-4a95-931a-4af90ecb574d	33.433239	-114.730385	6238.0						2023-06-24T20:39:21	24	6	2023	5221528	5221528	HUMAN_OBSERVATION	iNaturalist	Observations	169325833		Cam Stewart	2023-06-25T05:41:12	CC_BY_NC_4_0	Cam Stewart	Cam Stewart			2026-02-23T23:26:00.334Z	StillImage	COORDINATE_ROUNDED;CONTINENT_DERIVED_FROM_COORDINATES;TAXON_ID_NOT_FOUND
4138471125	50c9509d-22c7-4a22-a47d-8c48425ef4a7	https://www.inaturalist.org/observations/168605089	Animalia	Chordata	Squamata		Gekkonidae	Hemidactylus	Hemidactylus turcicus		SPECIES	Hemidactylus turcicus (Linnaeus, 1758)	Hemidactylus turcicus		US		California	PRESENT		28eb1a3f-1c15-4a95-931a-4af90ecb574d	36.741044	-119.756115							2023-06-20T20:52:01	20	6	2023	5221528	5221528	HUMAN_OBSERVATION	iNaturalist	Observations	168605089		llellin	2023-06-21T04:06:27	CC_BY_NC_4_0	llellin	llellin			2026-02-24T00:36:45.039Z	StillImage	COORDINATE_ROUNDED;CONTINENT_DERIVED_FROM_COORDINATES;TAXON_ID_NOT_FOUND
4138255478	50c9509d-22c7-4a22-a47d-8c48425ef4a7	https://www.inaturalist.org/observations/168514679	Animalia	Chordata	Squamata		Gekkonidae	Hemidactylus	Hemidactylus turcicus		SPECIES	Hemidactylus turcicus (Linnaeus, 1758)	Hemidactylus turcicus		US		California	PRESENT		28eb1a3f-1c15-4a95-931a-4af90ecb574d	33.780503	-116.466804	12399.0						2023-06-20T09:54:49	20	6	2023	5221528	5221528	HUMAN_OBSERVATION	iNaturalist	Observations	168514679		Chris W.	2023-06-20T20:42:12	CC_BY_NC_4_0	Loki Leigh	Loki Leigh			2026-02-23T23:25:45.425Z	StillImage	COORDINATE_ROUNDED;CONTINENT_DERIVED_FROM_COORDINATES;TAXON_ID_NOT_FOUND
4138103753	50c9509d-22c7-4a22-a47d-8c48425ef4a7	https://www.inaturalist.org/observations/167308284	Animalia	Chordata	Squamata		Gekkonidae	Hemidactylus	Hemidactylus turcicus		SPECIES	Hemidactylus turcicus (Linnaeus, 1758)	Hemidactylus turcicus		US		California	PRESENT		28eb1a3f-1c15-4a95-931a-4af90ecb574d	33.710788	-116.383217	4.0						2023-06-13T20:19:46	13	6	2023	5221528	5221528	HUMAN_OBSERVATION	iNaturalist	Observations	167308284		desertjules	2023-06-14T03:22:13	CC_BY_NC_4_0	desertjules	desertjules			2026-02-23T22:18:17.409Z	StillImage	COORDINATE_ROUNDED;CONTINENT_DERIVED_FROM_COORDINATES;TAXON_ID_NOT_FOUND
4137741082	50c9509d-22c7-4a22-a47d-8c48425ef4a7	https://www.inaturalist.org/observations/167455869	Animalia	Chordata	Squamata		Gekkonidae	Hemidactylus	Hemidactylus turcicus		SPECIES	Hemidactylus turcicus (Linnaeus, 1758)	Hemidactylus turcicus		US		California	PRESENT		28eb1a3f-1c15-4a95-931a-4af90ecb574d	33.598163	-116.120707							2023-05-28T20:49	28	5	2023	5221528	5221528	HUMAN_OBSERVATION	iNaturalist	Observations	167455869		James Bailey	2023-06-15T00:38:10	CC_BY_NC_4_0	James Bailey	James Bailey			2026-02-24T00:36:31.591Z	StillImage	COORDINATE_ROUNDED;CONTINENT_DERIVED_FROM_COORDINATES;TAXON_ID_NOT_FOUND
4133865818	50c9509d-22c7-4a22-a47d-8c48425ef4a7	https://www.inaturalist.org/observations/166927242	Animalia	Chordata	Squamata		Gekkonidae	Hemidactylus	Hemidactylus turcicus		SPECIES	Hemidactylus turcicus (Linnaeus, 1758)	Hemidactylus turcicus		US		California	PRESENT		28eb1a3f-1c15-4a95-931a-4af90ecb574d	33.954837	-116.220623	28902.0						2023-06-10T03:32	10	6	2023	5221528	5221528	HUMAN_OBSERVATION	iNaturalist	Observations	166927242		Eduardo L. Cruz	2023-06-12T00:37:59	CC_BY_NC_4_0	Eduardo L. Cruz	Eduardo L. Cruz			2026-02-23T22:18:17.557Z	StillImage	COORDINATE_ROUNDED;CONTINENT_DERIVED_FROM_COORDINATES;TAXON_ID_NOT_FOUND
4133853127	50c9509d-22c7-4a22-a47d-8c48425ef4a7	https://www.inaturalist.org/observations/166278756	Animalia	Chordata	Squamata		Gekkonidae	Hemidactylus	Hemidactylus turcicus		SPECIES	Hemidactylus turcicus (Linnaeus, 1758)	Hemidactylus turcicus		US		California	PRESENT		28eb1a3f-1c15-4a95-931a-4af90ecb574d	34.686669	-118.154163	21727.0						2023-06-07T06:10:58	7	6	2023	5221528	5221528	HUMAN_OBSERVATION	iNaturalist	Observations	166278756		Aaron Griffing	2023-06-09T11:33:43	CC_BY_NC_4_0	robot831	robot831			2026-02-23T23:25:08.525Z	StillImage	COORDINATE_ROUNDED;CONTINENT_DERIVED_FROM_COORDINATES;TAXON_ID_NOT_FOUND
4130025394	50c9509d-22c7-4a22-a47d-8c48425ef4a7	https://www.inaturalist.org/observations/165076076	Animalia	Chordata	Squamata		Gekkonidae	Hemidactylus	Hemidactylus turcicus		SPECIES	Hemidactylus turcicus (Linnaeus, 1758)	Hemidactylus turcicus		US		California	PRESENT		28eb1a3f-1c15-4a95-931a-4af90ecb574d	33.864812	-117.816872	35.0						2023-05-30T11:48:41	30	5	2023	5221528	5221528	HUMAN_OBSERVATION	iNaturalist	Observations	165076076		conor-	2023-06-02T02:23:00	CC_BY_NC_4_0	conor-	conor-			2026-02-23T23:24:45.856Z	StillImage	COORDINATE_ROUNDED;CONTINENT_DERIVED_FROM_COORDINATES;TAXON_ID_NOT_FOUND
4129926350	50c9509d-22c7-4a22-a47d-8c48425ef4a7	https://www.inaturalist.org/observations/112095935	Animalia	Chordata	Squamata		Gekkonidae	Hemidactylus	Hemidactylus turcicus		SPECIES	Hemidactylus turcicus (Linnaeus, 1758)	Hemidactylus turcicus		US		California	PRESENT		28eb1a3f-1c15-4a95-931a-4af90ecb574d	33.869894	-116.259909	28902.0						2022-04-19T02:23	19	4	2022	5221528	5221528	HUMAN_OBSERVATION	iNaturalist	Observations	112095935		Eduardo L. Cruz	2022-04-19T23:00:21	CC_BY_NC_4_0	Eduardo L. Cruz	Eduardo L. Cruz			2026-02-23T23:31:53.377Z	StillImage	COORDINATE_ROUNDED;CONTINENT_DERIVED_FROM_COORDINATES;TAXON_ID_NOT_FOUND
4129923414	50c9509d-22c7-4a22-a47d-8c48425ef4a7	https://www.inaturalist.org/observations/121843158	Animalia	Chordata	Squamata		Gekkonidae	Hemidactylus	Hemidactylus turcicus		SPECIES	Hemidactylus turcicus (Linnaeus, 1758)	Hemidactylus turcicus		US		California	PRESENT		28eb1a3f-1c15-4a95-931a-4af90ecb574d	33.815144	-116.242969	28902.0						2022-06-14T22:39	14	6	2022	5221528	5221528	HUMAN_OBSERVATION	iNaturalist	Observations	121843158		Eduardo L. Cruz	2022-06-15T07:16:13	CC_BY_NC_4_0	Eduardo L. Cruz	Eduardo L. Cruz			2026-02-23T23:14:17.199Z	StillImage	COORDINATE_ROUNDED;CONTINENT_DERIVED_FROM_COORDINATES;TAXON_ID_NOT_FOUND
4129913352	50c9509d-22c7-4a22-a47d-8c48425ef4a7	https://www.inaturalist.org/observations/77735235	Animalia	Chordata	Squamata		Gekkonidae	Hemidactylus	Hemidactylus turcicus		SPECIES	Hemidactylus turcicus (Linnaeus, 1758)	Hemidactylus turcicus		US		California	PRESENT		28eb1a3f-1c15-4a95-931a-4af90ecb574d	33.867008	-116.312463	28902.0						2021-05-06T21:36	6	5	2021	5221528	5221528	HUMAN_OBSERVATION	iNaturalist	Observations	77735235		Eduardo L. Cruz	2021-05-07T11:42:59	CC_BY_NC_4_0	Eduardo L. Cruz	Eduardo L. Cruz			2026-02-23T23:04:37.248Z	StillImage	COORDINATE_ROUNDED;CONTINENT_DERIVED_FROM_COORDINATES;TAXON_ID_NOT_FOUND
4129803355	50c9509d-22c7-4a22-a47d-8c48425ef4a7	https://www.inaturalist.org/observations/77735236	Animalia	Chordata	Squamata		Gekkonidae	Hemidactylus	Hemidactylus turcicus		SPECIES	Hemidactylus turcicus (Linnaeus, 1758)	Hemidactylus turcicus		US		California	PRESENT		28eb1a3f-1c15-4a95-931a-4af90ecb574d	33.900481	-116.222994	28902.0						2021-05-06T21:37	6	5	2021	5221528	5221528	HUMAN_OBSERVATION	iNaturalist	Observations	77735236		Eduardo L. Cruz	2021-05-07T11:42:59	CC_BY_NC_4_0	Eduardo L. Cruz	Eduardo L. Cruz			2026-02-23T23:04:39.303Z	StillImage	COORDINATE_ROUNDED;CONTINENT_DERIVED_FROM_COORDINATES;TAXON_ID_NOT_FOUND
4129796354	50c9509d-22c7-4a22-a47d-8c48425ef4a7	https://www.inaturalist.org/observations/112095936	Animalia	Chordata	Squamata		Gekkonidae	Hemidactylus	Hemidactylus turcicus		SPECIES	Hemidactylus turcicus (Linnaeus, 1758)	Hemidactylus turcicus		US		California	PRESENT		28eb1a3f-1c15-4a95-931a-4af90ecb574d	33.829207	-116.383916	28902.0						2022-04-19T02:30	19	4	2022	5221528	5221528	HUMAN_OBSERVATION	iNaturalist	Observations	112095936		Eduardo L. Cruz	2022-04-19T23:00:21	CC_BY_NC_4_0	Eduardo L. Cruz	Eduardo L. Cruz			2026-02-23T23:31:56.116Z	StillImage	COORDINATE_ROUNDED;CONTINENT_DERIVED_FROM_COORDINATES;TAXON_ID_NOT_FOUND
4129794383	50c9509d-22c7-4a22-a47d-8c48425ef4a7	https://www.inaturalist.org/observations/110152630	Animalia	Chordata	Squamata		Gekkonidae	Hemidactylus	Hemidactylus turcicus		SPECIES	Hemidactylus turcicus (Linnaeus, 1758)	Hemidactylus turcicus		US		California	PRESENT		28eb1a3f-1c15-4a95-931a-4af90ecb574d	33.949467	-116.241235	28902.0						2022-04-01T21:30	1	4	2022	5221528	5221528	HUMAN_OBSERVATION	iNaturalist	Observations	110152630		Eduardo L. Cruz	2022-04-02T04:45:48	CC_BY_NC_4_0	Eduardo L. Cruz	Eduardo L. Cruz			2026-02-23T22:05:16.327Z	StillImage	COORDINATE_ROUNDED;CONTINENT_DERIVED_FROM_COORDINATES;TAXON_ID_NOT_FOUND
4129791424	50c9509d-22c7-4a22-a47d-8c48425ef4a7	https://www.inaturalist.org/observations/113724653	Animalia	Chordata	Squamata		Gekkonidae	Hemidactylus	Hemidactylus turcicus		SPECIES	Hemidactylus turcicus (Linnaeus, 1758)	Hemidactylus turcicus		US		California	PRESENT		28eb1a3f-1c15-4a95-931a-4af90ecb574d	33.908521	-116.396781	28902.0						2022-04-30T00:11	30	4	2022	5221528	5221528	HUMAN_OBSERVATION	iNaturalist	Observations	113724653		Eduardo L. Cruz	2022-04-30T09:21:11	CC_BY_NC_4_0	Eduardo L. Cruz	Eduardo L. Cruz			2026-02-23T22:06:02.514Z	StillImage	COORDINATE_ROUNDED;CONTINENT_DERIVED_FROM_COORDINATES;TAXON_ID_NOT_FOUND
4129779401	50c9509d-22c7-4a22-a47d-8c48425ef4a7	https://www.inaturalist.org/observations/121208630	Animalia	Chordata	Squamata		Gekkonidae	Hemidactylus	Hemidactylus turcicus		SPECIES	Hemidactylus turcicus (Linnaeus, 1758)	Hemidactylus turcicus		US		California	PRESENT		28eb1a3f-1c15-4a95-931a-4af90ecb574d	33.881386	-116.269234	28902.0						2022-06-11T00:22	11	6	2022	5221528	5221528	HUMAN_OBSERVATION	iNaturalist	Observations	121208630		Eduardo L. Cruz	2022-06-11T09:41:06	CC_BY_NC_4_0	Eduardo L. Cruz	Eduardo L. Cruz			2026-02-23T22:08:07.478Z	StillImage	COORDINATE_ROUNDED;CONTINENT_DERIVED_FROM_COORDINATES;TAXON_ID_NOT_FOUND
4129758355	50c9509d-22c7-4a22-a47d-8c48425ef4a7	https://www.inaturalist.org/observations/77735238	Animalia	Chordata	Squamata		Gekkonidae	Hemidactylus	Hemidactylus turcicus		SPECIES	Hemidactylus turcicus (Linnaeus, 1758)	Hemidactylus turcicus		US		California	PRESENT		28eb1a3f-1c15-4a95-931a-4af90ecb574d	33.917105	-116.343078	28902.0						2021-05-06T21:39	6	5	2021	5221528	5221528	HUMAN_OBSERVATION	iNaturalist	Observations	77735238		Eduardo L. Cruz	2021-05-07T11:43:00	CC_BY_NC_4_0	Eduardo L. Cruz	Eduardo L. Cruz			2026-02-23T23:04:35.052Z	StillImage	COORDINATE_ROUNDED;CONTINENT_DERIVED_FROM_COORDINATES;TAXON_ID_NOT_FOUND
4129730547	50c9509d-22c7-4a22-a47d-8c48425ef4a7	https://www.inaturalist.org/observations/158009106	Animalia	Chordata	Squamata		Gekkonidae	Hemidactylus	Hemidactylus turcicus		SPECIES	Hemidactylus turcicus (Linnaeus, 1758)	Hemidactylus turcicus		US		California	PRESENT		28eb1a3f-1c15-4a95-931a-4af90ecb574d	33.819327	-116.229712	28902.0						2023-04-28T02:20	28	4	2023	5221528	5221528	HUMAN_OBSERVATION	iNaturalist	Observations	158009106		Eduardo L. Cruz	2023-04-30T09:21:37	CC_BY_NC_4_0	Eduardo L. Cruz	Eduardo L. Cruz			2026-02-23T23:22:52.486Z	StillImage	COORDINATE_ROUNDED;CONTINENT_DERIVED_FROM_COORDINATES;TAXON_ID_NOT_FOUND
4129699414	50c9509d-22c7-4a22-a47d-8c48425ef4a7	https://www.inaturalist.org/observations/115703598	Animalia	Chordata	Squamata		Gekkonidae	Hemidactylus	Hemidactylus turcicus		SPECIES	Hemidactylus turcicus (Linnaeus, 1758)	Hemidactylus turcicus		US		California	PRESENT		28eb1a3f-1c15-4a95-931a-4af90ecb574d	33.892415	-116.349639	28902.0						2022-05-06T00:19	6	5	2022	5221528	5221528	HUMAN_OBSERVATION	iNaturalist	Observations	115703598		Eduardo L. Cruz	2022-05-06T09:08:07	CC_BY_NC_4_0	Eduardo L. Cruz	Eduardo L. Cruz			2026-02-24T00:26:07.963Z	StillImage	COORDINATE_ROUNDED;CONTINENT_DERIVED_FROM_COORDINATES;TAXON_ID_NOT_FOUND
4129692414	50c9509d-22c7-4a22-a47d-8c48425ef4a7	https://www.inaturalist.org/observations/121843157	Animalia	Chordata	Squamata		Gekkonidae	Hemidactylus	Hemidactylus turcicus		SPECIES	Hemidactylus turcicus (Linnaeus, 1758)	Hemidactylus turcicus		US		California	PRESENT		28eb1a3f-1c15-4a95-931a-4af90ecb574d	33.965709	-116.283966	28902.0						2022-06-14T22:37	14	6	2022	5221528	5221528	HUMAN_OBSERVATION	iNaturalist	Observations	121843157		Eduardo L. Cruz	2022-06-15T07:16:13	CC_BY_NC_4_0	Eduardo L. Cruz	Eduardo L. Cruz			2026-02-23T22:08:22.900Z	StillImage	COORDINATE_ROUNDED;CONTINENT_DERIVED_FROM_COORDINATES;TAXON_ID_NOT_FOUND
4127106567	50c9509d-22c7-4a22-a47d-8c48425ef4a7	https://www.inaturalist.org/observations/164115161	Animalia	Chordata	Squamata		Gekkonidae	Hemidactylus	Hemidactylus turcicus		SPECIES	Hemidactylus turcicus (Linnaeus, 1758)	Hemidactylus turcicus		US		California	PRESENT		28eb1a3f-1c15-4a95-931a-4af90ecb574d	32.679175	-117.023108	4.0						2023-05-27T17:59:28	27	5	2023	5221528	5221528	HUMAN_OBSERVATION	iNaturalist	Observations	164115161		Ben Machado	2023-05-28T13:50:39	CC_BY_NC_4_0	cartergailband	cartergailband			2026-02-23T23:24:30.936Z	StillImage	COORDINATE_ROUNDED;CONTINENT_DERIVED_FROM_COORDINATES;TAXON_ID_NOT_FOUND
4127009524	50c9509d-22c7-4a22-a47d-8c48425ef4a7	https://www.inaturalist.org/observations/164142982	Animalia	Chordata	Squamata		Gekkonidae	Hemidactylus	Hemidactylus turcicus		SPECIES	Hemidactylus turcicus (Linnaeus, 1758)	Hemidactylus turcicus		US		California	PRESENT		28eb1a3f-1c15-4a95-931a-4af90ecb574d	33.333553	-115.986175	4.0						2023-05-27T21:38:53	27	5	2023	5221528	5221528	HUMAN_OBSERVATION	iNaturalist	Observations	164142982		Ben Machado	2023-05-28T13:48:15	CC0_1_0	desertaster	desertaster			2026-02-23T23:24:25.749Z	StillImage	COORDINATE_ROUNDED;CONTINENT_DERIVED_FROM_COORDINATES;TAXON_ID_NOT_FOUND
4126940346	50c9509d-22c7-4a22-a47d-8c48425ef4a7	https://www.inaturalist.org/observations/163387372	Animalia	Chordata	Squamata		Gekkonidae	Hemidactylus	Hemidactylus turcicus		SPECIES	Hemidactylus turcicus (Linnaeus, 1758)	Hemidactylus turcicus		US		California	PRESENT		28eb1a3f-1c15-4a95-931a-4af90ecb574d	35.344258	-119.005981	14.0						2023-05-18T21:12:02	18	5	2023	5221528	5221528	HUMAN_OBSERVATION	iNaturalist	Observations	163387372		yu111ssa	2023-05-23T22:09:35	CC_BY_NC_4_0	yu111ssa	yu111ssa			2026-02-23T22:25:40.006Z	StillImage	COORDINATE_ROUNDED;CONTINENT_DERIVED_FROM_COORDINATES;TAXON_ID_NOT_FOUND
4121473506	50c9509d-22c7-4a22-a47d-8c48425ef4a7	https://www.inaturalist.org/observations/163219848	Animalia	Chordata	Squamata		Gekkonidae	Hemidactylus	Hemidactylus turcicus		SPECIES	Hemidactylus turcicus (Linnaeus, 1758)	Hemidactylus turcicus		US		California	PRESENT		28eb1a3f-1c15-4a95-931a-4af90ecb574d	33.091206	-116.975992	68.0						2022-10-16T08:39:15	16	10	2022	5221528	5221528	HUMAN_OBSERVATION	iNaturalist	Observations	163219848		bgarland	2023-05-22T23:33:55	CC_BY_NC_4_0	bgarland	bgarland			2026-02-24T00:35:36.329Z	StillImage	COORDINATE_ROUNDED;CONTINENT_DERIVED_FROM_COORDINATES;TAXON_ID_NOT_FOUND
4121180469	50c9509d-22c7-4a22-a47d-8c48425ef4a7	https://www.inaturalist.org/observations/162641075	Animalia	Chordata	Squamata		Gekkonidae	Hemidactylus	Hemidactylus turcicus		SPECIES	Hemidactylus turcicus (Linnaeus, 1758)	Hemidactylus turcicus		US		California	PRESENT		28eb1a3f-1c15-4a95-931a-4af90ecb574d	36.456097	-116.870972	8.0						2023-05-19T04:48:34	19	5	2023	5221528	5221528	HUMAN_OBSERVATION	iNaturalist	Observations	162641075		Grainne O'Grady	2023-05-20T11:50:56	CC_BY_NC_4_0	Grainne O'Grady	Grainne O'Grady			2026-02-23T22:17:24.941Z	StillImage	COORDINATE_ROUNDED;CONTINENT_DERIVED_FROM_COORDINATES;TAXON_ID_NOT_FOUND
4120876699	50c9509d-22c7-4a22-a47d-8c48425ef4a7	https://www.inaturalist.org/observations/163366043	Animalia	Chordata	Squamata		Gekkonidae	Hemidactylus	Hemidactylus turcicus		SPECIES	Hemidactylus turcicus (Linnaeus, 1758)	Hemidactylus turcicus		US		California	PRESENT		28eb1a3f-1c15-4a95-931a-4af90ecb574d	33.88352	-117.936155	25.0						2023-05-23T11:03:32	23	5	2023	5221528	5221528	HUMAN_OBSERVATION	iNaturalist	Observations	163366043		duotone9	2023-05-23T19:52:06	CC_BY_NC_4_0	duotone9	duotone9			2026-02-24T00:35:41.811Z	StillImage	COORDINATE_ROUNDED;CONTINENT_DERIVED_FROM_COORDINATES;TAXON_ID_NOT_FOUND
4116293864	50c9509d-22c7-4a22-a47d-8c48425ef4a7	https://www.inaturalist.org/observations/160866758	Animalia	Chordata	Squamata		Gekkonidae	Hemidactylus	Hemidactylus turcicus		SPECIES	Hemidactylus turcicus (Linnaeus, 1758)	Hemidactylus turcicus		US		California	PRESENT		28eb1a3f-1c15-4a95-931a-4af90ecb574d	36.3251	-119.289658	5.0						2023-04-24T07:09:11	24	4	2023	5221528	5221528	HUMAN_OBSERVATION	iNaturalist	Observations	160866758		tsteens	2023-05-10T06:38:38	CC_BY_NC_4_0	tsteens	tsteens			2026-02-23T23:23:29.191Z	StillImage	COORDINATE_ROUNDED;CONTINENT_DERIVED_FROM_COORDINATES;TAXON_ID_NOT_FOUND
4116044753	50c9509d-22c7-4a22-a47d-8c48425ef4a7	https://www.inaturalist.org/observations/160864464	Animalia	Chordata	Squamata		Gekkonidae	Hemidactylus	Hemidactylus turcicus		SPECIES	Hemidactylus turcicus (Linnaeus, 1758)	Hemidactylus turcicus		US		California	PRESENT		28eb1a3f-1c15-4a95-931a-4af90ecb574d	37.326843	-120.494956	752.0						2023-04-30T21:02	30	4	2023	5221528	5221528	HUMAN_OBSERVATION	iNaturalist	Observations	160864464		shelley_b	2023-05-10T05:58:03	CC_BY_NC_4_0	shelley_b	shelley_b			2026-02-23T22:25:08.321Z	StillImage	COORDINATE_ROUNDED;CONTINENT_DERIVED_FROM_COORDINATES;TAXON_ID_NOT_FOUND
4111870210	50c9509d-22c7-4a22-a47d-8c48425ef4a7	https://www.inaturalist.org/observations/160783150	Animalia	Chordata	Squamata		Gekkonidae	Hemidactylus	Hemidactylus turcicus		SPECIES	Hemidactylus turcicus (Linnaeus, 1758)	Hemidactylus turcicus		US		California	PRESENT		28eb1a3f-1c15-4a95-931a-4af90ecb574d	35.385469	-119.028702	256.0						2023-05-03T15:48	3	5	2023	5221528	5221528	HUMAN_OBSERVATION	iNaturalist	Observations	160783150		taco_night	2023-05-09T18:57:51	CC_BY_NC_4_0	taco_night	taco_night			2026-02-23T22:17:01.948Z	StillImage	COORDINATE_ROUNDED;CONTINENT_DERIVED_FROM_COORDINATES;TAXON_ID_NOT_FOUND
4111829816	50c9509d-22c7-4a22-a47d-8c48425ef4a7	https://www.inaturalist.org/observations/160270574	Animalia	Chordata	Squamata		Gekkonidae	Hemidactylus	Hemidactylus turcicus		SPECIES	Hemidactylus turcicus (Linnaeus, 1758)	Hemidactylus turcicus		US		California	PRESENT		28eb1a3f-1c15-4a95-931a-4af90ecb574d	38.819411	-121.278746							2019-02-05T15:20:33	5	2	2019	5221528	5221528	HUMAN_OBSERVATION	iNaturalist	Observations	160270574		Kelly	2023-05-07T09:40:22	CC_BY_NC_4_0	Kelly	Kelly			2026-02-23T23:23:21.870Z		COORDINATE_ROUNDED;CONTINENT_DERIVED_FROM_COORDINATES;TAXON_ID_NOT_FOUND
4102947484	50c9509d-22c7-4a22-a47d-8c48425ef4a7	https://www.inaturalist.org/observations/159006995	Animalia	Chordata	Squamata		Gekkonidae	Hemidactylus	Hemidactylus turcicus		SPECIES	Hemidactylus turcicus (Linnaeus, 1758)	Hemidactylus turcicus		US		California	PRESENT		28eb1a3f-1c15-4a95-931a-4af90ecb574d	33.773633	-116.353303	35.0						2023-04-29T09:05:33	29	4	2023	5221528	5221528	HUMAN_OBSERVATION	iNaturalist	Observations	159006995		jdogstevens	2023-05-02T02:09:15	CC_BY_NC_4_0	jdogstevens	jdogstevens			2026-02-23T23:22:59.752Z	StillImage	COORDINATE_ROUNDED;CONTINENT_DERIVED_FROM_COORDINATES;TAXON_ID_NOT_FOUND
4102721239	50c9509d-22c7-4a22-a47d-8c48425ef4a7	https://www.inaturalist.org/observations/157482384	Animalia	Chordata	Squamata		Gekkonidae	Hemidactylus	Hemidactylus turcicus		SPECIES	Hemidactylus turcicus (Linnaeus, 1758)	Hemidactylus turcicus		US		California	PRESENT		28eb1a3f-1c15-4a95-931a-4af90ecb574d	33.681687	-116.370178	4.0						2023-04-28T21:31:56	28	4	2023	5221528	5221528	HUMAN_OBSERVATION	iNaturalist	Observations	157482384		Chris Tracy	2023-04-29T07:53:20	CC_BY_NC_4_0	Chris Tracy	Chris Tracy			2026-02-24T00:34:30.789Z	StillImage	COORDINATE_ROUNDED;CONTINENT_DERIVED_FROM_COORDINATES;TAXON_ID_NOT_FOUND
4102591470	50c9509d-22c7-4a22-a47d-8c48425ef4a7	https://www.inaturalist.org/observations/147581795	Animalia	Chordata	Squamata		Gekkonidae	Hemidactylus	Hemidactylus turcicus		SPECIES	Hemidactylus turcicus (Linnaeus, 1758)	Hemidactylus turcicus		US		California	PRESENT		28eb1a3f-1c15-4a95-931a-4af90ecb574d	33.401748	-117.237412	1541.0						2023-01-28T11:36:32	28	1	2023	5221528	5221528	HUMAN_OBSERVATION	iNaturalist	Observations	147581795		Aaron Griffing	2023-01-29T02:57:45	CC_BY_NC_4_0	dianagilliam	dianagilliam			2026-02-23T22:14:23.382Z	StillImage	COORDINATE_ROUNDED;CONTINENT_DERIVED_FROM_COORDINATES;TAXON_ID_NOT_FOUND
4096423015	50c9509d-22c7-4a22-a47d-8c48425ef4a7	https://www.inaturalist.org/observations/155846918	Animalia	Chordata	Squamata		Gekkonidae	Hemidactylus	Hemidactylus turcicus		SPECIES	Hemidactylus turcicus (Linnaeus, 1758)	Hemidactylus turcicus		US		California	PRESENT		28eb1a3f-1c15-4a95-931a-4af90ecb574d	33.720219	-116.28297	206.0						2023-04-20T20:59:46	20	4	2023	5221528	5221528	HUMAN_OBSERVATION	iNaturalist	Observations	155846918		Santiago Garcia	2023-04-21T04:03:17	CC_BY_NC_4_0	Santiago Garcia	Santiago Garcia			2026-02-24T00:34:14.651Z	StillImage	COORDINATE_ROUNDED;CONTINENT_DERIVED_FROM_COORDINATES;TAXON_ID_NOT_FOUND
4091760033	50c9509d-22c7-4a22-a47d-8c48425ef4a7	https://www.inaturalist.org/observations/154849795	Animalia	Chordata	Squamata		Gekkonidae	Hemidactylus	Hemidactylus turcicus		SPECIES	Hemidactylus turcicus (Linnaeus, 1758)	Hemidactylus turcicus		US		California	PRESENT		28eb1a3f-1c15-4a95-931a-4af90ecb574d	34.085707	-117.132436	28874.0						2023-04-14T10:12:48	14	4	2023	5221528	5221528	HUMAN_OBSERVATION	iNaturalist	Observations	154849795		Eric Schniter	2023-04-14T17:59:36	CC_BY_4_0	Eric Schniter	Eric Schniter			2026-02-23T23:22:01.698Z		COORDINATE_ROUNDED;CONTINENT_DERIVED_FROM_COORDINATES;TAXON_ID_NOT_FOUND
4091634643	50c9509d-22c7-4a22-a47d-8c48425ef4a7	https://www.inaturalist.org/observations/155399724	Animalia	Chordata	Squamata		Gekkonidae	Hemidactylus	Hemidactylus turcicus		SPECIES	Hemidactylus turcicus (Linnaeus, 1758)	Hemidactylus turcicus		US		California	PRESENT		28eb1a3f-1c15-4a95-931a-4af90ecb574d	33.82418	-116.488608	4.0						2023-04-17T08:13:11	17	4	2023	5221528	5221528	HUMAN_OBSERVATION	iNaturalist	Observations	155399724		Ben Machado	2023-04-18T00:05:06	CC_BY_NC_4_0	justwendy16	justwendy16			2026-02-23T22:15:54.777Z	StillImage	COORDINATE_ROUNDED;CONTINENT_DERIVED_FROM_COORDINATES;TAXON_ID_NOT_FOUND
4091433698	50c9509d-22c7-4a22-a47d-8c48425ef4a7	https://www.inaturalist.org/observations/154556525	Animalia	Chordata	Squamata		Gekkonidae	Hemidactylus	Hemidactylus turcicus		SPECIES	Hemidactylus turcicus (Linnaeus, 1758)	Hemidactylus turcicus		US		California	PRESENT		28eb1a3f-1c15-4a95-931a-4af90ecb574d	33.962749	-117.371465	28902.0						2023-04-12T05:13:07	12	4	2023	5221528	5221528	HUMAN_OBSERVATION	iNaturalist	Observations	154556525		Octa Kong	2023-04-12T12:53:26	CC_BY_NC_4_0	Octa Kong	Octa Kong			2026-02-23T23:22:03.270Z	StillImage	COORDINATE_ROUNDED;CONTINENT_DERIVED_FROM_COORDINATES;TAXON_ID_NOT_FOUND
4080443770	50c9509d-22c7-4a22-a47d-8c48425ef4a7	https://www.inaturalist.org/observations/153613073	Animalia	Chordata	Squamata		Gekkonidae	Hemidactylus	Hemidactylus turcicus		SPECIES	Hemidactylus turcicus (Linnaeus, 1758)	Hemidactylus turcicus		US		California	PRESENT		28eb1a3f-1c15-4a95-931a-4af90ecb574d	33.688457	-117.318444	5859.0						2023-04-05T14:10:47	5	4	2023	5221528	5221528	HUMAN_OBSERVATION	iNaturalist	Observations	153613073		aprilproffitt	2023-04-05T21:11:13	CC_BY_NC_4_0	aprilproffitt	aprilproffitt			2026-02-24T00:33:42.816Z	StillImage	COORDINATE_ROUNDED;CONTINENT_DERIVED_FROM_COORDINATES;TAXON_ID_NOT_FOUND
4075969907	50c9509d-22c7-4a22-a47d-8c48425ef4a7	https://www.inaturalist.org/observations/152646890	Animalia	Chordata	Squamata		Gekkonidae	Hemidactylus	Hemidactylus turcicus		SPECIES	Hemidactylus turcicus (Linnaeus, 1758)	Hemidactylus turcicus		US		California	PRESENT		28eb1a3f-1c15-4a95-931a-4af90ecb574d	32.734203	-117.151848							2023-03-28T07:59:18	28	3	2023	5221528	5221528	HUMAN_OBSERVATION	iNaturalist	Observations	152646890		Trent R. Stanley	2023-03-28T18:36:20	CC_BY_NC_4_0	Trent R. Stanley	Trent R. Stanley			2026-02-23T22:15:23.360Z	StillImage	COORDINATE_ROUNDED;CONTINENT_DERIVED_FROM_COORDINATES;TAXON_ID_NOT_FOUND
4075596437	50c9509d-22c7-4a22-a47d-8c48425ef4a7	https://www.inaturalist.org/observations/67626102	Animalia	Chordata	Squamata		Gekkonidae	Hemidactylus	Hemidactylus turcicus		SPECIES	Hemidactylus turcicus (Linnaeus, 1758)	Hemidactylus turcicus		US		California	PRESENT		28eb1a3f-1c15-4a95-931a-4af90ecb574d	36.75407	-119.820458	13.0						2021-01-05T09:05:43Z	5	1	2021	5221528	5221528	HUMAN_OBSERVATION	iNaturalist	Observations	67626102		kylieknight	2021-01-05T17:31:18	CC0_1_0	kylieknight	kylieknight			2026-02-23T21:56:26.898Z	StillImage	COORDINATE_ROUNDED;CONTINENT_DERIVED_FROM_COORDINATES;TAXON_ID_NOT_FOUND
4067434397	50c9509d-22c7-4a22-a47d-8c48425ef4a7	https://www.inaturalist.org/observations/151675199	Animalia	Chordata	Squamata		Gekkonidae	Hemidactylus	Hemidactylus turcicus		SPECIES	Hemidactylus turcicus (Linnaeus, 1758)	Hemidactylus turcicus		US		California	PRESENT		28eb1a3f-1c15-4a95-931a-4af90ecb574d	35.498253	-119.270714	3412.0						2023-03-19T17:03:58	19	3	2023	5221528	5221528	HUMAN_OBSERVATION	iNaturalist	Observations	151675199		cali-valley	2023-03-20T00:07:27	CC_BY_NC_4_0	cali-valley	cali-valley			2026-02-23T23:21:18.903Z	StillImage	COORDINATE_ROUNDED;CONTINENT_DERIVED_FROM_COORDINATES;TAXON_ID_NOT_FOUND
4067337832	50c9509d-22c7-4a22-a47d-8c48425ef4a7	https://www.inaturalist.org/observations/151175478	Animalia	Chordata	Squamata		Gekkonidae	Hemidactylus	Hemidactylus turcicus		SPECIES	Hemidactylus turcicus (Linnaeus, 1758)	Hemidactylus turcicus		US		California	PRESENT		28eb1a3f-1c15-4a95-931a-4af90ecb574d	36.803389	-119.745677	515.0						2023-03-14T11:38	14	3	2023	5221528	5221528	HUMAN_OBSERVATION	iNaturalist	Observations	151175478		bradywong	2023-03-15T01:38:23	CC_BY_NC_4_0	bradywong	bradywong			2026-02-23T23:21:09.856Z	StillImage	COORDINATE_ROUNDED;CONTINENT_DERIVED_FROM_COORDINATES;TAXON_ID_NOT_FOUND
4067146802	50c9509d-22c7-4a22-a47d-8c48425ef4a7	https://www.inaturalist.org/observations/151185704	Animalia	Chordata	Squamata		Gekkonidae	Hemidactylus	Hemidactylus turcicus		SPECIES	Hemidactylus turcicus (Linnaeus, 1758)	Hemidactylus turcicus		US		California	PRESENT		28eb1a3f-1c15-4a95-931a-4af90ecb574d	33.677685	-116.194989	28.0						2023-03-14T21:25:51	14	3	2023	5221528	5221528	HUMAN_OBSERVATION	iNaturalist	Observations	151185704		joesjoes20	2023-03-15T05:30:17	CC_BY_NC_4_0	kaiitlynng	kaiitlynng			2026-02-23T23:21:13.466Z	StillImage	COORDINATE_ROUNDED;CONTINENT_DERIVED_FROM_COORDINATES;TAXON_ID_NOT_FOUND
4063058059	50c9509d-22c7-4a22-a47d-8c48425ef4a7	https://www.inaturalist.org/observations/150836352	Animalia	Chordata	Squamata		Gekkonidae	Hemidactylus	Hemidactylus turcicus		SPECIES	Hemidactylus turcicus (Linnaeus, 1758)	Hemidactylus turcicus		US		California	PRESENT		28eb1a3f-1c15-4a95-931a-4af90ecb574d	35.423644	-119.022329	94.0						2023-03-11T09:52:31	11	3	2023	5221528	5221528	HUMAN_OBSERVATION	iNaturalist	Observations	150836352		Kseniia Marianna Prondzynska	2023-03-11T19:46:37	CC_BY_NC_4_0	Dakota Graham	Dakota Graham			2026-02-23T22:15:02.721Z	StillImage	COORDINATE_ROUNDED;CONTINENT_DERIVED_FROM_COORDINATES;TAXON_ID_NOT_FOUND
4039397442	50c9509d-22c7-4a22-a47d-8c48425ef4a7	https://www.inaturalist.org/observations/77205923	Animalia	Chordata	Squamata		Gekkonidae	Hemidactylus	Hemidactylus turcicus		SPECIES	Hemidactylus turcicus (Linnaeus, 1758)	Hemidactylus turcicus		US		California	PRESENT		28eb1a3f-1c15-4a95-931a-4af90ecb574d	34.222942	-118.362525	7.0						2021-05-03T21:30:26	3	5	2021	5221528	5221528	HUMAN_OBSERVATION	iNaturalist	Observations	77205923		Nurse Jen	2021-05-04T04:33:29	CC_BY_NC_4_0	Nurse Jen	Nurse Jen			2026-02-24T00:18:03.818Z	StillImage	COORDINATE_ROUNDED;CONTINENT_DERIVED_FROM_COORDINATES;TAXON_ID_NOT_FOUND
4039372375	50c9509d-22c7-4a22-a47d-8c48425ef4a7	https://www.inaturalist.org/observations/99624390	Animalia	Chordata	Squamata		Gekkonidae	Hemidactylus	Hemidactylus turcicus		SPECIES	Hemidactylus turcicus (Linnaeus, 1758)	Hemidactylus turcicus		US		California	PRESENT		28eb1a3f-1c15-4a95-931a-4af90ecb574d	34.004106	-118.407975	8.0						2021-10-28T06:23:31	28	10	2021	5221528	5221528	HUMAN_OBSERVATION	iNaturalist	Observations	99624390		Anthony Ye	2023-01-21T16:18:16	CC_BY_NC_4_0	emom47	emom47			2026-02-24T00:22:57.014Z	StillImage	COORDINATE_ROUNDED;CONTINENT_DERIVED_FROM_COORDINATES;TAXON_ID_NOT_FOUND
4039245400	50c9509d-22c7-4a22-a47d-8c48425ef4a7	https://www.inaturalist.org/observations/63453556	Animalia	Chordata	Squamata		Gekkonidae	Hemidactylus	Hemidactylus turcicus		SPECIES	Hemidactylus turcicus (Linnaeus, 1758)	Hemidactylus turcicus		US		California	PRESENT		28eb1a3f-1c15-4a95-931a-4af90ecb574d	34.833036	-114.625156	655.0						2020-10-24T20:33:42	24	10	2020	5221528	5221528	HUMAN_OBSERVATION	iNaturalist	Observations	63453556		Flaxington	2020-10-26T04:11:13	CC_BY_NC_4_0	morgan_phillips	morgan_phillips			2026-02-23T21:55:39.389Z	StillImage	COORDINATE_ROUNDED;CONTINENT_DERIVED_FROM_COORDINATES;TAXON_ID_NOT_FOUND
4029212933	50c9509d-22c7-4a22-a47d-8c48425ef4a7	https://www.inaturalist.org/observations/147898697	Animalia	Chordata	Squamata		Gekkonidae	Hemidactylus	Hemidactylus turcicus		SPECIES	Hemidactylus turcicus (Linnaeus, 1758)	Hemidactylus turcicus		US		California	PRESENT		28eb1a3f-1c15-4a95-931a-4af90ecb574d	33.986229	-117.319112	21.0						2023-02-02T09:39:15	2	2	2023	5221528	5221528	HUMAN_OBSERVATION	iNaturalist	Observations	147898697		Douglas J. Long	2023-02-02T17:53:17	CC_BY_NC_4_0	phrussell	phrussell			2026-02-23T22:14:25.859Z	StillImage	COORDINATE_ROUNDED;CONTINENT_DERIVED_FROM_COORDINATES;TAXON_ID_NOT_FOUND
4029001509	50c9509d-22c7-4a22-a47d-8c48425ef4a7	https://www.inaturalist.org/observations/147357101	Animalia	Chordata	Squamata		Gekkonidae	Hemidactylus	Hemidactylus turcicus		SPECIES	Hemidactylus turcicus (Linnaeus, 1758)	Hemidactylus turcicus		US		California	PRESENT		28eb1a3f-1c15-4a95-931a-4af90ecb574d	38.561772	-121.7463	64.0						2022-05-03T21:41:26	3	5	2022	5221528	5221528	HUMAN_OBSERVATION	iNaturalist	Observations	147357101		louislo	2023-01-25T23:31:33	CC_BY_NC_4_0	Alejandro Ramos Hurtado	Alejandro Ramos Hurtado			2026-02-24T00:32:26.737Z	StillImage	COORDINATE_ROUNDED;CONTINENT_DERIVED_FROM_COORDINATES;TAXON_ID_NOT_FOUND
4028787195	50c9509d-22c7-4a22-a47d-8c48425ef4a7	https://www.inaturalist.org/observations/147315638	Animalia	Chordata	Squamata		Gekkonidae	Hemidactylus	Hemidactylus turcicus		SPECIES	Hemidactylus turcicus (Linnaeus, 1758)	Hemidactylus turcicus		US		California	PRESENT		28eb1a3f-1c15-4a95-931a-4af90ecb574d	36.830069	-119.674258	22.0						2023-01-24T16:39	24	1	2023	5221528	5221528	HUMAN_OBSERVATION	iNaturalist	Observations	147315638		plut0	2023-01-25T07:52:02	CC_BY_NC_4_0	plut0	plut0			2026-02-23T23:20:20.285Z	StillImage	COORDINATE_ROUNDED;CONTINENT_DERIVED_FROM_COORDINATES;TAXON_ID_NOT_FOUND
4028716504	50c9509d-22c7-4a22-a47d-8c48425ef4a7	https://www.inaturalist.org/observations/96978554	Animalia	Chordata	Squamata		Gekkonidae	Hemidactylus	Hemidactylus turcicus		SPECIES	Hemidactylus turcicus (Linnaeus, 1758)	Hemidactylus turcicus		US		California	PRESENT		28eb1a3f-1c15-4a95-931a-4af90ecb574d	34.038836	-117.177595	28874.0						2021-07-25T20:59Z	25	7	2021	5221528	5221528	HUMAN_OBSERVATION	iNaturalist	Observations	96978554		Eric Schniter	2021-10-05T17:58:07	CC_BY_4_0	Eric Schniter	Eric Schniter			2026-02-23T22:02:14.676Z		COORDINATE_ROUNDED;CONTINENT_DERIVED_FROM_COORDINATES;TAXON_ID_NOT_FOUND
4028677649	50c9509d-22c7-4a22-a47d-8c48425ef4a7	https://www.inaturalist.org/observations/97211672	Animalia	Chordata	Squamata		Gekkonidae	Hemidactylus	Hemidactylus turcicus		SPECIES	Hemidactylus turcicus (Linnaeus, 1758)	Hemidactylus turcicus		US		California	PRESENT		28eb1a3f-1c15-4a95-931a-4af90ecb574d	34.132712	-117.108381	28874.0						2021-10-04T19:43Z	4	10	2021	5221528	5221528	HUMAN_OBSERVATION	iNaturalist	Observations	97211672		Eric Schniter	2021-10-05T17:56:15	CC_BY_4_0	Eric Schniter	Eric Schniter			2026-02-23T22:02:17.837Z		COORDINATE_ROUNDED;CONTINENT_DERIVED_FROM_COORDINATES;TAXON_ID_NOT_FOUND
4021980413	50c9509d-22c7-4a22-a47d-8c48425ef4a7	https://www.inaturalist.org/observations/106638280	Animalia	Chordata	Squamata		Gekkonidae	Hemidactylus	Hemidactylus turcicus		SPECIES	Hemidactylus turcicus (Linnaeus, 1758)	Hemidactylus turcicus		US		California	PRESENT		28eb1a3f-1c15-4a95-931a-4af90ecb574d	37.989983	-122.068755	4.0						2022-02-12T15:06:35	12	2	2022	5221528	5221528	HUMAN_OBSERVATION	iNaturalist	Observations	106638280		Max Omick	2022-02-12T23:08:05	CC_BY_NC_4_0	Max Omick	Max Omick			2026-02-24T00:24:29.132Z		COORDINATE_ROUNDED;CONTINENT_DERIVED_FROM_COORDINATES;TAXON_ID_NOT_FOUND
4021979461	50c9509d-22c7-4a22-a47d-8c48425ef4a7	https://www.inaturalist.org/observations/97211673	Animalia	Chordata	Squamata		Gekkonidae	Hemidactylus	Hemidactylus turcicus		SPECIES	Hemidactylus turcicus (Linnaeus, 1758)	Hemidactylus turcicus		US		California	PRESENT		28eb1a3f-1c15-4a95-931a-4af90ecb574d	34.11959	-117.086169	28874.0						2021-10-04T19:42Z	4	10	2021	5221528	5221528	HUMAN_OBSERVATION	iNaturalist	Observations	97211673		Eric Schniter	2021-10-05T17:55:24	CC_BY_4_0	Eric Schniter	Eric Schniter			2026-02-23T22:02:15.731Z		COORDINATE_ROUNDED;CONTINENT_DERIVED_FROM_COORDINATES;TAXON_ID_NOT_FOUND
4018573591	50c9509d-22c7-4a22-a47d-8c48425ef4a7	https://www.inaturalist.org/observations/123755866	Animalia	Chordata	Squamata		Gekkonidae	Hemidactylus	Hemidactylus turcicus		SPECIES	Hemidactylus turcicus (Linnaeus, 1758)	Hemidactylus turcicus		US		California	PRESENT		28eb1a3f-1c15-4a95-931a-4af90ecb574d	34.271412	-118.686363	5.0						2022-06-26T20:41:04	26	6	2022	5221528	5221528	HUMAN_OBSERVATION	iNaturalist	Observations	123755866		joesjoes20	2022-12-28T21:23:41	CC_BY_NC_4_0	avasibila	avasibila			2026-02-23T22:08:45.059Z	StillImage	COORDINATE_ROUNDED;CONTINENT_DERIVED_FROM_COORDINATES;TAXON_ID_NOT_FOUND
4018510461	50c9509d-22c7-4a22-a47d-8c48425ef4a7	https://www.inaturalist.org/observations/146759737	Animalia	Chordata	Squamata		Gekkonidae	Hemidactylus	Hemidactylus turcicus		SPECIES	Hemidactylus turcicus (Linnaeus, 1758)	Hemidactylus turcicus		US		California	PRESENT		28eb1a3f-1c15-4a95-931a-4af90ecb574d	34.228587	-118.251153	73.0						2023-01-16T10:08:22	16	1	2023	5221528	5221528	HUMAN_OBSERVATION	iNaturalist	Observations	146759737		Mary Fenwick	2023-01-17T13:57:04	CC_BY_NC_4_0	Mary Fenwick	Mary Fenwick			2026-02-24T00:32:21.682Z	StillImage	COORDINATE_ROUNDED;CONTINENT_DERIVED_FROM_COORDINATES;TAXON_ID_NOT_FOUND
4018274507	50c9509d-22c7-4a22-a47d-8c48425ef4a7	https://www.inaturalist.org/observations/111998045	Animalia	Chordata	Squamata		Gekkonidae	Hemidactylus	Hemidactylus turcicus		SPECIES	Hemidactylus turcicus (Linnaeus, 1758)	Hemidactylus turcicus		US		California	PRESENT		28eb1a3f-1c15-4a95-931a-4af90ecb574d	35.65003	-117.686896							2022-04-15T18:16:05	15	4	2022	5221528	5221528	HUMAN_OBSERVATION	iNaturalist	Observations	111998045		parkeranderson	2022-04-19T01:44:54	CC_BY_NC_4_0	parkeranderson	parkeranderson			2026-02-23T23:12:16.970Z	StillImage	CONTINENT_DERIVED_FROM_COORDINATES;TAXON_ID_NOT_FOUND
4014854822	50c9509d-22c7-4a22-a47d-8c48425ef4a7	https://www.inaturalist.org/observations/145811663	Animalia	Chordata	Squamata		Gekkonidae	Hemidactylus	Hemidactylus turcicus		SPECIES	Hemidactylus turcicus (Linnaeus, 1758)	Hemidactylus turcicus		US		California	PRESENT		28eb1a3f-1c15-4a95-931a-4af90ecb574d	36.812947	-119.798808	23.0						2023-01-03T23:33:42	3	1	2023	5221528	5221528	HUMAN_OBSERVATION	iNaturalist	Observations	145811663		Branson Khounvichith	2023-01-04T13:29:09	CC_BY_NC_4_0	James T. Von Tersch	James T. Von Tersch			2026-02-23T23:19:56.663Z	StillImage	COORDINATE_ROUNDED;CONTINENT_DERIVED_FROM_COORDINATES;TAXON_ID_NOT_FOUND
4011867837	50c9509d-22c7-4a22-a47d-8c48425ef4a7	https://www.inaturalist.org/observations/145365170	Animalia	Chordata	Squamata		Gekkonidae	Hemidactylus	Hemidactylus turcicus		SPECIES	Hemidactylus turcicus (Linnaeus, 1758)	Hemidactylus turcicus		US		California	PRESENT		28eb1a3f-1c15-4a95-931a-4af90ecb574d	36.455883	-116.870392	6.0						2021-05-28T21:47:23	28	5	2021	5221528	5221528	HUMAN_OBSERVATION	iNaturalist	Observations	145365170		Zélee	2022-12-29T18:25:06	CC_BY_NC_4_0	Zélee	Zélee			2026-02-23T22:14:03.674Z	StillImage	COORDINATE_ROUNDED;CONTINENT_DERIVED_FROM_COORDINATES;TAXON_ID_NOT_FOUND
4011813465	50c9509d-22c7-4a22-a47d-8c48425ef4a7	https://www.inaturalist.org/observations/119949646	Animalia	Chordata	Squamata		Gekkonidae	Hemidactylus	Hemidactylus turcicus		SPECIES	Hemidactylus turcicus (Linnaeus, 1758)	Hemidactylus turcicus		US		California	PRESENT		28eb1a3f-1c15-4a95-931a-4af90ecb574d	37.99612	-121.996721	23.0						2022-06-02T17:17:23	2	6	2022	5221528	5221528	HUMAN_OBSERVATION	iNaturalist	Observations	119949646		Matthew	2022-06-03T00:25:38	CC_BY_NC_4_0	Matthew	Matthew			2026-02-24T00:26:57.642Z	StillImage	COORDINATE_ROUNDED;CONTINENT_DERIVED_FROM_COORDINATES;TAXON_ID_NOT_FOUND
4011555249	50c9509d-22c7-4a22-a47d-8c48425ef4a7	https://www.inaturalist.org/observations/145643171	Animalia	Chordata	Squamata		Gekkonidae	Hemidactylus	Hemidactylus turcicus		SPECIES	Hemidactylus turcicus (Linnaeus, 1758)	Hemidactylus turcicus		US		California	PRESENT		28eb1a3f-1c15-4a95-931a-4af90ecb574d	32.758038	-115.550322	5.0						2023-01-01T11:33:32	1	1	2023	5221528	5221528	HUMAN_OBSERVATION	iNaturalist	Observations	145643171		Alexey Katz	2023-01-02T06:12:16	CC_BY_NC_4_0	amt116	amt116			2026-02-23T22:14:01.657Z	StillImage	COORDINATE_ROUNDED;CONTINENT_DERIVED_FROM_COORDINATES;TAXON_ID_NOT_FOUND
4009773147	50c9509d-22c7-4a22-a47d-8c48425ef4a7	https://www.inaturalist.org/observations/145197457	Animalia	Chordata	Squamata		Gekkonidae	Hemidactylus	Hemidactylus turcicus		SPECIES	Hemidactylus turcicus (Linnaeus, 1758)	Hemidactylus turcicus		US		California	PRESENT		28eb1a3f-1c15-4a95-931a-4af90ecb574d	32.77158	-116.954413	4.0						2022-12-26T17:09:59	26	12	2022	5221528	5221528	HUMAN_OBSERVATION	iNaturalist	Observations	145197457		Rayyan Syed Ibrahim	2022-12-27T20:02:32	CC_BY_NC_4_0	graceml	graceml			2026-02-24T00:32:02.524Z	StillImage	COORDINATE_ROUNDED;CONTINENT_DERIVED_FROM_COORDINATES;TAXON_ID_NOT_FOUND
3994116491	50c9509d-22c7-4a22-a47d-8c48425ef4a7	https://www.inaturalist.org/observations/126161313	Animalia	Chordata	Squamata		Gekkonidae	Hemidactylus	Hemidactylus turcicus		SPECIES	Hemidactylus turcicus (Linnaeus, 1758)	Hemidactylus turcicus		US		California	PRESENT		28eb1a3f-1c15-4a95-931a-4af90ecb574d	34.225703	-117.403634	252.0						2022-07-13T21:00:07	13	7	2022	5221528	5221528	HUMAN_OBSERVATION	iNaturalist	Observations	126161313		curiousbibliophile	2022-07-27T16:30:16	CC_BY_NC_4_0	curiousbibliophile	curiousbibliophile			2026-02-23T23:15:26.121Z	StillImage	CONTINENT_DERIVED_FROM_COORDINATES;TAXON_ID_NOT_FOUND
3988617691	50c9509d-22c7-4a22-a47d-8c48425ef4a7	https://www.inaturalist.org/observations/143284622	Animalia	Chordata	Squamata		Gekkonidae	Hemidactylus	Hemidactylus turcicus		SPECIES	Hemidactylus turcicus (Linnaeus, 1758)	Hemidactylus turcicus		US		California	PRESENT		28eb1a3f-1c15-4a95-931a-4af90ecb574d	36.863211	-119.785331	152.0						2022-11-17T10:57	17	11	2022	5221528	5221528	HUMAN_OBSERVATION	iNaturalist	Observations	143284622		Branson Khounvichith	2022-11-29T23:00:43	CC_BY_NC_4_0	garciadaniel	garciadaniel			2026-02-23T23:19:25.920Z	StillImage	COORDINATE_ROUNDED;CONTINENT_DERIVED_FROM_COORDINATES;TAXON_ID_NOT_FOUND
3986287148	50c9509d-22c7-4a22-a47d-8c48425ef4a7	https://www.inaturalist.org/observations/143008727	Animalia	Chordata	Squamata		Gekkonidae	Hemidactylus	Hemidactylus turcicus		SPECIES	Hemidactylus turcicus (Linnaeus, 1758)	Hemidactylus turcicus		US		California	PRESENT		28eb1a3f-1c15-4a95-931a-4af90ecb574d	36.825158	-119.702919	16183.0						2022-11-25T20:59	25	11	2022	5221528	5221528	HUMAN_OBSERVATION	iNaturalist	Observations	143008727		ricardo003	2022-11-27T05:59:53	CC_BY_NC_4_0	ricardo003	ricardo003			2026-02-23T22:13:36.763Z	StillImage	COORDINATE_ROUNDED;CONTINENT_DERIVED_FROM_COORDINATES;TAXON_ID_NOT_FOUND
3985946898	50c9509d-22c7-4a22-a47d-8c48425ef4a7	https://www.inaturalist.org/observations/142713920	Animalia	Chordata	Squamata		Gekkonidae	Hemidactylus	Hemidactylus turcicus		SPECIES	Hemidactylus turcicus (Linnaeus, 1758)	Hemidactylus turcicus		US		California	PRESENT		28eb1a3f-1c15-4a95-931a-4af90ecb574d	34.170212	-118.160355	24.0						2022-11-23T16:38:07	23	11	2022	5221528	5221528	HUMAN_OBSERVATION	iNaturalist	Observations	142713920		Katie Rodriguez	2022-11-24T00:38:50	CC_BY_4_0	Katie Rodriguez	Katie Rodriguez			2026-02-23T22:21:08.090Z	StillImage	COORDINATE_ROUNDED;CONTINENT_DERIVED_FROM_COORDINATES;TAXON_ID_NOT_FOUND
3985851102	50c9509d-22c7-4a22-a47d-8c48425ef4a7	https://www.inaturalist.org/observations/143001666	Animalia	Chordata	Squamata		Gekkonidae	Hemidactylus	Hemidactylus turcicus		SPECIES	Hemidactylus turcicus (Linnaeus, 1758)	Hemidactylus turcicus		US		California	PRESENT		28eb1a3f-1c15-4a95-931a-4af90ecb574d	36.786849	-119.794697	9284.0						2022-10-31T00:44	31	10	2022	5221528	5221528	HUMAN_OBSERVATION	iNaturalist	Observations	143001666		Salvador Cabrera	2022-11-27T04:38:58	CC_BY_NC_4_0	sophiamedina	sophiamedina			2026-02-24T00:31:36.492Z	StillImage	CONTINENT_DERIVED_FROM_COORDINATES;TAXON_ID_NOT_FOUND
3966583769	50c9509d-22c7-4a22-a47d-8c48425ef4a7	https://www.inaturalist.org/observations/141574485	Animalia	Chordata	Squamata		Gekkonidae	Hemidactylus	Hemidactylus turcicus		SPECIES	Hemidactylus turcicus (Linnaeus, 1758)	Hemidactylus turcicus		US		California	PRESENT		28eb1a3f-1c15-4a95-931a-4af90ecb574d	33.739733	-116.38475	4.0						2022-11-08T11:19:15	8	11	2022	5221528	5221528	HUMAN_OBSERVATION	iNaturalist	Observations	141574485		jdogstevens	2022-11-10T00:22:35	CC_BY_NC_4_0	jdogstevens	jdogstevens			2026-02-23T23:19:03.581Z	StillImage	COORDINATE_ROUNDED;CONTINENT_DERIVED_FROM_COORDINATES;TAXON_ID_NOT_FOUND
3963529426	50c9509d-22c7-4a22-a47d-8c48425ef4a7	https://www.inaturalist.org/observations/105395231	Animalia	Chordata	Squamata		Gekkonidae	Hemidactylus	Hemidactylus turcicus		SPECIES	Hemidactylus turcicus (Linnaeus, 1758)	Hemidactylus turcicus		US		California	PRESENT		28eb1a3f-1c15-4a95-931a-4af90ecb574d	36.784662	-119.759675	10.0						2021-08-04T21:23:53	4	8	2021	5221528	5221528	HUMAN_OBSERVATION	iNaturalist	Observations	105395231		alexb0000	2022-01-24T01:21:02	CC_BY_NC_4_0	cheetahman513	cheetahman513			2026-02-23T22:04:05.093Z	StillImage	COORDINATE_ROUNDED;CONTINENT_DERIVED_FROM_COORDINATES;TAXON_ID_NOT_FOUND
3963418503	50c9509d-22c7-4a22-a47d-8c48425ef4a7	https://www.inaturalist.org/observations/127925354	Animalia	Chordata	Squamata		Gekkonidae	Hemidactylus	Hemidactylus turcicus		SPECIES	Hemidactylus turcicus (Linnaeus, 1758)	Hemidactylus turcicus		US		California	PRESENT		28eb1a3f-1c15-4a95-931a-4af90ecb574d	35.63918	-117.682412							2022-07-25T17:17	25	7	2022	5221528	5221528	HUMAN_OBSERVATION	iNaturalist	Observations	127925354		Drew R. Davis, Ph.D.	2022-10-23T05:33:28	CC_BY_NC_4_0	we_rainey	we_rainey			2026-02-23T23:15:57.352Z	StillImage	CONTINENT_DERIVED_FROM_COORDINATES;TAXON_ID_NOT_FOUND
3947677965	50c9509d-22c7-4a22-a47d-8c48425ef4a7	https://www.inaturalist.org/observations/139238530	Animalia	Chordata	Squamata		Gekkonidae	Hemidactylus	Hemidactylus turcicus		SPECIES	Hemidactylus turcicus (Linnaeus, 1758)	Hemidactylus turcicus		US		California	PRESENT		28eb1a3f-1c15-4a95-931a-4af90ecb574d	33.617317	-116.228881	28930.0						2022-10-09T12:15	9	10	2022	5221528	5221528	HUMAN_OBSERVATION	iNaturalist	Observations	139238530		Colin Barrows	2022-10-18T16:08:29	CC0_1_0	Colin Barrows	Colin Barrows			2026-02-23T23:18:34.851Z	StillImage	COORDINATE_ROUNDED;CONTINENT_DERIVED_FROM_COORDINATES;TAXON_ID_NOT_FOUND
3947595998	50c9509d-22c7-4a22-a47d-8c48425ef4a7	https://www.inaturalist.org/observations/139283497	Animalia	Chordata	Squamata		Gekkonidae	Hemidactylus	Hemidactylus turcicus		SPECIES	Hemidactylus turcicus (Linnaeus, 1758)	Hemidactylus turcicus		US		California	PRESENT		28eb1a3f-1c15-4a95-931a-4af90ecb574d	33.653455	-117.754037	354.0						2022-10-18T17:00:43	18	10	2022	5221528	5221528	HUMAN_OBSERVATION	iNaturalist	Observations	139283497		Melissa Pearson	2022-10-19T00:03:57	CC_BY_NC_4_0	Melissa Pearson	Melissa Pearson			2026-02-23T23:18:35.057Z	StillImage	COORDINATE_ROUNDED;CONTINENT_DERIVED_FROM_COORDINATES;TAXON_ID_NOT_FOUND
3947412120	50c9509d-22c7-4a22-a47d-8c48425ef4a7	https://www.inaturalist.org/observations/139386821	Animalia	Chordata	Squamata		Gekkonidae	Hemidactylus	Hemidactylus turcicus		SPECIES	Hemidactylus turcicus (Linnaeus, 1758)	Hemidactylus turcicus		US		California	PRESENT		28eb1a3f-1c15-4a95-931a-4af90ecb574d	35.622609	-117.670897	8195.0						2022-10-18T19:09:36	18	10	2022	5221528	5221528	HUMAN_OBSERVATION	iNaturalist	Observations	139386821		Noah M. Morales	2022-10-20T01:56:31	CC_BY_NC_4_0	Zoe Stephens	Zoe Stephens			2026-02-23T23:38:51.898Z	StillImage	COORDINATE_ROUNDED;CONTINENT_DERIVED_FROM_COORDINATES;TAXON_ID_NOT_FOUND
3947378684	50c9509d-22c7-4a22-a47d-8c48425ef4a7	https://www.inaturalist.org/observations/139914328	Animalia	Chordata	Squamata		Gekkonidae	Hemidactylus	Hemidactylus turcicus		SPECIES	Hemidactylus turcicus (Linnaeus, 1758)	Hemidactylus turcicus		US		California	PRESENT		28eb1a3f-1c15-4a95-931a-4af90ecb574d	32.757177	-117.145325	23.0						2022-10-23T14:52	23	10	2022	5221528	5221528	HUMAN_OBSERVATION	iNaturalist	Observations	139914328		jmolden	2022-10-24T23:59:58	CC_BY_NC_4_0	jmolden	jmolden			2026-02-23T23:18:40.212Z	StillImage	COORDINATE_ROUNDED;CONTINENT_DERIVED_FROM_COORDINATES;TAXON_ID_NOT_FOUND
3947194786	50c9509d-22c7-4a22-a47d-8c48425ef4a7	https://www.inaturalist.org/observations/133102629	Animalia	Chordata	Squamata		Gekkonidae	Hemidactylus	Hemidactylus turcicus		SPECIES	Hemidactylus turcicus (Linnaeus, 1758)	Hemidactylus turcicus		US		California	PRESENT		28eb1a3f-1c15-4a95-931a-4af90ecb574d	34.164936	-118.049975	9.0						2022-08-31T10:24:14	31	8	2022	5221528	5221528	HUMAN_OBSERVATION	iNaturalist	Observations	133102629		Ben Machado	2022-08-31T20:54:08	CC_BY_NC_4_0	lukejones	lukejones			2026-02-23T22:11:28.281Z	StillImage	COORDINATE_ROUNDED;CONTINENT_DERIVED_FROM_COORDINATES;TAXON_ID_NOT_FOUND
3925456589	50c9509d-22c7-4a22-a47d-8c48425ef4a7	https://www.inaturalist.org/observations/131587132	Animalia	Chordata	Squamata		Gekkonidae	Hemidactylus	Hemidactylus turcicus		SPECIES	Hemidactylus turcicus (Linnaeus, 1758)	Hemidactylus turcicus		US		California	PRESENT		28eb1a3f-1c15-4a95-931a-4af90ecb574d	38.899464	-121.079191	163.0						2022-08-20T07:53:59	20	8	2022	5221528	5221528	HUMAN_OBSERVATION	iNaturalist	Observations	131587132		Ben Machado	2022-08-20T23:16:04	CC_BY_NC_4_0	garywells	garywells			2026-02-24T00:29:32.772Z	StillImage	COORDINATE_ROUNDED;CONTINENT_DERIVED_FROM_COORDINATES;TAXON_ID_NOT_FOUND
3925305333	50c9509d-22c7-4a22-a47d-8c48425ef4a7	https://www.inaturalist.org/observations/138073893	Animalia	Chordata	Squamata		Gekkonidae	Hemidactylus	Hemidactylus turcicus		SPECIES	Hemidactylus turcicus (Linnaeus, 1758)	Hemidactylus turcicus		US		California	PRESENT		28eb1a3f-1c15-4a95-931a-4af90ecb574d	35.367646	-119.072893	28706.0						2022-10-08T20:35:35	8	10	2022	5221528	5221528	HUMAN_OBSERVATION	iNaturalist	Observations	138073893		andaniel6765	2022-10-09T04:00:39	CC_BY_NC_4_0	andaniel6765	andaniel6765			2026-02-23T23:18:20.177Z	StillImage	COORDINATE_ROUNDED;CONTINENT_DERIVED_FROM_COORDINATES;TAXON_ID_NOT_FOUND
3925278377	50c9509d-22c7-4a22-a47d-8c48425ef4a7	https://www.inaturalist.org/observations/138107192	Animalia	Chordata	Squamata		Gekkonidae	Hemidactylus	Hemidactylus turcicus		SPECIES	Hemidactylus turcicus (Linnaeus, 1758)	Hemidactylus turcicus		US		California	PRESENT		28eb1a3f-1c15-4a95-931a-4af90ecb574d	33.72593	-116.367508	4.0						2022-10-05T19:36:58	5	10	2022	5221528	5221528	HUMAN_OBSERVATION	iNaturalist	Observations	138107192		atwalls	2022-10-09T12:45:43	CC_BY_NC_4_0	atwalls	atwalls			2026-02-23T22:12:34.995Z	StillImage	COORDINATE_ROUNDED;CONTINENT_DERIVED_FROM_COORDINATES;TAXON_ID_NOT_FOUND
3925062972	50c9509d-22c7-4a22-a47d-8c48425ef4a7	https://www.inaturalist.org/observations/137828347	Animalia	Chordata	Squamata		Gekkonidae	Hemidactylus	Hemidactylus turcicus		SPECIES	Hemidactylus turcicus (Linnaeus, 1758)	Hemidactylus turcicus		US		California	PRESENT		28eb1a3f-1c15-4a95-931a-4af90ecb574d	36.456255	-116.869636							2022-10-06T21:11:50	6	10	2022	5221528	5221528	HUMAN_OBSERVATION	iNaturalist	Observations	137828347		Anthony Ye	2022-10-07T19:14:34	CC0_1_0	Theo Summer	Theo Summer			2026-02-23T22:12:37.585Z	StillImage	COORDINATE_ROUNDED;CONTINENT_DERIVED_FROM_COORDINATES;TAXON_ID_NOT_FOUND
3925026586	50c9509d-22c7-4a22-a47d-8c48425ef4a7	https://www.inaturalist.org/observations/133291631	Animalia	Chordata	Squamata		Gekkonidae	Hemidactylus	Hemidactylus turcicus		SPECIES	Hemidactylus turcicus (Linnaeus, 1758)	Hemidactylus turcicus		US		California	PRESENT		28eb1a3f-1c15-4a95-931a-4af90ecb574d	33.781608	-118.144639	6.0						2022-09-01T19:58:52	1	9	2022	5221528	5221528	HUMAN_OBSERVATION	iNaturalist	Observations	133291631		Ben Machado	2022-09-03T21:22:05	CC_BY_NC_4_0	adamdrussell	adamdrussell			2026-02-23T22:11:30.485Z	StillImage	COORDINATE_ROUNDED;CONTINENT_DERIVED_FROM_COORDINATES;TAXON_ID_NOT_FOUND
3924994661	50c9509d-22c7-4a22-a47d-8c48425ef4a7	https://www.inaturalist.org/observations/135741379	Animalia	Chordata	Squamata		Gekkonidae	Hemidactylus	Hemidactylus turcicus		SPECIES	Hemidactylus turcicus (Linnaeus, 1758)	Hemidactylus turcicus		US		California	PRESENT		28eb1a3f-1c15-4a95-931a-4af90ecb574d	32.964891	-117.042763	4.0						2022-09-19T19:16:38	19	9	2022	5221528	5221528	HUMAN_OBSERVATION	iNaturalist	Observations	135741379		jadeleven7	2022-09-20T17:17:31	CC_BY_NC_4_0	avavee	avavee			2026-02-23T23:37:53.131Z	StillImage	COORDINATE_ROUNDED;CONTINENT_DERIVED_FROM_COORDINATES;TAXON_ID_NOT_FOUND
3924680365	cece4fc2-1fec-4bb5-a335-7252548e3f0b	urn:catalog:CAS:HERP:265482	Animalia	Chordata	Squamata		Gekkonidae	Hemidactylus	Hemidactylus turcicus		SPECIES	Hemidactylus turcicus (Linnaeus, 1758)	Hemidactylus turcicus		US	Concord, Formal Naval Base Concord, 37 59 07.07 N, 121 57 38.78 W	California	PRESENT		66522820-055c-11d8-b84e-b8a03c50a862	37.985297	-121.960772			99.0				2019-12-22	22	12	2019	5221528	5221528	PRESERVED_SPECIMEN	CAS	HERP	265482	REL-457	R.E. Lovich	2019-12-22T00:00:00	CC0_1_0		R.E. Lovich, S. Dexter, D. Mcnaughton			2026-02-26T00:52:37.809Z		COORDINATE_ROUNDED
3924680352	cece4fc2-1fec-4bb5-a335-7252548e3f0b	urn:catalog:CAS:HERP:265372	Animalia	Chordata	Squamata		Gekkonidae	Hemidactylus	Hemidactylus turcicus		SPECIES	Hemidactylus turcicus (Linnaeus, 1758)	Hemidactylus turcicus		US	La Quinta, ca 100 m E of corner of Spanish Bay and Meadowbrook, residence at 80490 Spanish Bay, 33 38 20.93 W, 116 15 25.65 W	California	PRESENT		66522820-055c-11d8-b84e-b8a03c50a862	33.639147	-116.257125			-4.0				2019-12-01	1	12	2019	5221528	5221528	PRESERVED_SPECIMEN	CAS	HERP	265372	LAS-100	L.A. Scheinberg	2019-12-01T00:00:00	CC0_1_0		L.A. Scheinberg and R.A. Chasey			2026-02-26T00:52:39.531Z		COORDINATE_ROUNDED;ELEVATION_NON_NUMERIC
3924676366	cece4fc2-1fec-4bb5-a335-7252548e3f0b	urn:catalog:CAS:HERP:265483	Animalia	Chordata	Squamata		Gekkonidae	Hemidactylus	Hemidactylus turcicus		SPECIES	Hemidactylus turcicus (Linnaeus, 1758)	Hemidactylus turcicus		US	Concord, Formal Naval Base Concord, 37 59 07.07 N, 121 57 38.78 W	California	PRESENT		66522820-055c-11d8-b84e-b8a03c50a862	37.985297	-121.960772			99.0				2019-12-23	23	12	2019	5221528	5221528	PRESERVED_SPECIMEN	CAS	HERP	265483	LAS-101	L.A. Scheinberg	2019-12-23T00:00:00	CC0_1_0		L.A. Scheinberg, E.J. Ely and R.E. Lovich			2026-02-26T00:52:38.088Z		COORDINATE_ROUNDED
3923703326	50c9509d-22c7-4a22-a47d-8c48425ef4a7	https://www.inaturalist.org/observations/137232780	Animalia	Chordata	Squamata		Gekkonidae	Hemidactylus	Hemidactylus turcicus		SPECIES	Hemidactylus turcicus (Linnaeus, 1758)	Hemidactylus turcicus		US		California	PRESENT		28eb1a3f-1c15-4a95-931a-4af90ecb574d	32.581581	-117.132144							2022-10-01T19:13:24	1	10	2022	5221528	5221528	HUMAN_OBSERVATION	iNaturalist	Observations	137232780		Emelie Traub	2022-10-02T02:28:18	CC_BY_NC_4_0	Emelie Traub	Emelie Traub			2026-02-23T22:12:23.167Z	StillImage	COORDINATE_ROUNDED;CONTINENT_DERIVED_FROM_COORDINATES;TAXON_ID_NOT_FOUND
3923687731	50c9509d-22c7-4a22-a47d-8c48425ef4a7	https://www.inaturalist.org/observations/136653310	Animalia	Chordata	Squamata		Gekkonidae	Hemidactylus	Hemidactylus turcicus		SPECIES	Hemidactylus turcicus (Linnaeus, 1758)	Hemidactylus turcicus		US		California	PRESENT		28eb1a3f-1c15-4a95-931a-4af90ecb574d	34.104277	-117.04632	28874.0						2022-09-26T20:15:08	26	9	2022	5221528	5221528	HUMAN_OBSERVATION	iNaturalist	Observations	136653310		Eric Schniter	2022-09-27T03:32:08	CC_BY_4_0	Eric Schniter	Eric Schniter			2026-02-23T22:12:19.246Z		COORDINATE_ROUNDED;CONTINENT_DERIVED_FROM_COORDINATES;TAXON_ID_NOT_FOUND
3923562175	50c9509d-22c7-4a22-a47d-8c48425ef4a7	https://www.inaturalist.org/observations/137109781	Animalia	Chordata	Squamata		Gekkonidae	Hemidactylus	Hemidactylus turcicus		SPECIES	Hemidactylus turcicus (Linnaeus, 1758)	Hemidactylus turcicus		US		California	PRESENT		28eb1a3f-1c15-4a95-931a-4af90ecb574d	35.40262	-119.114053	20.0						2022-09-30T21:28:23	30	9	2022	5221528	5221528	HUMAN_OBSERVATION	iNaturalist	Observations	137109781		schimnowskiz	2022-10-01T04:30:00	CC_BY_NC_4_0	schimnowskiz	schimnowskiz			2026-02-23T22:12:22.060Z	StillImage	COORDINATE_ROUNDED;CONTINENT_DERIVED_FROM_COORDINATES;TAXON_ID_NOT_FOUND
3923460297	50c9509d-22c7-4a22-a47d-8c48425ef4a7	https://www.inaturalist.org/observations/137193646	Animalia	Chordata	Squamata		Gekkonidae	Hemidactylus	Hemidactylus turcicus		SPECIES	Hemidactylus turcicus (Linnaeus, 1758)	Hemidactylus turcicus		US		California	PRESENT		28eb1a3f-1c15-4a95-931a-4af90ecb574d	38.562405	-121.747545	23.0						2022-09-20T21:00:47	20	9	2022	5221528	5221528	HUMAN_OBSERVATION	iNaturalist	Observations	137193646		soilsnoopin	2022-10-01T20:30:52	CC_BY_NC_4_0	soilsnoopin	soilsnoopin			2026-02-24T00:30:45.532Z	StillImage	CONTINENT_DERIVED_FROM_COORDINATES;TAXON_ID_NOT_FOUND
3915625293	50c9509d-22c7-4a22-a47d-8c48425ef4a7	https://www.inaturalist.org/observations/136535326	Animalia	Chordata	Squamata		Gekkonidae	Hemidactylus	Hemidactylus turcicus		SPECIES	Hemidactylus turcicus (Linnaeus, 1758)	Hemidactylus turcicus		US		California	PRESENT		28eb1a3f-1c15-4a95-931a-4af90ecb574d	33.774222	-116.529892	4.0						2022-06-01T20:19:26	1	6	2022	5221528	5221528	HUMAN_OBSERVATION	iNaturalist	Observations	136535326		pinkhouseps	2022-09-26T04:08:25	CC_BY_NC_4_0	pinkhouseps	pinkhouseps			2026-02-23T22:19:58.641Z	StillImage	COORDINATE_ROUNDED;CONTINENT_DERIVED_FROM_COORDINATES;TAXON_ID_NOT_FOUND
3915594278	50c9509d-22c7-4a22-a47d-8c48425ef4a7	https://www.inaturalist.org/observations/136535306	Animalia	Chordata	Squamata		Gekkonidae	Hemidactylus	Hemidactylus turcicus		SPECIES	Hemidactylus turcicus (Linnaeus, 1758)	Hemidactylus turcicus		US		California	PRESENT		28eb1a3f-1c15-4a95-931a-4af90ecb574d	33.77425	-116.530105	4.0						2022-07-06T21:09:15	6	7	2022	5221528	5221528	HUMAN_OBSERVATION	iNaturalist	Observations	136535306		pinkhouseps	2022-09-26T04:07:59	CC_BY_NC_4_0	pinkhouseps	pinkhouseps			2026-02-23T22:12:15.072Z	StillImage	CONTINENT_DERIVED_FROM_COORDINATES;TAXON_ID_NOT_FOUND
3915580218	50c9509d-22c7-4a22-a47d-8c48425ef4a7	https://www.inaturalist.org/observations/136535500	Animalia	Chordata	Squamata		Gekkonidae	Hemidactylus	Hemidactylus turcicus		SPECIES	Hemidactylus turcicus (Linnaeus, 1758)	Hemidactylus turcicus		US		California	PRESENT		28eb1a3f-1c15-4a95-931a-4af90ecb574d	33.774238	-116.530122	33.0						2021-08-03T18:01:33	3	8	2021	5221528	5221528	HUMAN_OBSERVATION	iNaturalist	Observations	136535500		pinkhouseps	2022-09-26T04:10:46	CC_BY_NC_4_0	pinkhouseps	pinkhouseps			2026-02-23T23:38:11.150Z	StillImage	COORDINATE_ROUNDED;CONTINENT_DERIVED_FROM_COORDINATES;TAXON_ID_NOT_FOUND
3915421286	50c9509d-22c7-4a22-a47d-8c48425ef4a7	https://www.inaturalist.org/observations/135992331	Animalia	Chordata	Squamata		Gekkonidae	Hemidactylus	Hemidactylus turcicus		SPECIES	Hemidactylus turcicus (Linnaeus, 1758)	Hemidactylus turcicus		US		California	PRESENT		28eb1a3f-1c15-4a95-931a-4af90ecb574d	37.761847	-121.414963	14.0						2022-09-21T18:50:24	21	9	2022	5221528	5221528	HUMAN_OBSERVATION	iNaturalist	Observations	135992331		balfouri4	2022-09-22T02:10:40	CC_BY_NC_4_0	balfouri4	balfouri4			2026-02-23T23:17:53.625Z	StillImage	COORDINATE_ROUNDED;CONTINENT_DERIVED_FROM_COORDINATES;TAXON_ID_NOT_FOUND
3915415667	50c9509d-22c7-4a22-a47d-8c48425ef4a7	https://www.inaturalist.org/observations/133727710	Animalia	Chordata	Squamata		Gekkonidae	Hemidactylus	Hemidactylus turcicus		SPECIES	Hemidactylus turcicus (Linnaeus, 1758)	Hemidactylus turcicus		US		California	PRESENT		28eb1a3f-1c15-4a95-931a-4af90ecb574d	36.760785	-119.834962	23.0						2022-09-04T21:41:36	4	9	2022	5221528	5221528	HUMAN_OBSERVATION	iNaturalist	Observations	133727710		Ben Machado	2022-09-05T20:21:48	CC_BY_NC_4_0	Seth Faught	Seth Faught			2026-02-23T22:11:38.498Z	StillImage	COORDINATE_ROUNDED;CONTINENT_DERIVED_FROM_COORDINATES;TAXON_ID_NOT_FOUND
3915413788	50c9509d-22c7-4a22-a47d-8c48425ef4a7	https://www.inaturalist.org/observations/135705742	Animalia	Chordata	Squamata		Gekkonidae	Hemidactylus	Hemidactylus turcicus		SPECIES	Hemidactylus turcicus (Linnaeus, 1758)	Hemidactylus turcicus		US		California	PRESENT		28eb1a3f-1c15-4a95-931a-4af90ecb574d	33.100789	-117.000831	13.0						2022-09-19T09:17:44	19	9	2022	5221528	5221528	HUMAN_OBSERVATION	iNaturalist	Observations	135705742		Ben Machado	2022-09-21T00:03:02	CC_BY_NC_4_0	agavelover	agavelover			2026-02-24T00:30:19.239Z	StillImage	COORDINATE_ROUNDED;CONTINENT_DERIVED_FROM_COORDINATES;TAXON_ID_NOT_FOUND
3912324564	50c9509d-22c7-4a22-a47d-8c48425ef4a7	https://www.inaturalist.org/observations/135190191	Animalia	Chordata	Squamata		Gekkonidae	Hemidactylus	Hemidactylus turcicus		SPECIES	Hemidactylus turcicus (Linnaeus, 1758)	Hemidactylus turcicus		US		California	PRESENT		28eb1a3f-1c15-4a95-931a-4af90ecb574d	40.569951	-122.341698	44.0						2022-09-15T16:47:41	15	9	2022	5221528	5221528	HUMAN_OBSERVATION	iNaturalist	Observations	135190191		jolega	2022-09-15T23:53:38	CC_BY_NC_4_0	jolega	jolega			2026-02-23T22:12:00.478Z	StillImage	COORDINATE_ROUNDED;CONTINENT_DERIVED_FROM_COORDINATES;TAXON_ID_NOT_FOUND
3912203006	50c9509d-22c7-4a22-a47d-8c48425ef4a7	https://www.inaturalist.org/observations/135211803	Animalia	Chordata	Squamata		Gekkonidae	Hemidactylus	Hemidactylus turcicus		SPECIES	Hemidactylus turcicus (Linnaeus, 1758)	Hemidactylus turcicus		US		California	PRESENT		28eb1a3f-1c15-4a95-931a-4af90ecb574d	35.36936	-119.145987	49.0						2022-09-14T21:53:11	14	9	2022	5221528	5221528	HUMAN_OBSERVATION	iNaturalist	Observations	135211803		Trey C.	2022-09-16T04:26:49	CC_BY_4_0	Trey C.	Trey C.			2026-02-23T23:17:40.215Z	StillImage	COORDINATE_ROUNDED;CONTINENT_DERIVED_FROM_COORDINATES;TAXON_ID_NOT_FOUND
3903663920	50c9509d-22c7-4a22-a47d-8c48425ef4a7	https://www.inaturalist.org/observations/134255230	Animalia	Chordata	Squamata		Gekkonidae	Hemidactylus	Hemidactylus turcicus		SPECIES	Hemidactylus turcicus (Linnaeus, 1758)	Hemidactylus turcicus		US		California	PRESENT		28eb1a3f-1c15-4a95-931a-4af90ecb574d	35.61863	-117.658792	11.0						2022-09-08T19:33:15	8	9	2022	5221528	5221528	HUMAN_OBSERVATION	iNaturalist	Observations	134255230		elynch4	2022-09-09T02:47:36	CC_BY_NC_4_0	elynch4	elynch4			2026-02-23T23:17:24.206Z	StillImage	COORDINATE_ROUNDED;CONTINENT_DERIVED_FROM_COORDINATES;TAXON_ID_NOT_FOUND
3903627370	50c9509d-22c7-4a22-a47d-8c48425ef4a7	https://www.inaturalist.org/observations/134111576	Animalia	Chordata	Squamata		Gekkonidae	Hemidactylus	Hemidactylus turcicus		SPECIES	Hemidactylus turcicus (Linnaeus, 1758)	Hemidactylus turcicus		US		California	PRESENT		28eb1a3f-1c15-4a95-931a-4af90ecb574d	33.721138	-116.33625	19.0						2022-09-05T09:57:22	5	9	2022	5221528	5221528	HUMAN_OBSERVATION	iNaturalist	Observations	134111576		Sue Shigenaga	2022-09-08T00:16:50	CC_BY_NC_4_0	Sue Shigenaga	Sue Shigenaga			2026-02-23T22:11:43.069Z	StillImage	COORDINATE_ROUNDED;CONTINENT_DERIVED_FROM_COORDINATES;TAXON_ID_NOT_FOUND
3903567430	50c9509d-22c7-4a22-a47d-8c48425ef4a7	https://www.inaturalist.org/observations/134528319	Animalia	Chordata	Squamata		Gekkonidae	Hemidactylus	Hemidactylus turcicus		SPECIES	Hemidactylus turcicus (Linnaeus, 1758)	Hemidactylus turcicus		US		California	PRESENT		28eb1a3f-1c15-4a95-931a-4af90ecb574d	34.145848	-116.08631	13.0						2022-09-06T18:16:30	6	9	2022	5221528	5221528	HUMAN_OBSERVATION	iNaturalist	Observations	134528319		thood	2022-09-11T03:08:28	CC_BY_NC_4_0	thood	thood			2026-02-23T23:17:34.631Z	StillImage	COORDINATE_ROUNDED;CONTINENT_DERIVED_FROM_COORDINATES;TAXON_ID_NOT_FOUND
3903201319	50c9509d-22c7-4a22-a47d-8c48425ef4a7	https://www.inaturalist.org/observations/131898131	Animalia	Chordata	Squamata		Gekkonidae	Hemidactylus	Hemidactylus turcicus		SPECIES	Hemidactylus turcicus (Linnaeus, 1758)	Hemidactylus turcicus		US		California	PRESENT		28eb1a3f-1c15-4a95-931a-4af90ecb574d	35.587677	-119.347733	17.0						2022-08-22T08:56:22	22	8	2022	5221528	5221528	HUMAN_OBSERVATION	iNaturalist	Observations	131898131		Seshboy	2022-08-22T15:56:29	CC_BY_NC_4_0	Seshboy	Seshboy			2026-02-24T00:29:35.364Z	StillImage	COORDINATE_ROUNDED;CONTINENT_DERIVED_FROM_COORDINATES;TAXON_ID_NOT_FOUND
3903131132	50c9509d-22c7-4a22-a47d-8c48425ef4a7	https://www.inaturalist.org/observations/133143641	Animalia	Chordata	Squamata		Gekkonidae	Hemidactylus	Hemidactylus turcicus		SPECIES	Hemidactylus turcicus (Linnaeus, 1758)	Hemidactylus turcicus		US		California	PRESENT		28eb1a3f-1c15-4a95-931a-4af90ecb574d	34.215819	-118.290571	28846.0						2022-08-31T16:16:24	31	8	2022	5221528	5221528	HUMAN_OBSERVATION	iNaturalist	Observations	133143641		Ben Machado	2022-09-03T21:27:03	CC_BY_NC_4_0	engoy	engoy			2026-02-24T00:29:49.143Z	StillImage	COORDINATE_ROUNDED;CONTINENT_DERIVED_FROM_COORDINATES;TAXON_ID_NOT_FOUND
3902715056	50c9509d-22c7-4a22-a47d-8c48425ef4a7	https://www.inaturalist.org/observations/131911418	Animalia	Chordata	Squamata		Gekkonidae	Hemidactylus	Hemidactylus turcicus		SPECIES	Hemidactylus turcicus (Linnaeus, 1758)	Hemidactylus turcicus		US		California	PRESENT		28eb1a3f-1c15-4a95-931a-4af90ecb574d	34.59435	-118.174289	122.0						2022-07-31T12:35:58	31	7	2022	5221528	5221528	HUMAN_OBSERVATION	iNaturalist	Observations	131911418		Ben Machado	2022-08-23T20:06:45	CC_BY_NC_4_0	veiledng_mg	veiledng_mg			2026-02-24T00:29:35.678Z	StillImage	COORDINATE_ROUNDED;CONTINENT_DERIVED_FROM_COORDINATES;TAXON_ID_NOT_FOUND
3902424503	50c9509d-22c7-4a22-a47d-8c48425ef4a7	https://www.inaturalist.org/observations/134132639	Animalia	Chordata	Squamata		Gekkonidae	Hemidactylus	Hemidactylus turcicus		SPECIES	Hemidactylus turcicus (Linnaeus, 1758)	Hemidactylus turcicus		US		California	PRESENT		28eb1a3f-1c15-4a95-931a-4af90ecb574d	37.992503	-121.835512	8.0						2022-09-07T21:19:23	7	9	2022	5221528	5221528	HUMAN_OBSERVATION	iNaturalist	Observations	134132639		nicmahn	2022-09-08T04:20:14	CC_BY_NC_4_0	nicmahn	nicmahn			2026-02-23T23:17:29.445Z	StillImage	COORDINATE_ROUNDED;CONTINENT_DERIVED_FROM_COORDINATES;TAXON_ID_NOT_FOUND
3902419280	50c9509d-22c7-4a22-a47d-8c48425ef4a7	https://www.inaturalist.org/observations/131981537	Animalia	Chordata	Squamata		Gekkonidae	Hemidactylus	Hemidactylus turcicus		SPECIES	Hemidactylus turcicus (Linnaeus, 1758)	Hemidactylus turcicus		US		California	PRESENT		28eb1a3f-1c15-4a95-931a-4af90ecb574d	34.445111	-118.514541	83.0						2022-08-23T00:05:35	23	8	2022	5221528	5221528	HUMAN_OBSERVATION	iNaturalist	Observations	131981537		Rhonda L Broussard	2022-08-23T07:20:09	CC_BY_NC_4_0	chels55	chels55			2026-02-23T23:17:01.918Z	StillImage	COORDINATE_ROUNDED;CONTINENT_DERIVED_FROM_COORDINATES;TAXON_ID_NOT_FOUND
3902330844	50c9509d-22c7-4a22-a47d-8c48425ef4a7	https://www.inaturalist.org/observations/132975191	Animalia	Chordata	Squamata		Gekkonidae	Hemidactylus	Hemidactylus turcicus		SPECIES	Hemidactylus turcicus (Linnaeus, 1758)	Hemidactylus turcicus		US		California	PRESENT		28eb1a3f-1c15-4a95-931a-4af90ecb574d	36.847767	-119.755638	3.0						2022-08-28T17:04:25	28	8	2022	5221528	5221528	HUMAN_OBSERVATION	iNaturalist	Observations	132975191		greengrassgorl	2022-08-30T17:47:09	CC_BY_NC_4_0	greengrassgorl	greengrassgorl			2026-02-23T22:11:23.682Z	StillImage	COORDINATE_ROUNDED;CONTINENT_DERIVED_FROM_COORDINATES;TAXON_ID_NOT_FOUND
3902242692	50c9509d-22c7-4a22-a47d-8c48425ef4a7	https://www.inaturalist.org/observations/132909442	Animalia	Chordata	Squamata		Gekkonidae	Hemidactylus	Hemidactylus turcicus		SPECIES	Hemidactylus turcicus (Linnaeus, 1758)	Hemidactylus turcicus		US		California	PRESENT		28eb1a3f-1c15-4a95-931a-4af90ecb574d	34.019299	-117.814291	28874.0						2022-08-28T17:24:30	28	8	2022	5221528	5221528	HUMAN_OBSERVATION	iNaturalist	Observations	132909442		Matt Gruen	2022-08-30T03:47:45	CC_BY_NC_4_0	Matt Gruen	Matt Gruen			2026-02-23T23:17:10.584Z		COORDINATE_ROUNDED;CONTINENT_DERIVED_FROM_COORDINATES;TAXON_ID_NOT_FOUND
3892576463	50c9509d-22c7-4a22-a47d-8c48425ef4a7	https://www.inaturalist.org/observations/127929095	Animalia	Chordata	Squamata		Gekkonidae	Hemidactylus	Hemidactylus turcicus		SPECIES	Hemidactylus turcicus (Linnaeus, 1758)	Hemidactylus turcicus		US		California	PRESENT		28eb1a3f-1c15-4a95-931a-4af90ecb574d	32.836959	-116.926309	93.0						2022-07-19T20:31	19	7	2022	5221528	5221528	HUMAN_OBSERVATION	iNaturalist	Observations	127929095		Greg Pauly	2022-07-27T01:01:13	CC_BY_NC_4_0	Whitney333	Whitney333			2026-02-23T23:15:56.399Z	StillImage	COORDINATE_ROUNDED;CONTINENT_DERIVED_FROM_COORDINATES;TAXON_ID_NOT_FOUND
3892507047	50c9509d-22c7-4a22-a47d-8c48425ef4a7	https://www.inaturalist.org/observations/130808572	Animalia	Chordata	Squamata		Gekkonidae	Hemidactylus	Hemidactylus turcicus		SPECIES	Hemidactylus turcicus (Linnaeus, 1758)	Hemidactylus turcicus		US		California	PRESENT		28eb1a3f-1c15-4a95-931a-4af90ecb574d	33.620241	-116.385174	28930.0						2022-08-04T08:30	4	8	2022	5221528	5221528	HUMAN_OBSERVATION	iNaturalist	Observations	130808572		Colin Barrows	2022-08-14T17:15:25	CC0_1_0	Colin Barrows	Colin Barrows			2026-02-23T23:16:42.879Z	StillImage	COORDINATE_ROUNDED;CONTINENT_DERIVED_FROM_COORDINATES;TAXON_ID_NOT_FOUND
3892479862	50c9509d-22c7-4a22-a47d-8c48425ef4a7	https://www.inaturalist.org/observations/130590146	Animalia	Chordata	Squamata		Gekkonidae	Hemidactylus	Hemidactylus turcicus		SPECIES	Hemidactylus turcicus (Linnaeus, 1758)	Hemidactylus turcicus		US		California	PRESENT		28eb1a3f-1c15-4a95-931a-4af90ecb574d	33.817342	-118.183838	7.0						2022-02-09T18:28:49	9	2	2022	5221528	5221528	HUMAN_OBSERVATION	iNaturalist	Observations	130590146		David Hedden	2022-08-13T04:27:27	CC_BY_NC_4_0	David Hedden	David Hedden			2026-02-23T23:16:37.119Z	StillImage	COORDINATE_ROUNDED;CONTINENT_DERIVED_FROM_COORDINATES;TAXON_ID_NOT_FOUND
3889154082	50c9509d-22c7-4a22-a47d-8c48425ef4a7	https://www.inaturalist.org/observations/129502937	Animalia	Chordata	Squamata		Gekkonidae	Hemidactylus	Hemidactylus turcicus		SPECIES	Hemidactylus turcicus (Linnaeus, 1758)	Hemidactylus turcicus		US		California	PRESENT		28eb1a3f-1c15-4a95-931a-4af90ecb574d	34.149575	-117.843737	4.0						2022-08-04T21:01	4	8	2022	5221528	5221528	HUMAN_OBSERVATION	iNaturalist	Observations	129502937		gavitp	2022-08-05T04:07:35	CC_BY_NC_4_0	gavitp	gavitp			2026-02-23T23:16:26.954Z	StillImage	COORDINATE_ROUNDED;CONTINENT_DERIVED_FROM_COORDINATES;TAXON_ID_NOT_FOUND
3888881742	50c9509d-22c7-4a22-a47d-8c48425ef4a7	https://www.inaturalist.org/observations/129360153	Animalia	Chordata	Squamata		Gekkonidae	Hemidactylus	Hemidactylus turcicus		SPECIES	Hemidactylus turcicus (Linnaeus, 1758)	Hemidactylus turcicus		US		California	PRESENT		28eb1a3f-1c15-4a95-931a-4af90ecb574d	39.755853	-121.868872	14.0						2022-08-03T17:15:49	3	8	2022	5221528	5221528	HUMAN_OBSERVATION	iNaturalist	Observations	129360153		korteabs	2022-08-04T01:49:49	CC_BY_NC_4_0	korteabs	korteabs			2026-02-24T00:29:04.918Z	StillImage	COORDINATE_ROUNDED;CONTINENT_DERIVED_FROM_COORDINATES;TAXON_ID_NOT_FOUND
3888741705	50c9509d-22c7-4a22-a47d-8c48425ef4a7	https://www.inaturalist.org/observations/129421180	Animalia	Chordata	Squamata		Gekkonidae	Hemidactylus	Hemidactylus turcicus		SPECIES	Hemidactylus turcicus (Linnaeus, 1758)	Hemidactylus turcicus		US		California	PRESENT		28eb1a3f-1c15-4a95-931a-4af90ecb574d	34.004403	-118.407914	20.0						2022-08-03T21:31	3	8	2022	5221528	5221528	HUMAN_OBSERVATION	iNaturalist	Observations	129421180		Eric N. Rittmeyer	2022-08-04T15:53:25	CC0_1_0	Andy Kleinhesselink	Andy Kleinhesselink			2026-02-23T23:16:22.709Z	StillImage	COORDINATE_ROUNDED;CONTINENT_DERIVED_FROM_COORDINATES;TAXON_ID_NOT_FOUND
3881722612	50c9509d-22c7-4a22-a47d-8c48425ef4a7	https://www.inaturalist.org/observations/128085844	Animalia	Chordata	Squamata		Gekkonidae	Hemidactylus	Hemidactylus turcicus		SPECIES	Hemidactylus turcicus (Linnaeus, 1758)	Hemidactylus turcicus		US		California	PRESENT		28eb1a3f-1c15-4a95-931a-4af90ecb574d	37.758652	-121.422306	22.0						2022-07-26T18:49:13	26	7	2022	5221528	5221528	HUMAN_OBSERVATION	iNaturalist	Observations	128085844		Matt Gruen	2022-07-27T19:42:09	CC_BY_NC_4_0	fercho8	fercho8			2026-02-23T23:16:00.215Z	StillImage	COORDINATE_ROUNDED;CONTINENT_DERIVED_FROM_COORDINATES;TAXON_ID_NOT_FOUND
3881589094	50c9509d-22c7-4a22-a47d-8c48425ef4a7	https://www.inaturalist.org/observations/128417137	Animalia	Chordata	Squamata		Gekkonidae	Hemidactylus	Hemidactylus turcicus		SPECIES	Hemidactylus turcicus (Linnaeus, 1758)	Hemidactylus turcicus		US		California	PRESENT		28eb1a3f-1c15-4a95-931a-4af90ecb574d	34.222938	-118.362555	4.0						2022-07-27T23:00:50	27	7	2022	5221528	5221528	HUMAN_OBSERVATION	iNaturalist	Observations	128417137		Kseniia Marianna Prondzynska	2022-07-29T10:13:59	CC_BY_NC_4_0	Nurse Jen	Nurse Jen			2026-02-23T23:16:03.202Z	StillImage	COORDINATE_ROUNDED;CONTINENT_DERIVED_FROM_COORDINATES;TAXON_ID_NOT_FOUND
3881578367	50c9509d-22c7-4a22-a47d-8c48425ef4a7	https://www.inaturalist.org/observations/97052174	Animalia	Chordata	Squamata		Gekkonidae	Hemidactylus	Hemidactylus turcicus		SPECIES	Hemidactylus turcicus (Linnaeus, 1758)	Hemidactylus turcicus		US		California	PRESENT		28eb1a3f-1c15-4a95-931a-4af90ecb574d	34.087594	-117.330224	491.0						2021-10-02T00:23	2	10	2021	5221528	5221528	HUMAN_OBSERVATION	iNaturalist	Observations	97052174		John G. Phillips	2021-10-05T19:22:39	CC_BY_NC_4_0	Jo'lene Saldivar	Jo'lene Saldivar			2026-02-23T22:02:23.950Z	StillImage	COORDINATE_ROUNDED;CONTINENT_DERIVED_FROM_COORDINATES;TAXON_ID_NOT_FOUND
3881490567	50c9509d-22c7-4a22-a47d-8c48425ef4a7	https://www.inaturalist.org/observations/127913909	Animalia	Chordata	Squamata		Gekkonidae	Hemidactylus	Hemidactylus turcicus		SPECIES	Hemidactylus turcicus (Linnaeus, 1758)	Hemidactylus turcicus		US		California	PRESENT		28eb1a3f-1c15-4a95-931a-4af90ecb574d	33.833253	-116.442887	4.0						2022-07-23T21:41:50	23	7	2022	5221528	5221528	HUMAN_OBSERVATION	iNaturalist	Observations	127913909		Salvador Cabrera	2022-07-27T09:19:35	CC_BY_NC_4_0	lbbrewz	lbbrewz			2026-02-23T23:15:56.375Z	StillImage	COORDINATE_ROUNDED;CONTINENT_DERIVED_FROM_COORDINATES;TAXON_ID_NOT_FOUND
3881478582	50c9509d-22c7-4a22-a47d-8c48425ef4a7	https://www.inaturalist.org/observations/128084796	Animalia	Chordata	Squamata		Gekkonidae	Hemidactylus	Hemidactylus turcicus		SPECIES	Hemidactylus turcicus (Linnaeus, 1758)	Hemidactylus turcicus		US		California	PRESENT		28eb1a3f-1c15-4a95-931a-4af90ecb574d	35.700943	-117.615852	28649.0						2022-07-16T21:33	16	7	2022	5221528	5221528	HUMAN_OBSERVATION	iNaturalist	Observations	128084796		Kolin Campbell	2022-07-27T01:40:51	CC_BY_NC_4_0	Kolin Campbell	Kolin Campbell			2026-02-24T00:28:49.985Z	StillImage	COORDINATE_ROUNDED;CONTINENT_DERIVED_FROM_COORDINATES;TAXON_ID_NOT_FOUND
3881436773	50c9509d-22c7-4a22-a47d-8c48425ef4a7	https://www.inaturalist.org/observations/128210925	Animalia	Chordata	Squamata		Gekkonidae	Hemidactylus	Hemidactylus turcicus		SPECIES	Hemidactylus turcicus (Linnaeus, 1758)	Hemidactylus turcicus		US		California	PRESENT		28eb1a3f-1c15-4a95-931a-4af90ecb574d	36.222876	-119.339021	8.0						2022-07-27T14:12	27	7	2022	5221528	5221528	HUMAN_OBSERVATION	iNaturalist	Observations	128210925		aphelocoman	2022-07-27T22:08:45	CC_BY_NC_4_0	aphelocoman	aphelocoman			2026-02-23T22:10:01.795Z	StillImage	COORDINATE_ROUNDED;CONTINENT_DERIVED_FROM_COORDINATES;TAXON_ID_NOT_FOUND
3873583033	50c9509d-22c7-4a22-a47d-8c48425ef4a7	https://www.inaturalist.org/observations/125800893	Animalia	Chordata	Squamata		Gekkonidae	Hemidactylus	Hemidactylus turcicus		SPECIES	Hemidactylus turcicus (Linnaeus, 1758)	Hemidactylus turcicus		US		California	PRESENT		28eb1a3f-1c15-4a95-931a-4af90ecb574d	34.264838	-118.489967	32.0						2022-07-10T21:23:04	10	7	2022	5221528	5221528	HUMAN_OBSERVATION	iNaturalist	Observations	125800893		ianjamesmadison002	2022-07-11T16:35:58	CC_BY_NC_4_0	ianjamesmadison002	ianjamesmadison002			2026-02-23T22:09:23.956Z	StillImage	COORDINATE_ROUNDED;CONTINENT_DERIVED_FROM_COORDINATES;TAXON_ID_NOT_FOUND
3873490597	50c9509d-22c7-4a22-a47d-8c48425ef4a7	https://www.inaturalist.org/observations/112760662	Animalia	Chordata	Squamata		Gekkonidae	Hemidactylus	Hemidactylus turcicus		SPECIES	Hemidactylus turcicus (Linnaeus, 1758)	Hemidactylus turcicus		US		California	PRESENT		28eb1a3f-1c15-4a95-931a-4af90ecb574d	33.663043	-117.817163	28930.0						2019-10-16T23:58	16	10	2019	5221528	5221528	HUMAN_OBSERVATION	iNaturalist	Observations	112760662		Matt Gruen	2022-04-24T23:41:07	CC_BY_NC_4_0	Matt Gruen	Matt Gruen			2026-02-24T00:25:41.505Z		COORDINATE_ROUNDED;CONTINENT_DERIVED_FROM_COORDINATES;TAXON_ID_NOT_FOUND
3860412961	50c9509d-22c7-4a22-a47d-8c48425ef4a7	https://www.inaturalist.org/observations/120919136	Animalia	Chordata	Squamata		Gekkonidae	Hemidactylus	Hemidactylus turcicus		SPECIES	Hemidactylus turcicus (Linnaeus, 1758)	Hemidactylus turcicus		US		California	PRESENT		28eb1a3f-1c15-4a95-931a-4af90ecb574d	33.688203	-116.312333	9.0						2022-06-07T20:35:05	7	6	2022	5221528	5221528	HUMAN_OBSERVATION	iNaturalist	Observations	120919136		nature1111	2022-06-09T05:23:58	CC_BY_NC_4_0	nature1111	nature1111			2026-02-23T22:07:57.301Z	StillImage	COORDINATE_ROUNDED;CONTINENT_DERIVED_FROM_COORDINATES;TAXON_ID_NOT_FOUND
3860082564	50c9509d-22c7-4a22-a47d-8c48425ef4a7	https://www.inaturalist.org/observations/124104979	Animalia	Chordata	Squamata		Gekkonidae	Hemidactylus	Hemidactylus turcicus		SPECIES	Hemidactylus turcicus (Linnaeus, 1758)	Hemidactylus turcicus		US		California	PRESENT		28eb1a3f-1c15-4a95-931a-4af90ecb574d	33.634051	-116.224724	28930.0						2021-08-24T06:57:46	24	8	2021	5221528	5221528	HUMAN_OBSERVATION	iNaturalist	Observations	124104979		Colin Barrows	2022-06-30T14:49:30	CC_BY_NC_4_0	Tim Bell	Tim Bell			2026-02-24T00:27:54.442Z	StillImage	COORDINATE_ROUNDED;CONTINENT_DERIVED_FROM_COORDINATES;TAXON_ID_NOT_FOUND
3860070979	50c9509d-22c7-4a22-a47d-8c48425ef4a7	https://www.inaturalist.org/observations/112760661	Animalia	Chordata	Squamata		Gekkonidae	Hemidactylus	Hemidactylus turcicus		SPECIES	Hemidactylus turcicus (Linnaeus, 1758)	Hemidactylus turcicus		US		California	PRESENT		28eb1a3f-1c15-4a95-931a-4af90ecb574d	33.683598	-117.886758	28930.0						2019-10-16T23:54	16	10	2019	5221528	5221528	HUMAN_OBSERVATION	iNaturalist	Observations	112760661		Matt Gruen	2022-04-24T23:41:07	CC_BY_NC_4_0	Matt Gruen	Matt Gruen			2026-02-24T00:25:40.134Z		COORDINATE_ROUNDED;CONTINENT_DERIVED_FROM_COORDINATES;TAXON_ID_NOT_FOUND
3859914285	50c9509d-22c7-4a22-a47d-8c48425ef4a7	https://www.inaturalist.org/observations/118985127	Animalia	Chordata	Squamata		Gekkonidae	Hemidactylus	Hemidactylus turcicus		SPECIES	Hemidactylus turcicus (Linnaeus, 1758)	Hemidactylus turcicus		US		California	PRESENT		28eb1a3f-1c15-4a95-931a-4af90ecb574d	33.983868	-116.539213	5456.0						2022-05-27	27	5	2022	5221528	5221528	HUMAN_OBSERVATION	iNaturalist	Observations	118985127		Dan Ward	2022-05-27T23:11:00	CC_BY_NC_4_0	Dan Ward	Dan Ward			2026-02-23T22:07:26.935Z	StillImage	COORDINATE_ROUNDED;CONTINENT_DERIVED_FROM_COORDINATES;TAXON_ID_NOT_FOUND
3859686136	50c9509d-22c7-4a22-a47d-8c48425ef4a7	https://www.inaturalist.org/observations/117094451	Animalia	Chordata	Squamata		Gekkonidae	Hemidactylus	Hemidactylus turcicus		SPECIES	Hemidactylus turcicus (Linnaeus, 1758)	Hemidactylus turcicus		US		California	PRESENT		28eb1a3f-1c15-4a95-931a-4af90ecb574d	36.323231	-119.307349	144.0						2022-05-14T21:17:54	14	5	2022	5221528	5221528	HUMAN_OBSERVATION	iNaturalist	Observations	117094451		leedoolan	2022-05-15T05:58:17	CC_BY_NC_4_0	leedoolan	leedoolan			2026-02-23T23:13:08.727Z	StillImage	COORDINATE_ROUNDED;CONTINENT_DERIVED_FROM_COORDINATES;TAXON_ID_NOT_FOUND
3859417965	50c9509d-22c7-4a22-a47d-8c48425ef4a7	https://www.inaturalist.org/observations/120919067	Animalia	Chordata	Squamata		Gekkonidae	Hemidactylus	Hemidactylus turcicus		SPECIES	Hemidactylus turcicus (Linnaeus, 1758)	Hemidactylus turcicus		US		California	PRESENT		28eb1a3f-1c15-4a95-931a-4af90ecb574d	33.688183	-116.312333	7.0						2022-06-07T20:35:10	7	6	2022	5221528	5221528	HUMAN_OBSERVATION	iNaturalist	Observations	120919067		nature1111	2022-06-09T05:22:50	CC_BY_NC_4_0	nature1111	nature1111			2026-02-24T00:27:11.606Z	StillImage	COORDINATE_ROUNDED;CONTINENT_DERIVED_FROM_COORDINATES;TAXON_ID_NOT_FOUND
3859301002	50c9509d-22c7-4a22-a47d-8c48425ef4a7	https://www.inaturalist.org/observations/123152425	Animalia	Chordata	Squamata		Gekkonidae	Hemidactylus	Hemidactylus turcicus		SPECIES	Hemidactylus turcicus (Linnaeus, 1758)	Hemidactylus turcicus		US		California	PRESENT		28eb1a3f-1c15-4a95-931a-4af90ecb574d	37.996303	-121.997483	4.0						2022-06-23T07:49:08	23	6	2022	5221528	5221528	HUMAN_OBSERVATION	iNaturalist	Observations	123152425		Matthew	2022-06-23T23:18:49	CC_BY_NC_4_0	Matthew	Matthew			2026-02-24T00:27:36.771Z	StillImage	COORDINATE_ROUNDED;CONTINENT_DERIVED_FROM_COORDINATES;TAXON_ID_NOT_FOUND
3859288202	50c9509d-22c7-4a22-a47d-8c48425ef4a7	https://www.inaturalist.org/observations/117554973	Animalia	Chordata	Squamata		Gekkonidae	Hemidactylus	Hemidactylus turcicus		SPECIES	Hemidactylus turcicus (Linnaeus, 1758)	Hemidactylus turcicus		US		California	PRESENT		28eb1a3f-1c15-4a95-931a-4af90ecb574d	32.722205	-115.592998	29066.0						2022-05-17T22:34:13	17	5	2022	5221528	5221528	HUMAN_OBSERVATION	iNaturalist	Observations	117554973		angsdsu	2022-05-18T05:45:37	CC_BY_NC_4_0	angsdsu	angsdsu			2026-02-23T22:07:04.464Z	StillImage	COORDINATE_ROUNDED;CONTINENT_DERIVED_FROM_COORDINATES;TAXON_ID_NOT_FOUND
3858834397	50c9509d-22c7-4a22-a47d-8c48425ef4a7	https://www.inaturalist.org/observations/122602254	Animalia	Chordata	Squamata		Gekkonidae	Hemidactylus	Hemidactylus turcicus		SPECIES	Hemidactylus turcicus (Linnaeus, 1758)	Hemidactylus turcicus		US		California	PRESENT		28eb1a3f-1c15-4a95-931a-4af90ecb574d	34.040016	-117.467148							2022-06-19T20:49:48	19	6	2022	5221528	5221528	HUMAN_OBSERVATION	iNaturalist	Observations	122602254		pita909	2022-06-20T04:00:08	CC_BY_NC_4_0	pita909	pita909			2026-02-23T22:08:20.835Z	StillImage	COORDINATE_ROUNDED;CONTINENT_DERIVED_FROM_COORDINATES;TAXON_ID_NOT_FOUND
3858699454	50c9509d-22c7-4a22-a47d-8c48425ef4a7	https://www.inaturalist.org/observations/122669074	Animalia	Chordata	Squamata		Gekkonidae	Hemidactylus	Hemidactylus turcicus		SPECIES	Hemidactylus turcicus (Linnaeus, 1758)	Hemidactylus turcicus		US		California	PRESENT		28eb1a3f-1c15-4a95-931a-4af90ecb574d	34.011489	-117.365664							2022-06-20T09:23:29	20	6	2022	5221528	5221528	HUMAN_OBSERVATION	iNaturalist	Observations	122669074		kfgg	2022-06-20T16:25:17	CC_BY_NC_4_0	kfgg	kfgg			2026-02-23T22:08:31.689Z	StillImage	COORDINATE_ROUNDED;CONTINENT_DERIVED_FROM_COORDINATES;TAXON_ID_NOT_FOUND
3858546073	50c9509d-22c7-4a22-a47d-8c48425ef4a7	https://www.inaturalist.org/observations/120919046	Animalia	Chordata	Squamata		Gekkonidae	Hemidactylus	Hemidactylus turcicus		SPECIES	Hemidactylus turcicus (Linnaeus, 1758)	Hemidactylus turcicus		US		California	PRESENT		28eb1a3f-1c15-4a95-931a-4af90ecb574d	33.68805	-116.312858	4.0						2022-06-07T20:38:05	7	6	2022	5221528	5221528	HUMAN_OBSERVATION	iNaturalist	Observations	120919046		nature1111	2022-06-09T05:22:17	CC_BY_NC_4_0	nature1111	nature1111			2026-02-24T00:27:07.556Z	StillImage	COORDINATE_ROUNDED;CONTINENT_DERIVED_FROM_COORDINATES;TAXON_ID_NOT_FOUND
3858416968	50c9509d-22c7-4a22-a47d-8c48425ef4a7	https://www.inaturalist.org/observations/120919171	Animalia	Chordata	Squamata		Gekkonidae	Hemidactylus	Hemidactylus turcicus		SPECIES	Hemidactylus turcicus (Linnaeus, 1758)	Hemidactylus turcicus		US		California	PRESENT		28eb1a3f-1c15-4a95-931a-4af90ecb574d	33.688338	-116.312225	5.0						2022-06-07T20:32:49	7	6	2022	5221528	5221528	HUMAN_OBSERVATION	iNaturalist	Observations	120919171		nature1111	2022-06-09T05:24:27	CC_BY_NC_4_0	nature1111	nature1111			2026-02-23T22:07:53.293Z	StillImage	COORDINATE_ROUNDED;CONTINENT_DERIVED_FROM_COORDINATES;TAXON_ID_NOT_FOUND
3858380940	50c9509d-22c7-4a22-a47d-8c48425ef4a7	https://www.inaturalist.org/observations/120919199	Animalia	Chordata	Squamata		Gekkonidae	Hemidactylus	Hemidactylus turcicus		SPECIES	Hemidactylus turcicus (Linnaeus, 1758)	Hemidactylus turcicus		US		California	PRESENT		28eb1a3f-1c15-4a95-931a-4af90ecb574d	33.688337	-116.312217	5.0						2022-06-07T20:30:37	7	6	2022	5221528	5221528	HUMAN_OBSERVATION	iNaturalist	Observations	120919199		nature1111	2022-06-09T05:24:58	CC_BY_NC_4_0	nature1111	nature1111			2026-02-23T22:16:03.415Z	StillImage	COORDINATE_ROUNDED;CONTINENT_DERIVED_FROM_COORDINATES;TAXON_ID_NOT_FOUND
3858351536	50c9509d-22c7-4a22-a47d-8c48425ef4a7	https://www.inaturalist.org/observations/119188774	Animalia	Chordata	Squamata		Gekkonidae	Hemidactylus	Hemidactylus turcicus		SPECIES	Hemidactylus turcicus (Linnaeus, 1758)	Hemidactylus turcicus		US		California	PRESENT		28eb1a3f-1c15-4a95-931a-4af90ecb574d	37.63926	-120.997001	20534.0						2022-05-28	28	5	2022	5221528	5221528	HUMAN_OBSERVATION	iNaturalist	Observations	119188774		jencorrin	2022-05-29T05:04:22	CC_BY_NC_4_0	jencorrin	jencorrin			2026-02-23T22:07:27.146Z	StillImage	CONTINENT_DERIVED_FROM_COORDINATES;TAXON_ID_NOT_FOUND
3802683952	50c9509d-22c7-4a22-a47d-8c48425ef4a7	https://www.inaturalist.org/observations/118134868	Animalia	Chordata	Squamata		Gekkonidae	Hemidactylus	Hemidactylus turcicus		SPECIES	Hemidactylus turcicus (Linnaeus, 1758)	Hemidactylus turcicus		US		Arizona	PRESENT		28eb1a3f-1c15-4a95-931a-4af90ecb574d	35.017572	-114.777327	28734.0						2022-05-21T23:38:03	21	5	2022	5221528	5221528	HUMAN_OBSERVATION	iNaturalist	Observations	118134868		Boaz Benaiah Solorio	2022-05-22T06:59:29	CC_BY_NC_4_0	Boaz Benaiah Solorio	Boaz Benaiah Solorio			2026-02-23T22:07:10.583Z	StillImage	COORDINATE_ROUNDED;CONTINENT_DERIVED_FROM_COORDINATES;TAXON_ID_NOT_FOUND
3802273172	50c9509d-22c7-4a22-a47d-8c48425ef4a7	https://www.inaturalist.org/observations/118253555	Animalia	Chordata	Squamata		Gekkonidae	Hemidactylus	Hemidactylus turcicus		SPECIES	Hemidactylus turcicus (Linnaeus, 1758)	Hemidactylus turcicus		US		California	PRESENT		28eb1a3f-1c15-4a95-931a-4af90ecb574d	33.685242	-116.372383	13.0						2022-05-21T21:24:44	21	5	2022	5221528	5221528	HUMAN_OBSERVATION	iNaturalist	Observations	118253555		Chris Tracy	2022-05-22T20:01:17	CC_BY_NC_4_0	Chris Tracy	Chris Tracy			2026-02-24T00:26:34.553Z	StillImage	COORDINATE_ROUNDED;CONTINENT_DERIVED_FROM_COORDINATES;TAXON_ID_NOT_FOUND
3773376957	50c9509d-22c7-4a22-a47d-8c48425ef4a7	https://www.inaturalist.org/observations/115682327	Animalia	Chordata	Squamata		Gekkonidae	Hemidactylus	Hemidactylus turcicus		SPECIES	Hemidactylus turcicus (Linnaeus, 1758)	Hemidactylus turcicus		US		California	PRESENT		28eb1a3f-1c15-4a95-931a-4af90ecb574d	33.69032	-116.370912	4.0						2022-05-04T20:10:04	4	5	2022	5221528	5221528	HUMAN_OBSERVATION	iNaturalist	Observations	115682327		Chris Tracy	2022-05-06T04:36:21	CC_BY_NC_4_0	Chris Tracy	Chris Tracy			2026-02-23T22:06:28.492Z	StillImage	COORDINATE_ROUNDED;CONTINENT_DERIVED_FROM_COORDINATES;TAXON_ID_NOT_FOUND
3772547182	50c9509d-22c7-4a22-a47d-8c48425ef4a7	https://www.inaturalist.org/observations/114097938	Animalia	Chordata	Squamata		Gekkonidae	Hemidactylus	Hemidactylus turcicus		SPECIES	Hemidactylus turcicus (Linnaeus, 1758)	Hemidactylus turcicus		US		California	PRESENT		28eb1a3f-1c15-4a95-931a-4af90ecb574d	33.815388	-116.525772	27.0						2022-04-30T21:14:58	30	4	2022	5221528	5221528	HUMAN_OBSERVATION	iNaturalist	Observations	114097938		Raphael D Mazor	2022-05-01T21:10:32	CC_BY_NC_4_0	Raphael D Mazor	Raphael D Mazor			2026-02-23T23:12:42.647Z	StillImage	COORDINATE_ROUNDED;CONTINENT_DERIVED_FROM_COORDINATES;TAXON_ID_NOT_FOUND
3764230868	50c9509d-22c7-4a22-a47d-8c48425ef4a7	https://www.inaturalist.org/observations/112760675	Animalia	Chordata	Squamata		Gekkonidae	Hemidactylus	Hemidactylus turcicus		SPECIES	Hemidactylus turcicus (Linnaeus, 1758)	Hemidactylus turcicus		US		California	PRESENT		28eb1a3f-1c15-4a95-931a-4af90ecb574d	33.720587	-117.92875	28930.0						2019-10-17T00:42	17	10	2019	5221528	5221528	HUMAN_OBSERVATION	iNaturalist	Observations	112760675		Matt Gruen	2022-04-24T23:41:10	CC_BY_NC_4_0	Matt Gruen	Matt Gruen			2026-02-23T22:05:48.363Z		COORDINATE_ROUNDED;CONTINENT_DERIVED_FROM_COORDINATES;TAXON_ID_NOT_FOUND
3764223882	50c9509d-22c7-4a22-a47d-8c48425ef4a7	https://www.inaturalist.org/observations/112760669	Animalia	Chordata	Squamata		Gekkonidae	Hemidactylus	Hemidactylus turcicus		SPECIES	Hemidactylus turcicus (Linnaeus, 1758)	Hemidactylus turcicus		US		California	PRESENT		28eb1a3f-1c15-4a95-931a-4af90ecb574d	33.737387	-117.856114	28930.0						2019-10-17T00:09	17	10	2019	5221528	5221528	HUMAN_OBSERVATION	iNaturalist	Observations	112760669		Matt Gruen	2022-04-24T23:41:08	CC_BY_NC_4_0	Matt Gruen	Matt Gruen			2026-02-23T22:05:47.226Z		COORDINATE_ROUNDED;CONTINENT_DERIVED_FROM_COORDINATES;TAXON_ID_NOT_FOUND
3764203854	50c9509d-22c7-4a22-a47d-8c48425ef4a7	https://www.inaturalist.org/observations/112760672	Animalia	Chordata	Squamata		Gekkonidae	Hemidactylus	Hemidactylus turcicus		SPECIES	Hemidactylus turcicus (Linnaeus, 1758)	Hemidactylus turcicus		US		California	PRESENT		28eb1a3f-1c15-4a95-931a-4af90ecb574d	33.718218	-117.908113	28930.0						2019-10-17T00:22	17	10	2019	5221528	5221528	HUMAN_OBSERVATION	iNaturalist	Observations	112760672		Matt Gruen	2022-04-24T23:41:09	CC_BY_NC_4_0	Matt Gruen	Matt Gruen			2026-02-23T22:05:45.828Z		COORDINATE_ROUNDED;CONTINENT_DERIVED_FROM_COORDINATES;TAXON_ID_NOT_FOUND
3764197878	50c9509d-22c7-4a22-a47d-8c48425ef4a7	https://www.inaturalist.org/observations/112760677	Animalia	Chordata	Squamata		Gekkonidae	Hemidactylus	Hemidactylus turcicus		SPECIES	Hemidactylus turcicus (Linnaeus, 1758)	Hemidactylus turcicus		US		California	PRESENT		28eb1a3f-1c15-4a95-931a-4af90ecb574d	33.786189	-117.830955	28930.0						2019-10-17T00:37	17	10	2019	5221528	5221528	HUMAN_OBSERVATION	iNaturalist	Observations	112760677		Matt Gruen	2022-04-24T23:41:10	CC_BY_NC_4_0	Matt Gruen	Matt Gruen			2026-02-23T22:05:47.995Z		COORDINATE_ROUNDED;CONTINENT_DERIVED_FROM_COORDINATES;TAXON_ID_NOT_FOUND
3764158817	50c9509d-22c7-4a22-a47d-8c48425ef4a7	https://www.inaturalist.org/observations/112760680	Animalia	Chordata	Squamata		Gekkonidae	Hemidactylus	Hemidactylus turcicus		SPECIES	Hemidactylus turcicus (Linnaeus, 1758)	Hemidactylus turcicus		US		California	PRESENT		28eb1a3f-1c15-4a95-931a-4af90ecb574d	33.796651	-117.821548	28930.0						2019-10-17T01:03	17	10	2019	5221528	5221528	HUMAN_OBSERVATION	iNaturalist	Observations	112760680		Matt Gruen	2022-04-24T23:41:11	CC_BY_NC_4_0	Matt Gruen	Matt Gruen			2026-02-23T22:05:46.849Z		COORDINATE_ROUNDED;CONTINENT_DERIVED_FROM_COORDINATES;TAXON_ID_NOT_FOUND
3764141868	50c9509d-22c7-4a22-a47d-8c48425ef4a7	https://www.inaturalist.org/observations/112760667	Animalia	Chordata	Squamata		Gekkonidae	Hemidactylus	Hemidactylus turcicus		SPECIES	Hemidactylus turcicus (Linnaeus, 1758)	Hemidactylus turcicus		US		California	PRESENT		28eb1a3f-1c15-4a95-931a-4af90ecb574d	33.636301	-117.808528	28930.0						2019-10-17T00:00	17	10	2019	5221528	5221528	HUMAN_OBSERVATION	iNaturalist	Observations	112760667		Matt Gruen	2022-04-24T23:41:08	CC_BY_NC_4_0	Matt Gruen	Matt Gruen			2026-02-23T22:05:48.180Z		COORDINATE_ROUNDED;CONTINENT_DERIVED_FROM_COORDINATES;TAXON_ID_NOT_FOUND
3764129861	50c9509d-22c7-4a22-a47d-8c48425ef4a7	https://www.inaturalist.org/observations/112760656	Animalia	Chordata	Squamata		Gekkonidae	Hemidactylus	Hemidactylus turcicus		SPECIES	Hemidactylus turcicus (Linnaeus, 1758)	Hemidactylus turcicus		US		California	PRESENT		28eb1a3f-1c15-4a95-931a-4af90ecb574d	33.793683	-117.831782	28930.0						2019-10-16T22:51	16	10	2019	5221528	5221528	HUMAN_OBSERVATION	iNaturalist	Observations	112760656		Matt Gruen	2022-04-24T23:41:05	CC_BY_NC_4_0	Matt Gruen	Matt Gruen			2026-02-24T00:25:36.695Z		COORDINATE_ROUNDED;CONTINENT_DERIVED_FROM_COORDINATES;TAXON_ID_NOT_FOUND
3764104868	50c9509d-22c7-4a22-a47d-8c48425ef4a7	https://www.inaturalist.org/observations/112760678	Animalia	Chordata	Squamata		Gekkonidae	Hemidactylus	Hemidactylus turcicus		SPECIES	Hemidactylus turcicus (Linnaeus, 1758)	Hemidactylus turcicus		US		California	PRESENT		28eb1a3f-1c15-4a95-931a-4af90ecb574d	33.717232	-117.999439	28930.0						2019-10-17T00:59	17	10	2019	5221528	5221528	HUMAN_OBSERVATION	iNaturalist	Observations	112760678		Matt Gruen	2022-04-24T23:41:10	CC_BY_NC_4_0	Matt Gruen	Matt Gruen			2026-02-23T22:05:49.618Z		COORDINATE_ROUNDED;CONTINENT_DERIVED_FROM_COORDINATES;TAXON_ID_NOT_FOUND
3764103873	50c9509d-22c7-4a22-a47d-8c48425ef4a7	https://www.inaturalist.org/observations/112760671	Animalia	Chordata	Squamata		Gekkonidae	Hemidactylus	Hemidactylus turcicus		SPECIES	Hemidactylus turcicus (Linnaeus, 1758)	Hemidactylus turcicus		US		California	PRESENT		28eb1a3f-1c15-4a95-931a-4af90ecb574d	33.730277	-117.888144	28930.0						2019-10-17T00:13	17	10	2019	5221528	5221528	HUMAN_OBSERVATION	iNaturalist	Observations	112760671		Matt Gruen	2022-04-24T23:41:09	CC_BY_NC_4_0	Matt Gruen	Matt Gruen			2026-02-23T22:05:47.438Z		COORDINATE_ROUNDED;CONTINENT_DERIVED_FROM_COORDINATES;TAXON_ID_NOT_FOUND
3764097848	50c9509d-22c7-4a22-a47d-8c48425ef4a7	https://www.inaturalist.org/observations/112760659	Animalia	Chordata	Squamata		Gekkonidae	Hemidactylus	Hemidactylus turcicus		SPECIES	Hemidactylus turcicus (Linnaeus, 1758)	Hemidactylus turcicus		US		California	PRESENT		28eb1a3f-1c15-4a95-931a-4af90ecb574d	33.723803	-117.815653	28930.0						2019-10-16T23:35	16	10	2019	5221528	5221528	HUMAN_OBSERVATION	iNaturalist	Observations	112760659		Matt Gruen	2022-04-24T23:41:06	CC_BY_NC_4_0	Matt Gruen	Matt Gruen			2026-02-23T22:05:50.076Z		COORDINATE_ROUNDED;CONTINENT_DERIVED_FROM_COORDINATES;TAXON_ID_NOT_FOUND
3764089887	50c9509d-22c7-4a22-a47d-8c48425ef4a7	https://www.inaturalist.org/observations/112760668	Animalia	Chordata	Squamata		Gekkonidae	Hemidactylus	Hemidactylus turcicus		SPECIES	Hemidactylus turcicus (Linnaeus, 1758)	Hemidactylus turcicus		US		California	PRESENT		28eb1a3f-1c15-4a95-931a-4af90ecb574d	33.727592	-117.829664	28930.0						2019-10-17T00:09	17	10	2019	5221528	5221528	HUMAN_OBSERVATION	iNaturalist	Observations	112760668		Matt Gruen	2022-04-24T23:41:08	CC_BY_NC_4_0	Matt Gruen	Matt Gruen			2026-02-23T22:05:45.766Z		COORDINATE_ROUNDED;CONTINENT_DERIVED_FROM_COORDINATES;TAXON_ID_NOT_FOUND
3764087865	50c9509d-22c7-4a22-a47d-8c48425ef4a7	https://www.inaturalist.org/observations/112760658	Animalia	Chordata	Squamata		Gekkonidae	Hemidactylus	Hemidactylus turcicus		SPECIES	Hemidactylus turcicus (Linnaeus, 1758)	Hemidactylus turcicus		US		California	PRESENT		28eb1a3f-1c15-4a95-931a-4af90ecb574d	33.794022	-117.928447	28930.0						2019-10-16T23:22	16	10	2019	5221528	5221528	HUMAN_OBSERVATION	iNaturalist	Observations	112760658		Matt Gruen	2022-04-24T23:41:06	CC_BY_NC_4_0	Matt Gruen	Matt Gruen			2026-02-24T00:25:37.074Z		COORDINATE_ROUNDED;CONTINENT_DERIVED_FROM_COORDINATES;TAXON_ID_NOT_FOUND
3759769097	50c9509d-22c7-4a22-a47d-8c48425ef4a7	https://www.inaturalist.org/observations/111603312	Animalia	Chordata	Squamata		Gekkonidae	Hemidactylus	Hemidactylus turcicus		SPECIES	Hemidactylus turcicus (Linnaeus, 1758)	Hemidactylus turcicus		US		California	PRESENT		28eb1a3f-1c15-4a95-931a-4af90ecb574d	33.758237	-116.38147	7.0						2022-04-14T21:34:32	14	4	2022	5221528	5221528	HUMAN_OBSERVATION	iNaturalist	Observations	111603312		roomthily	2022-04-16T17:18:11	CC_BY_NC_4_0	swensmar2	swensmar2			2026-02-24T00:25:18.517Z	StillImage	COORDINATE_ROUNDED;CONTINENT_DERIVED_FROM_COORDINATES;TAXON_ID_NOT_FOUND
3759251687	50c9509d-22c7-4a22-a47d-8c48425ef4a7	https://www.inaturalist.org/observations/110221110	Animalia	Chordata	Squamata		Gekkonidae	Hemidactylus	Hemidactylus turcicus		SPECIES	Hemidactylus turcicus (Linnaeus, 1758)	Hemidactylus turcicus		US		California	PRESENT		28eb1a3f-1c15-4a95-931a-4af90ecb574d	33.664563	-116.300438	891.0						2022-04-02T13:34:14	2	4	2022	5221528	5221528	HUMAN_OBSERVATION	iNaturalist	Observations	110221110		jbparkcity	2022-04-02T21:53:14	CC_BY_NC_4_0	jbparkcity	jbparkcity			2026-02-23T23:11:51.267Z	StillImage	COORDINATE_ROUNDED;CONTINENT_DERIVED_FROM_COORDINATES;TAXON_ID_NOT_FOUND
3747312884	50c9509d-22c7-4a22-a47d-8c48425ef4a7	https://www.inaturalist.org/observations/109169012	Animalia	Chordata	Squamata		Gekkonidae	Hemidactylus	Hemidactylus turcicus		SPECIES	Hemidactylus turcicus (Linnaeus, 1758)	Hemidactylus turcicus		US		California	PRESENT		28eb1a3f-1c15-4a95-931a-4af90ecb574d	36.456488	-116.869253							2022-03-20T10:13:37	20	3	2022	5221528	5221528	HUMAN_OBSERVATION	iNaturalist	Observations	109169012		Aaron Griffing	2022-03-22T01:12:38	CC_BY_NC_4_0	Chalon Boesel	Chalon Boesel			2026-02-23T22:04:57.458Z	StillImage	COORDINATE_ROUNDED;CONTINENT_DERIVED_FROM_COORDINATES;TAXON_ID_NOT_FOUND
3747084738	50c9509d-22c7-4a22-a47d-8c48425ef4a7	https://www.inaturalist.org/observations/108963366	Animalia	Chordata	Squamata		Gekkonidae	Hemidactylus	Hemidactylus turcicus		SPECIES	Hemidactylus turcicus (Linnaeus, 1758)	Hemidactylus turcicus		US		California	PRESENT		28eb1a3f-1c15-4a95-931a-4af90ecb574d	35.416316	-119.084055	9.0						2022-03-19T10:03:23	19	3	2022	5221528	5221528	HUMAN_OBSERVATION	iNaturalist	Observations	108963366		cali-co_kitty	2022-03-19T17:08:56	CC_BY_NC_4_0	cali-co_kitty	cali-co_kitty			2026-02-23T23:11:32.981Z	StillImage	COORDINATE_ROUNDED;CONTINENT_DERIVED_FROM_COORDINATES;TAXON_ID_NOT_FOUND
3742972736	50c9509d-22c7-4a22-a47d-8c48425ef4a7	https://www.inaturalist.org/observations/108477281	Animalia	Chordata	Squamata		Gekkonidae	Hemidactylus	Hemidactylus turcicus		SPECIES	Hemidactylus turcicus (Linnaeus, 1758)	Hemidactylus turcicus		US		California	PRESENT		28eb1a3f-1c15-4a95-931a-4af90ecb574d	36.437668	-116.836503	28534.0						2022-03-12T10:48:11	12	3	2022	5221528	5221528	HUMAN_OBSERVATION	iNaturalist	Observations	108477281		Kenny Hooker	2022-03-13T02:18:04	CC_BY_NC_4_0	Kenny Hooker	Kenny Hooker			2026-02-23T22:04:58.472Z	StillImage	COORDINATE_ROUNDED;CONTINENT_DERIVED_FROM_COORDINATES;TAXON_ID_NOT_FOUND
3705524751	50c9509d-22c7-4a22-a47d-8c48425ef4a7	https://www.inaturalist.org/observations/107596391	Animalia	Chordata	Squamata		Gekkonidae	Hemidactylus	Hemidactylus turcicus		SPECIES	Hemidactylus turcicus (Linnaeus, 1758)	Hemidactylus turcicus		US		California	PRESENT		28eb1a3f-1c15-4a95-931a-4af90ecb574d	35.521395	-118.90628	37151.0						2022-02-27T14:57:03Z	27	2	2022	5221528	5221528	HUMAN_OBSERVATION	iNaturalist	Observations	107596391		rainypoprocks	2022-02-28T07:49:02	CC_BY_NC_4_0	rainypoprocks	rainypoprocks			2026-02-24T00:24:34.850Z	StillImage	COORDINATE_ROUNDED;CONTINENT_DERIVED_FROM_COORDINATES;TAXON_ID_NOT_FOUND
3466427119	50c9509d-22c7-4a22-a47d-8c48425ef4a7	https://www.inaturalist.org/observations/105942898	Animalia	Chordata	Squamata		Gekkonidae	Hemidactylus	Hemidactylus turcicus		SPECIES	Hemidactylus turcicus (Linnaeus, 1758)	Hemidactylus turcicus		US		California	PRESENT		28eb1a3f-1c15-4a95-931a-4af90ecb574d	33.759362	-116.436645	4.0						2022-01-31T11:33:51	31	1	2022	5221528	5221528	HUMAN_OBSERVATION	iNaturalist	Observations	105942898		JanePannor	2022-02-01T02:34:26	CC_BY_NC_4_0	JanePannor	JanePannor			2026-02-23T22:04:16.037Z	StillImage	COORDINATE_ROUNDED;CONTINENT_DERIVED_FROM_COORDINATES;TAXON_ID_NOT_FOUND
3456831618	50c9509d-22c7-4a22-a47d-8c48425ef4a7	https://www.inaturalist.org/observations/102762406	Animalia	Chordata	Squamata		Gekkonidae	Hemidactylus	Hemidactylus turcicus		SPECIES	Hemidactylus turcicus (Linnaeus, 1758)	Hemidactylus turcicus		US		California	PRESENT		28eb1a3f-1c15-4a95-931a-4af90ecb574d	33.720313	-116.362397							2021-11-20T21:07:53	20	11	2021	5221528	5221528	HUMAN_OBSERVATION	iNaturalist	Observations	102762406		Chalon Boesel	2021-12-09T11:46:12	CC_BY_NC_4_0	Chalon Boesel	Chalon Boesel			2026-02-23T22:03:24.301Z	StillImage	COORDINATE_ROUNDED;CONTINENT_DERIVED_FROM_COORDINATES;TAXON_ID_NOT_FOUND
3456825838	50c9509d-22c7-4a22-a47d-8c48425ef4a7	https://www.inaturalist.org/observations/103085516	Animalia	Chordata	Squamata		Gekkonidae	Hemidactylus	Hemidactylus turcicus		SPECIES	Hemidactylus turcicus (Linnaeus, 1758)	Hemidactylus turcicus		US		California	PRESENT		28eb1a3f-1c15-4a95-931a-4af90ecb574d	34.031659	-117.675946	25.0						2021-10-03T18:17:13	3	10	2021	5221528	5221528	HUMAN_OBSERVATION	iNaturalist	Observations	103085516		jag777	2021-12-15T07:33:56	CC_BY_NC_4_0	jag777	jag777			2026-02-24T00:23:37.012Z	StillImage	COORDINATE_ROUNDED;CONTINENT_DERIVED_FROM_COORDINATES;TAXON_ID_NOT_FOUND
3456734704	50c9509d-22c7-4a22-a47d-8c48425ef4a7	https://www.inaturalist.org/observations/102263346	Animalia	Chordata	Squamata		Gekkonidae	Hemidactylus	Hemidactylus turcicus		SPECIES	Hemidactylus turcicus (Linnaeus, 1758)	Hemidactylus turcicus		US		California	PRESENT		28eb1a3f-1c15-4a95-931a-4af90ecb574d	33.793056	-116.414722							2021-11-30T13:50:53	30	11	2021	5221528	5221528	HUMAN_OBSERVATION	iNaturalist	Observations	102263346		David Ashford	2021-11-30T22:02:10	CC_BY_NC_4_0	David Ashford	David Ashford			2026-02-23T23:10:11.027Z	StillImage	COORDINATE_ROUNDED;CONTINENT_DERIVED_FROM_COORDINATES;TAXON_ID_NOT_FOUND
3456415382	50c9509d-22c7-4a22-a47d-8c48425ef4a7	https://www.inaturalist.org/observations/103726513	Animalia	Chordata	Squamata		Gekkonidae	Hemidactylus	Hemidactylus turcicus		SPECIES	Hemidactylus turcicus (Linnaeus, 1758)	Hemidactylus turcicus		US		California	PRESENT		28eb1a3f-1c15-4a95-931a-4af90ecb574d	36.337772	-119.334105	10.0						2021-12-26T14:59:33	26	12	2021	5221528	5221528	HUMAN_OBSERVATION	iNaturalist	Observations	103726513		Stephen Clifford	2021-12-27T01:52:29	CC_BY_NC_4_0	David	David			2026-02-23T23:10:29.013Z	StillImage	COORDINATE_ROUNDED;CONTINENT_DERIVED_FROM_COORDINATES;TAXON_ID_NOT_FOUND
3455931532	50c9509d-22c7-4a22-a47d-8c48425ef4a7	https://www.inaturalist.org/observations/101594557	Animalia	Chordata	Squamata		Gekkonidae	Hemidactylus	Hemidactylus turcicus		SPECIES	Hemidactylus turcicus (Linnaeus, 1758)	Hemidactylus turcicus		US		California	PRESENT		28eb1a3f-1c15-4a95-931a-4af90ecb574d	33.720297	-116.362372							2021-11-19T20:11:09	19	11	2021	5221528	5221528	HUMAN_OBSERVATION	iNaturalist	Observations	101594557		Colin Barrows	2021-11-22T02:32:37	CC_BY_NC_4_0	Chalon Boesel	Chalon Boesel			2026-02-23T23:29:14.356Z	StillImage	COORDINATE_ROUNDED;CONTINENT_DERIVED_FROM_COORDINATES;TAXON_ID_NOT_FOUND
3455854580	50c9509d-22c7-4a22-a47d-8c48425ef4a7	https://www.inaturalist.org/observations/101509128	Animalia	Chordata	Squamata		Gekkonidae	Hemidactylus	Hemidactylus turcicus		SPECIES	Hemidactylus turcicus (Linnaeus, 1758)	Hemidactylus turcicus		US		California	PRESENT		28eb1a3f-1c15-4a95-931a-4af90ecb574d	33.720283	-116.362305	9.0						2021-11-19T18:37:30	19	11	2021	5221528	5221528	HUMAN_OBSERVATION	iNaturalist	Observations	101509128		Colin Barrows	2021-11-22T02:37:35	CC_BY_NC_4_0	Chalon Boesel	Chalon Boesel			2026-02-23T22:03:07.682Z	StillImage	COORDINATE_ROUNDED;CONTINENT_DERIVED_FROM_COORDINATES;TAXON_ID_NOT_FOUND
3455492340	50c9509d-22c7-4a22-a47d-8c48425ef4a7	https://www.inaturalist.org/observations/102440701	Animalia	Chordata	Squamata		Gekkonidae	Hemidactylus	Hemidactylus turcicus		SPECIES	Hemidactylus turcicus (Linnaeus, 1758)	Hemidactylus turcicus		US		California	PRESENT		28eb1a3f-1c15-4a95-931a-4af90ecb574d	34.116867	-116.03205	4.0						2021-12-03T17:26:40	3	12	2021	5221528	5221528	HUMAN_OBSERVATION	iNaturalist	Observations	102440701		Rosendo	2021-12-04T01:46:00	CC_BY_NC_4_0	Rosendo	Rosendo			2026-02-23T23:10:07.715Z	StillImage	COORDINATE_ROUNDED;CONTINENT_DERIVED_FROM_COORDINATES;TAXON_ID_NOT_FOUND
3416101872	50c9509d-22c7-4a22-a47d-8c48425ef4a7	https://www.inaturalist.org/observations/100825043	Animalia	Chordata	Squamata		Gekkonidae	Hemidactylus	Hemidactylus turcicus		SPECIES	Hemidactylus turcicus (Linnaeus, 1758)	Hemidactylus turcicus		US		California	PRESENT		28eb1a3f-1c15-4a95-931a-4af90ecb574d	34.18956	-117.181974	28874.0						2021-11-10T19:51:46	10	11	2021	5221528	5221528	HUMAN_OBSERVATION	iNaturalist	Observations	100825043		Eric Schniter	2021-11-11T03:57:38	CC_BY_4_0	Eric Schniter	Eric Schniter			2026-02-24T00:23:14.607Z		COORDINATE_ROUNDED;CONTINENT_DERIVED_FROM_COORDINATES;TAXON_ID_NOT_FOUND
3415952557	50c9509d-22c7-4a22-a47d-8c48425ef4a7	https://www.inaturalist.org/observations/100795085	Animalia	Chordata	Squamata		Gekkonidae	Hemidactylus	Hemidactylus turcicus		SPECIES	Hemidactylus turcicus (Linnaeus, 1758)	Hemidactylus turcicus		US		California	PRESENT		28eb1a3f-1c15-4a95-931a-4af90ecb574d	33.647085	-116.316389	17308.0						2021-11-10T12:26:42Z	10	11	2021	5221528	5221528	HUMAN_OBSERVATION	iNaturalist	Observations	100795085		rhart3	2021-11-10T20:28:40	CC_BY_NC_4_0	rhart3	rhart3			2026-02-23T23:09:52.741Z	StillImage	COORDINATE_ROUNDED;CONTINENT_DERIVED_FROM_COORDINATES;TAXON_ID_NOT_FOUND
3415909801	50c9509d-22c7-4a22-a47d-8c48425ef4a7	https://www.inaturalist.org/observations/96324190	Animalia	Chordata	Squamata		Gekkonidae	Hemidactylus	Hemidactylus turcicus		SPECIES	Hemidactylus turcicus (Linnaeus, 1758)	Hemidactylus turcicus		US		California	PRESENT		28eb1a3f-1c15-4a95-931a-4af90ecb574d	35.594545	-117.664528	65.0						2021-09-23T23:38:39	23	9	2021	5221528	5221528	HUMAN_OBSERVATION	iNaturalist	Observations	96324190		Kseniia Marianna Prondzynska	2021-09-27T07:02:22	CC_BY_NC_4_0	globalbugwatcher	globalbugwatcher			2026-02-23T23:08:54.617Z	StillImage	COORDINATE_ROUNDED;CONTINENT_DERIVED_FROM_COORDINATES;TAXON_ID_NOT_FOUND
3415808747	50c9509d-22c7-4a22-a47d-8c48425ef4a7	https://www.inaturalist.org/observations/92001591	Animalia	Chordata	Squamata		Gekkonidae	Hemidactylus	Hemidactylus turcicus		SPECIES	Hemidactylus turcicus (Linnaeus, 1758)	Hemidactylus turcicus		US		California	PRESENT		28eb1a3f-1c15-4a95-931a-4af90ecb574d	35.401822	-119.001878	5.0						2021-08-21T11:59:36	21	8	2021	5221528	5221528	HUMAN_OBSERVATION	iNaturalist	Observations	92001591		alexb0000	2021-10-04T04:11:30	CC_BY_NC_4_0	natashacat	natashacat			2026-02-23T22:01:11.911Z	StillImage	COORDINATE_ROUNDED;CONTINENT_DERIVED_FROM_COORDINATES;TAXON_ID_NOT_FOUND
3415785440	50c9509d-22c7-4a22-a47d-8c48425ef4a7	https://www.inaturalist.org/observations/100703324	Animalia	Chordata	Squamata		Gekkonidae	Hemidactylus	Hemidactylus turcicus		SPECIES	Hemidactylus turcicus (Linnaeus, 1758)	Hemidactylus turcicus		US		California	PRESENT		28eb1a3f-1c15-4a95-931a-4af90ecb574d	33.091129	-116.978226							2021-10-27T10:33:06	27	10	2021	5221528	5221528	HUMAN_OBSERVATION	iNaturalist	Observations	100703324		JP Montagne	2021-11-09T17:58:37	CC_BY_NC_4_0	JP Montagne	JP Montagne			2026-02-24T00:23:10.207Z	StillImage	COORDINATE_ROUNDED;CONTINENT_DERIVED_FROM_COORDINATES;TAXON_ID_NOT_FOUND
3408235567	50c9509d-22c7-4a22-a47d-8c48425ef4a7	https://www.inaturalist.org/observations/97211671	Animalia	Chordata	Squamata		Gekkonidae	Hemidactylus	Hemidactylus turcicus		SPECIES	Hemidactylus turcicus (Linnaeus, 1758)	Hemidactylus turcicus		US		California	PRESENT		28eb1a3f-1c15-4a95-931a-4af90ecb574d	34.027666	-117.072667	28874.0						2021-10-04T19:46Z	4	10	2021	5221528	5221528	HUMAN_OBSERVATION	iNaturalist	Observations	97211671		Kseniia Marianna Prondzynska	2021-10-05T12:06:51	CC_BY_4_0	Eric Schniter	Eric Schniter			2026-02-24T00:22:31.670Z		COORDINATE_ROUNDED;CONTINENT_DERIVED_FROM_COORDINATES;TAXON_ID_NOT_FOUND
3407950918	50c9509d-22c7-4a22-a47d-8c48425ef4a7	https://www.inaturalist.org/observations/99913618	Animalia	Chordata	Squamata		Gekkonidae	Hemidactylus	Hemidactylus turcicus		SPECIES	Hemidactylus turcicus (Linnaeus, 1758)	Hemidactylus turcicus		US		California	PRESENT		28eb1a3f-1c15-4a95-931a-4af90ecb574d	34.170138	-118.160225	12.0						2021-10-31T13:51:18	31	10	2021	5221528	5221528	HUMAN_OBSERVATION	iNaturalist	Observations	99913618		Katie Rodriguez	2021-10-31T20:53:32	CC_BY_4_0	Katie Rodriguez	Katie Rodriguez			2026-02-24T00:23:02.301Z	StillImage	COORDINATE_ROUNDED;CONTINENT_DERIVED_FROM_COORDINATES;TAXON_ID_NOT_FOUND
3399240282	50c9509d-22c7-4a22-a47d-8c48425ef4a7	https://www.inaturalist.org/observations/99592899	Animalia	Chordata	Squamata		Gekkonidae	Hemidactylus	Hemidactylus turcicus		SPECIES	Hemidactylus turcicus (Linnaeus, 1758)	Hemidactylus turcicus		US		California	PRESENT		28eb1a3f-1c15-4a95-931a-4af90ecb574d	40.568598	-122.323216	189.0						2021-10-27	27	10	2021	5221528	5221528	HUMAN_OBSERVATION	iNaturalist	Observations	99592899		Paul Freed	2021-10-28T01:40:59	CC_BY_NC_4_0	sarahesanders	sarahesanders			2026-02-24T00:22:59.522Z	StillImage	CONTINENT_DERIVED_FROM_COORDINATES;TAXON_ID_NOT_FOUND
3399125866	50c9509d-22c7-4a22-a47d-8c48425ef4a7	https://www.inaturalist.org/observations/96764698	Animalia	Chordata	Squamata		Gekkonidae	Hemidactylus	Hemidactylus turcicus		SPECIES	Hemidactylus turcicus (Linnaeus, 1758)	Hemidactylus turcicus		US		California	PRESENT		28eb1a3f-1c15-4a95-931a-4af90ecb574d	37.366037	-120.422363	128.0						2021-09-13T22:52:44	13	9	2021	5221528	5221528	HUMAN_OBSERVATION	iNaturalist	Observations	96764698		alexb0000	2021-10-24T04:55:51	CC_BY_NC_4_0	thevernalfool	thevernalfool			2026-02-24T00:22:26.113Z		COORDINATE_ROUNDED;CONTINENT_DERIVED_FROM_COORDINATES;TAXON_ID_NOT_FOUND
3399065224	50c9509d-22c7-4a22-a47d-8c48425ef4a7	https://www.inaturalist.org/observations/99497469	Animalia	Chordata	Squamata		Gekkonidae	Hemidactylus	Hemidactylus turcicus		SPECIES	Hemidactylus turcicus (Linnaeus, 1758)	Hemidactylus turcicus		US		California	PRESENT		28eb1a3f-1c15-4a95-931a-4af90ecb574d	33.829695	-116.547225	18.0						2021-10-24T18:53	24	10	2021	5221528	5221528	HUMAN_OBSERVATION	iNaturalist	Observations	99497469		Kseniia Marianna Prondzynska	2021-10-27T06:13:29	CC_BY_4_0	Heather Dawnstar Sabin	Heather Dawnstar Sabin			2026-02-23T22:02:45.175Z	StillImage	COORDINATE_ROUNDED;CONTINENT_DERIVED_FROM_COORDINATES;TAXON_ID_NOT_FOUND
3398717899	50c9509d-22c7-4a22-a47d-8c48425ef4a7	https://www.inaturalist.org/observations/97072418	Animalia	Chordata	Squamata		Gekkonidae	Hemidactylus	Hemidactylus turcicus		SPECIES	Hemidactylus turcicus (Linnaeus, 1758)	Hemidactylus turcicus		US		California	PRESENT		28eb1a3f-1c15-4a95-931a-4af90ecb574d	35.382179	-119.145859	1053.0						2021-10-02T14:21	2	10	2021	5221528	5221528	HUMAN_OBSERVATION	iNaturalist	Observations	97072418		Trey C.	2021-10-03T21:24:31	CC_BY_4_0	Trey C.	Trey C.			2026-02-23T22:02:21.073Z	StillImage	COORDINATE_ROUNDED;CONTINENT_DERIVED_FROM_COORDINATES;TAXON_ID_NOT_FOUND
3398712201	50c9509d-22c7-4a22-a47d-8c48425ef4a7	https://www.inaturalist.org/observations/98454280	Animalia	Chordata	Squamata		Gekkonidae	Hemidactylus	Hemidactylus turcicus		SPECIES	Hemidactylus turcicus (Linnaeus, 1758)	Hemidactylus turcicus		US		California	PRESENT		28eb1a3f-1c15-4a95-931a-4af90ecb574d	33.830296	-116.545292	1042.0						2021-10-16T19:44	16	10	2021	5221528	5221528	HUMAN_OBSERVATION	iNaturalist	Observations	98454280		K Schneider	2021-10-17T03:51:28	CC_BY_NC_4_0	K Schneider	K Schneider			2026-02-23T22:02:31.282Z	StillImage	COORDINATE_ROUNDED;CONTINENT_DERIVED_FROM_COORDINATES;TAXON_ID_NOT_FOUND
3391345963	50c9509d-22c7-4a22-a47d-8c48425ef4a7	https://www.inaturalist.org/observations/97853637	Animalia	Chordata	Squamata		Gekkonidae	Hemidactylus	Hemidactylus turcicus		SPECIES	Hemidactylus turcicus (Linnaeus, 1758)	Hemidactylus turcicus		US		California	PRESENT		28eb1a3f-1c15-4a95-931a-4af90ecb574d	33.747045	-116.384567	37.0						2021-10-10T18:08:33	10	10	2021	5221528	5221528	HUMAN_OBSERVATION	iNaturalist	Observations	97853637		Kseniia Marianna Prondzynska	2021-10-11T06:19:57	CC_BY_NC_4_0	jdogstevens	jdogstevens			2026-02-23T23:09:15.053Z	StillImage	COORDINATE_ROUNDED;CONTINENT_DERIVED_FROM_COORDINATES;TAXON_ID_NOT_FOUND
3385191889	50c9509d-22c7-4a22-a47d-8c48425ef4a7	https://www.inaturalist.org/observations/96724566	Animalia	Chordata	Squamata		Gekkonidae	Hemidactylus	Hemidactylus turcicus		SPECIES	Hemidactylus turcicus (Linnaeus, 1758)	Hemidactylus turcicus		US		California	PRESENT		28eb1a3f-1c15-4a95-931a-4af90ecb574d	34.433974	-118.423235	23.0						2021-09-30T12:59:29	30	9	2021	5221528	5221528	HUMAN_OBSERVATION	iNaturalist	Observations	96724566		Brandon Troth	2021-09-30T21:00:13	CC_BY_NC_4_0	Brandon Troth	Brandon Troth			2026-02-24T00:22:25.763Z	StillImage	COORDINATE_ROUNDED;CONTINENT_DERIVED_FROM_COORDINATES;TAXON_ID_NOT_FOUND
3385165922	50c9509d-22c7-4a22-a47d-8c48425ef4a7	https://www.inaturalist.org/observations/95831990	Animalia	Chordata	Squamata		Gekkonidae	Hemidactylus	Hemidactylus turcicus		SPECIES	Hemidactylus turcicus (Linnaeus, 1758)	Hemidactylus turcicus		US		California	PRESENT		28eb1a3f-1c15-4a95-931a-4af90ecb574d	33.722245	-116.374456	11864.0						2021-09-21T23:00	21	9	2021	5221528	5221528	HUMAN_OBSERVATION	iNaturalist	Observations	95831990		CAT	2021-09-23T06:10:14	CC_BY_NC_4_0	CAT	CAT			2026-02-23T22:02:02.451Z	StillImage	COORDINATE_ROUNDED;CONTINENT_DERIVED_FROM_COORDINATES;TAXON_ID_NOT_FOUND
3385076485	50c9509d-22c7-4a22-a47d-8c48425ef4a7	https://www.inaturalist.org/observations/96409943	Animalia	Chordata	Squamata		Gekkonidae	Hemidactylus	Hemidactylus turcicus		SPECIES	Hemidactylus turcicus (Linnaeus, 1758)	Hemidactylus turcicus		US		California	PRESENT		28eb1a3f-1c15-4a95-931a-4af90ecb574d	36.914224	-119.046557	613217.0						2021-09-27T14:26	27	9	2021	5221528	5221528	HUMAN_OBSERVATION	iNaturalist	Observations	96409943		amstupid	2021-09-27T21:32:20	CC_BY_NC_4_0	amstupid	amstupid			2026-02-24T00:22:22.170Z	StillImage	COORDINATE_ROUNDED;CONTINENT_DERIVED_FROM_COORDINATES;TAXON_ID_NOT_FOUND
3385045380	50c9509d-22c7-4a22-a47d-8c48425ef4a7	https://www.inaturalist.org/observations/94411733	Animalia	Chordata	Squamata		Gekkonidae	Hemidactylus	Hemidactylus turcicus		SPECIES	Hemidactylus turcicus (Linnaeus, 1758)	Hemidactylus turcicus		US		California	PRESENT		28eb1a3f-1c15-4a95-931a-4af90ecb574d	35.376348	-119.14556	715.0						2021-09-11T00:31:10	11	9	2021	5221528	5221528	HUMAN_OBSERVATION	iNaturalist	Observations	94411733		Trey C.	2021-09-11T07:34:38	CC_BY_4_0	Trey C.	Trey C.			2026-02-23T22:01:40.982Z	StillImage	CONTINENT_DERIVED_FROM_COORDINATES;TAXON_ID_NOT_FOUND
3384742350	50c9509d-22c7-4a22-a47d-8c48425ef4a7	https://www.inaturalist.org/observations/94325923	Animalia	Chordata	Squamata		Gekkonidae	Hemidactylus	Hemidactylus turcicus		SPECIES	Hemidactylus turcicus (Linnaeus, 1758)	Hemidactylus turcicus		US		California	PRESENT		28eb1a3f-1c15-4a95-931a-4af90ecb574d	33.712689	-116.248228	245.0						2021-09-03T22:39Z	3	9	2021	5221528	5221528	HUMAN_OBSERVATION	iNaturalist	Observations	94325923		spoulain	2021-09-10T14:38:58	CC_BY_NC_4_0	spoulain	spoulain			2026-02-23T23:08:22.488Z	StillImage	CONTINENT_DERIVED_FROM_COORDINATES;TAXON_ID_NOT_FOUND
3384675822	50c9509d-22c7-4a22-a47d-8c48425ef4a7	https://www.inaturalist.org/observations/94791613	Animalia	Chordata	Squamata		Gekkonidae	Hemidactylus	Hemidactylus turcicus		SPECIES	Hemidactylus turcicus (Linnaeus, 1758)	Hemidactylus turcicus		US		California	PRESENT		28eb1a3f-1c15-4a95-931a-4af90ecb574d	33.680275	-116.173894	10425.0						2021-09-13T22:26Z	13	9	2021	5221528	5221528	HUMAN_OBSERVATION	iNaturalist	Observations	94791613		Colin Barrows	2021-09-14T15:50:07	CC_BY_NC_4_0	adrianna8a	adrianna8a			2026-02-23T23:08:29.251Z	StillImage	COORDINATE_ROUNDED;CONTINENT_DERIVED_FROM_COORDINATES;TAXON_ID_NOT_FOUND
3384452927	50c9509d-22c7-4a22-a47d-8c48425ef4a7	https://www.inaturalist.org/observations/95793072	Animalia	Chordata	Squamata		Gekkonidae	Hemidactylus	Hemidactylus turcicus		SPECIES	Hemidactylus turcicus (Linnaeus, 1758)	Hemidactylus turcicus		US		California	PRESENT		28eb1a3f-1c15-4a95-931a-4af90ecb574d	33.812767	-116.429639							2021-09-15T18:24	15	9	2021	5221528	5221528	HUMAN_OBSERVATION	iNaturalist	Observations	95793072		Chris W.	2021-09-22T21:56:50	CC_BY_NC_4_0	thansebti	thansebti			2026-02-23T23:08:46.424Z	StillImage	COORDINATE_ROUNDED;CONTINENT_DERIVED_FROM_COORDINATES;TAXON_ID_NOT_FOUND
3384348537	50c9509d-22c7-4a22-a47d-8c48425ef4a7	https://www.inaturalist.org/observations/95502051	Animalia	Chordata	Squamata		Gekkonidae	Hemidactylus	Hemidactylus turcicus		SPECIES	Hemidactylus turcicus (Linnaeus, 1758)	Hemidactylus turcicus		US		California	PRESENT		28eb1a3f-1c15-4a95-931a-4af90ecb574d	33.68246	-116.257063	28930.0						2021-09-17T21:03	17	9	2021	5221528	5221528	HUMAN_OBSERVATION	iNaturalist	Observations	95502051		jprado	2021-09-20T04:10:20	CC_BY_NC_4_0	jprado	jprado			2026-02-24T00:22:11.555Z	StillImage	COORDINATE_ROUNDED;CONTINENT_DERIVED_FROM_COORDINATES;TAXON_ID_NOT_FOUND
3384342546	50c9509d-22c7-4a22-a47d-8c48425ef4a7	https://www.inaturalist.org/observations/61358166	Animalia	Chordata	Squamata		Gekkonidae	Hemidactylus	Hemidactylus turcicus		SPECIES	Hemidactylus turcicus (Linnaeus, 1758)	Hemidactylus turcicus		US		California	PRESENT		28eb1a3f-1c15-4a95-931a-4af90ecb574d	33.589347	-117.664528	65.0						2020-09-22T19:43:06	22	9	2020	5221528	5221528	HUMAN_OBSERVATION	iNaturalist	Observations	61358166		James Parham	2021-03-05T20:30:49	CC_BY_NC_4_0	teacupsteph	teacupsteph			2026-02-23T23:01:09.158Z	StillImage	COORDINATE_ROUNDED;CONTINENT_DERIVED_FROM_COORDINATES;TAXON_ID_NOT_FOUND
3384113616	50c9509d-22c7-4a22-a47d-8c48425ef4a7	https://www.inaturalist.org/observations/96448795	Animalia	Chordata	Squamata		Gekkonidae	Hemidactylus	Hemidactylus turcicus		SPECIES	Hemidactylus turcicus (Linnaeus, 1758)	Hemidactylus turcicus		US		California	PRESENT		28eb1a3f-1c15-4a95-931a-4af90ecb574d	36.705753	-119.905276	28505.0						2021-09-27T20:09:50	27	9	2021	5221528	5221528	HUMAN_OBSERVATION	iNaturalist	Observations	96448795		Rowen	2021-09-28T05:47:33	CC_BY_NC_4_0	Rowen	Rowen			2026-02-24T00:22:18.700Z	StillImage	COORDINATE_ROUNDED;CONTINENT_DERIVED_FROM_COORDINATES;TAXON_ID_NOT_FOUND
3384074988	50c9509d-22c7-4a22-a47d-8c48425ef4a7	https://www.inaturalist.org/observations/95919338	Animalia	Chordata	Squamata		Gekkonidae	Hemidactylus	Hemidactylus turcicus		SPECIES	Hemidactylus turcicus (Linnaeus, 1758)	Hemidactylus turcicus		US		California	PRESENT		28eb1a3f-1c15-4a95-931a-4af90ecb574d	33.761824	-116.393167	486.0						2021-09-22T20:05:08	22	9	2021	5221528	5221528	HUMAN_OBSERVATION	iNaturalist	Observations	95919338		rflanagan	2021-09-24T01:55:47	CC_BY_NC_4_0	rflanagan	rflanagan			2026-02-24T00:22:17.966Z	StillImage	COORDINATE_ROUNDED;CONTINENT_DERIVED_FROM_COORDINATES;TAXON_ID_NOT_FOUND
3384069250	50c9509d-22c7-4a22-a47d-8c48425ef4a7	https://www.inaturalist.org/observations/96084241	Animalia	Chordata	Squamata		Gekkonidae	Hemidactylus	Hemidactylus turcicus		SPECIES	Hemidactylus turcicus (Linnaeus, 1758)	Hemidactylus turcicus		US		California	PRESENT		28eb1a3f-1c15-4a95-931a-4af90ecb574d	33.831282	-116.461817	4.0						2021-09-22T21:16:58	22	9	2021	5221528	5221528	HUMAN_OBSERVATION	iNaturalist	Observations	96084241		daniellemead	2021-09-25T14:20:22	CC_BY_NC_4_0	daniellemead	daniellemead			2026-02-23T23:08:52.653Z	StillImage	COORDINATE_ROUNDED;CONTINENT_DERIVED_FROM_COORDINATES;TAXON_ID_NOT_FOUND
3383956982	50c9509d-22c7-4a22-a47d-8c48425ef4a7	https://www.inaturalist.org/observations/89919253	Animalia	Chordata	Squamata		Gekkonidae	Hemidactylus	Hemidactylus turcicus		SPECIES	Hemidactylus turcicus (Linnaeus, 1758)	Hemidactylus turcicus		US		California	PRESENT		28eb1a3f-1c15-4a95-931a-4af90ecb574d	34.197862	-118.601995	394.0						2021-08-04T09:09:38	4	8	2021	5221528	5221528	HUMAN_OBSERVATION	iNaturalist	Observations	89919253		Tom Kirschey	2021-08-08T07:45:05	CC_BY_NC_4_0	botanicgirl	botanicgirl			2026-02-23T23:07:17.181Z	StillImage	COORDINATE_ROUNDED;CONTINENT_DERIVED_FROM_COORDINATES;TAXON_ID_NOT_FOUND
3383837123	50c9509d-22c7-4a22-a47d-8c48425ef4a7	https://www.inaturalist.org/observations/92427024	Animalia	Chordata	Squamata		Gekkonidae	Hemidactylus	Hemidactylus turcicus		SPECIES	Hemidactylus turcicus (Linnaeus, 1758)	Hemidactylus turcicus		US		California	PRESENT		28eb1a3f-1c15-4a95-931a-4af90ecb574d	36.069814	-119.007247	4.0						2021-08-24T19:26:54	24	8	2021	5221528	5221528	HUMAN_OBSERVATION	iNaturalist	Observations	92427024		Dalia Gonzalez	2021-08-25T02:28:54	CC_BY_NC_4_0	Dalia Gonzalez	Dalia Gonzalez			2026-02-24T00:21:31.479Z	StillImage	COORDINATE_ROUNDED;CONTINENT_DERIVED_FROM_COORDINATES;TAXON_ID_NOT_FOUND
3355081819	50c9509d-22c7-4a22-a47d-8c48425ef4a7	https://www.inaturalist.org/observations/92433670	Animalia	Chordata	Squamata		Gekkonidae	Hemidactylus	Hemidactylus turcicus		SPECIES	Hemidactylus turcicus (Linnaeus, 1758)	Hemidactylus turcicus		US		California	PRESENT		28eb1a3f-1c15-4a95-931a-4af90ecb574d	36.865458	-119.773057	65.0						2021-08-24T21:16:45	24	8	2021	5221528	5221528	HUMAN_OBSERVATION	iNaturalist	Observations	92433670		christian10e	2021-08-25T04:17:03	CC_BY_NC_4_0	christian10e	christian10e			2026-02-23T22:01:15.587Z	StillImage	COORDINATE_ROUNDED;CONTINENT_DERIVED_FROM_COORDINATES;TAXON_ID_NOT_FOUND
3355068696	50c9509d-22c7-4a22-a47d-8c48425ef4a7	https://www.inaturalist.org/observations/90847809	Animalia	Chordata	Squamata		Gekkonidae	Hemidactylus	Hemidactylus turcicus		SPECIES	Hemidactylus turcicus (Linnaeus, 1758)	Hemidactylus turcicus		US		California	PRESENT		28eb1a3f-1c15-4a95-931a-4af90ecb574d	33.848652	-116.492553	17.0						2021-08-11T19:34:13	11	8	2021	5221528	5221528	HUMAN_OBSERVATION	iNaturalist	Observations	90847809		Colin Barrows	2021-08-12T15:01:30	CC_BY_NC_4_0	bellesprit	bellesprit			2026-02-23T22:00:55.787Z	StillImage	COORDINATE_ROUNDED;CONTINENT_DERIVED_FROM_COORDINATES;TAXON_ID_NOT_FOUND
3344102201	50c9509d-22c7-4a22-a47d-8c48425ef4a7	https://www.inaturalist.org/observations/92544264	Animalia	Chordata	Squamata		Gekkonidae	Hemidactylus	Hemidactylus turcicus		SPECIES	Hemidactylus turcicus (Linnaeus, 1758)	Hemidactylus turcicus		US		California	PRESENT		28eb1a3f-1c15-4a95-931a-4af90ecb574d	36.785141	-119.68828	44.0						2021-08-14T22:00:36	14	8	2021	5221528	5221528	HUMAN_OBSERVATION	iNaturalist	Observations	92544264		meerkats31	2021-08-26T05:58:16	CC_BY_NC_4_0	meerkats31	meerkats31			2026-02-23T23:07:55.269Z	StillImage	COORDINATE_ROUNDED;CONTINENT_DERIVED_FROM_COORDINATES;TAXON_ID_NOT_FOUND
3343701791	50c9509d-22c7-4a22-a47d-8c48425ef4a7	https://www.inaturalist.org/observations/92123200	Animalia	Chordata	Squamata		Gekkonidae	Hemidactylus	Hemidactylus turcicus		SPECIES	Hemidactylus turcicus (Linnaeus, 1758)	Hemidactylus turcicus		US		California	PRESENT		28eb1a3f-1c15-4a95-931a-4af90ecb574d	33.714322	-116.366067	9.0						2021-08-22T08:43:24	22	8	2021	5221528	5221528	HUMAN_OBSERVATION	iNaturalist	Observations	92123200		envibri	2021-08-22T16:45:42	CC_BY_NC_4_0	envibri	envibri			2026-02-23T22:01:18.507Z	StillImage	COORDINATE_ROUNDED;CONTINENT_DERIVED_FROM_COORDINATES;TAXON_ID_NOT_FOUND
3337843405	50c9509d-22c7-4a22-a47d-8c48425ef4a7	https://www.inaturalist.org/observations/57188938	Animalia	Chordata	Squamata		Gekkonidae	Hemidactylus	Hemidactylus turcicus		SPECIES	Hemidactylus turcicus (Linnaeus, 1758)	Hemidactylus turcicus		US		California	PRESENT		28eb1a3f-1c15-4a95-931a-4af90ecb574d	36.800294	-119.826663	4.0						2020-06-14T21:58:59	14	6	2020	5221528	5221528	HUMAN_OBSERVATION	iNaturalist	Observations	57188938		Aaron Griffing	2021-04-19T01:21:53	CC_BY_NC_4_0	juulvasq	juulvasq			2026-02-24T00:14:00.546Z	StillImage	COORDINATE_ROUNDED;CONTINENT_DERIVED_FROM_COORDINATES;TAXON_ID_NOT_FOUND
3337797881	50c9509d-22c7-4a22-a47d-8c48425ef4a7	https://www.inaturalist.org/observations/90499672	Animalia	Chordata	Squamata		Gekkonidae	Hemidactylus	Hemidactylus turcicus		SPECIES	Hemidactylus turcicus (Linnaeus, 1758)	Hemidactylus turcicus		US		California	PRESENT		28eb1a3f-1c15-4a95-931a-4af90ecb574d	35.22443	-118.994344	28706.0						2015-10-20T19:03:55	20	10	2015	5221528	5221528	HUMAN_OBSERVATION	iNaturalist	Observations	90499672		minamer	2021-08-09T05:02:49	CC_BY_NC_4_0	minamer	minamer			2026-02-23T23:07:33.574Z	StillImage	COORDINATE_ROUNDED;CONTINENT_DERIVED_FROM_COORDINATES;TAXON_ID_NOT_FOUND
3335446097	50c9509d-22c7-4a22-a47d-8c48425ef4a7	https://www.inaturalist.org/observations/89583904	Animalia	Chordata	Squamata		Gekkonidae	Hemidactylus	Hemidactylus turcicus		SPECIES	Hemidactylus turcicus (Linnaeus, 1758)	Hemidactylus turcicus		US		California	PRESENT		28eb1a3f-1c15-4a95-931a-4af90ecb574d	36.824051	-119.69556	7362.0						2021-05-04T23:08:16	4	5	2021	5221528	5221528	HUMAN_OBSERVATION	iNaturalist	Observations	89583904		e_crosland	2021-08-07T21:30:49	CC_BY_NC_4_0	ronaldmcnutt	ronaldmcnutt			2026-02-23T22:00:40.270Z	StillImage	COORDINATE_ROUNDED;CONTINENT_DERIVED_FROM_COORDINATES;TAXON_ID_NOT_FOUND
3335330610	50c9509d-22c7-4a22-a47d-8c48425ef4a7	https://www.inaturalist.org/observations/88905863	Animalia	Chordata	Squamata		Gekkonidae	Hemidactylus	Hemidactylus turcicus		SPECIES	Hemidactylus turcicus (Linnaeus, 1758)	Hemidactylus turcicus		US		California	PRESENT		28eb1a3f-1c15-4a95-931a-4af90ecb574d	36.068316	-119.033391	8.0						2021-07-27T21:29:27	27	7	2021	5221528	5221528	HUMAN_OBSERVATION	iNaturalist	Observations	88905863		John Moore	2021-08-05T03:58:27	CC_BY_NC_4_0	antmedin	antmedin			2026-02-24T00:20:40.518Z	StillImage	COORDINATE_ROUNDED;CONTINENT_DERIVED_FROM_COORDINATES;TAXON_ID_NOT_FOUND
3335249411	50c9509d-22c7-4a22-a47d-8c48425ef4a7	https://www.inaturalist.org/observations/89868687	Animalia	Chordata	Squamata		Gekkonidae	Hemidactylus	Hemidactylus turcicus		SPECIES	Hemidactylus turcicus (Linnaeus, 1758)	Hemidactylus turcicus		US		California	PRESENT		28eb1a3f-1c15-4a95-931a-4af90ecb574d	35.442829	-119.028404	65.0						2021-08-03T20:55:05	3	8	2021	5221528	5221528	HUMAN_OBSERVATION	iNaturalist	Observations	89868687		Casey McCurdy	2021-08-04T03:55:11	CC_BY_NC_4_0	Casey McCurdy	Casey McCurdy			2026-02-23T22:00:42.903Z	StillImage	COORDINATE_ROUNDED;CONTINENT_DERIVED_FROM_COORDINATES;TAXON_ID_NOT_FOUND
3335199377	50c9509d-22c7-4a22-a47d-8c48425ef4a7	https://www.inaturalist.org/observations/89878699	Animalia	Chordata	Squamata		Gekkonidae	Hemidactylus	Hemidactylus turcicus		SPECIES	Hemidactylus turcicus (Linnaeus, 1758)	Hemidactylus turcicus		US		California	PRESENT		28eb1a3f-1c15-4a95-931a-4af90ecb574d	33.974567	-118.045328	22.0						2021-08-03T23:48:43	3	8	2021	5221528	5221528	HUMAN_OBSERVATION	iNaturalist	Observations	89878699		nature_phill	2021-08-04T07:17:31	CC_BY_NC_4_0	nature_phill	nature_phill			2026-02-23T22:00:42.808Z	StillImage	COORDINATE_ROUNDED;CONTINENT_DERIVED_FROM_COORDINATES;TAXON_ID_NOT_FOUND
3335115748	50c9509d-22c7-4a22-a47d-8c48425ef4a7	https://www.inaturalist.org/observations/89263541	Animalia	Chordata	Squamata		Gekkonidae	Hemidactylus	Hemidactylus turcicus		SPECIES	Hemidactylus turcicus (Linnaeus, 1758)	Hemidactylus turcicus		US		California	PRESENT		28eb1a3f-1c15-4a95-931a-4af90ecb574d	33.831356	-116.461774	6.0						2021-07-16T18:45:07	16	7	2021	5221528	5221528	HUMAN_OBSERVATION	iNaturalist	Observations	89263541		daniellemead	2021-07-31T00:32:08	CC_BY_NC_4_0	daniellemead	daniellemead			2026-02-23T22:00:32.957Z	StillImage	COORDINATE_ROUNDED;CONTINENT_DERIVED_FROM_COORDINATES;TAXON_ID_NOT_FOUND
3333067158	50c9509d-22c7-4a22-a47d-8c48425ef4a7	https://www.inaturalist.org/observations/88743392	Animalia	Chordata	Squamata		Gekkonidae	Hemidactylus	Hemidactylus turcicus		SPECIES	Hemidactylus turcicus (Linnaeus, 1758)	Hemidactylus turcicus		US		California	PRESENT		28eb1a3f-1c15-4a95-931a-4af90ecb574d	35.391905	-119.008536	4.0						2021-07-26T14:28:17	26	7	2021	5221528	5221528	HUMAN_OBSERVATION	iNaturalist	Observations	88743392		wingwizard	2021-07-26T21:34:12	CC_BY_NC_4_0	wingwizard	wingwizard			2026-02-23T22:00:25.222Z	StillImage	COORDINATE_ROUNDED;CONTINENT_DERIVED_FROM_COORDINATES;TAXON_ID_NOT_FOUND
3333042504	50c9509d-22c7-4a22-a47d-8c48425ef4a7	https://www.inaturalist.org/observations/85720825	Animalia	Chordata	Squamata		Gekkonidae	Hemidactylus	Hemidactylus turcicus		SPECIES	Hemidactylus turcicus (Linnaeus, 1758)	Hemidactylus turcicus		US		California	PRESENT		28eb1a3f-1c15-4a95-931a-4af90ecb574d	33.049321	-117.193453	29012.0						2020-09-11T20:37:08	11	9	2020	5221528	5221528	HUMAN_OBSERVATION	iNaturalist	Observations	85720825		Paul Freed	2021-07-05T16:10:18	CC_BY_NC_4_0	cd8edwards	cd8edwards			2026-02-23T21:59:51.203Z		COORDINATE_ROUNDED;CONTINENT_DERIVED_FROM_COORDINATES;TAXON_ID_NOT_FOUND
3327710202	50c9509d-22c7-4a22-a47d-8c48425ef4a7	https://www.inaturalist.org/observations/86751687	Animalia	Chordata	Squamata		Gekkonidae	Hemidactylus	Hemidactylus turcicus		SPECIES	Hemidactylus turcicus (Linnaeus, 1758)	Hemidactylus turcicus		US		California	PRESENT		28eb1a3f-1c15-4a95-931a-4af90ecb574d	34.530496	-118.102222	28818.0						2021-07-10T20:01	10	7	2021	5221528	5221528	HUMAN_OBSERVATION	iNaturalist	Observations	86751687		William Mason	2021-07-12T18:35:33	CC_BY_NC_4_0	William Mason	William Mason			2026-02-24T00:20:10.115Z	StillImage	COORDINATE_ROUNDED;CONTINENT_DERIVED_FROM_COORDINATES;TAXON_ID_NOT_FOUND
3321110160	50c9509d-22c7-4a22-a47d-8c48425ef4a7	https://www.inaturalist.org/observations/84905538	Animalia	Chordata	Squamata		Gekkonidae	Hemidactylus	Hemidactylus turcicus		SPECIES	Hemidactylus turcicus (Linnaeus, 1758)	Hemidactylus turcicus		US		California	PRESENT		28eb1a3f-1c15-4a95-931a-4af90ecb574d	33.852362	-116.512588	23.0						2021-06-25T23:33:58	25	6	2021	5221528	5221528	HUMAN_OBSERVATION	iNaturalist	Observations	84905538		alexfern	2021-06-28T22:18:01	CC_BY_NC_4_0	alexfern	alexfern			2026-02-24T00:19:44.563Z	StillImage	COORDINATE_ROUNDED;CONTINENT_DERIVED_FROM_COORDINATES;TAXON_ID_NOT_FOUND
3301887086	50c9509d-22c7-4a22-a47d-8c48425ef4a7	https://www.inaturalist.org/observations/80994943	Animalia	Chordata	Squamata		Gekkonidae	Hemidactylus	Hemidactylus turcicus		SPECIES	Hemidactylus turcicus (Linnaeus, 1758)	Hemidactylus turcicus		US		California	PRESENT		28eb1a3f-1c15-4a95-931a-4af90ecb574d	38.690118	-121.774489	70.0						2021-05-30T21:19:58	30	5	2021	5221528	5221528	HUMAN_OBSERVATION	iNaturalist	Observations	80994943		munozbird	2021-05-31T04:28:43	CC_BY_NC_4_0	munozbird	munozbird			2026-02-23T21:58:55.144Z	StillImage	COORDINATE_ROUNDED;CONTINENT_DERIVED_FROM_COORDINATES;TAXON_ID_NOT_FOUND
3301843664	50c9509d-22c7-4a22-a47d-8c48425ef4a7	https://www.inaturalist.org/observations/81662512	Animalia	Chordata	Squamata		Gekkonidae	Hemidactylus	Hemidactylus turcicus		SPECIES	Hemidactylus turcicus (Linnaeus, 1758)	Hemidactylus turcicus		US		California	PRESENT		28eb1a3f-1c15-4a95-931a-4af90ecb574d	34.258598	-118.600014	61.0						2021-06-04T20:00	4	6	2021	5221528	5221528	HUMAN_OBSERVATION	iNaturalist	Observations	81662512		P_OConnor	2021-06-05T04:36:56	CC_BY_NC_4_0	P_OConnor	P_OConnor			2026-02-23T23:05:25.417Z	StillImage	COORDINATE_ROUNDED;CONTINENT_DERIVED_FROM_COORDINATES;TAXON_ID_NOT_FOUND
3124741563	50c9509d-22c7-4a22-a47d-8c48425ef4a7	https://www.inaturalist.org/observations/79077159	Animalia	Chordata	Squamata		Gekkonidae	Hemidactylus	Hemidactylus turcicus		SPECIES	Hemidactylus turcicus (Linnaeus, 1758)	Hemidactylus turcicus		US		California	PRESENT		28eb1a3f-1c15-4a95-931a-4af90ecb574d	37.788695	-122.294094	5.0						2021-05-16T16:03:51	16	5	2021	5221528	5221528	HUMAN_OBSERVATION	iNaturalist	Observations	79077159		Trent	2021-05-16T23:50:34	CC_BY_NC_4_0	delinquentplant	delinquentplant			2026-02-24T00:18:24.522Z	StillImage	COORDINATE_ROUNDED;CONTINENT_DERIVED_FROM_COORDINATES;TAXON_ID_NOT_FOUND
3118280399	50c9509d-22c7-4a22-a47d-8c48425ef4a7	https://www.inaturalist.org/observations/64296520	Animalia	Chordata	Squamata		Gekkonidae	Hemidactylus	Hemidactylus turcicus		SPECIES	Hemidactylus turcicus (Linnaeus, 1758)	Hemidactylus turcicus		US		California	PRESENT		28eb1a3f-1c15-4a95-931a-4af90ecb574d	33.432267	-117.623358	17.0						2020-11-05T23:10:30Z	5	11	2020	5221528	5221528	HUMAN_OBSERVATION	iNaturalist	Observations	64296520		Mason Clark	2020-11-06T15:43:33	CC_BY_NC_4_0	Mason Clark	Mason Clark			2026-02-24T00:15:22.392Z		COORDINATE_ROUNDED;CONTINENT_DERIVED_FROM_COORDINATES;TAXON_ID_NOT_FOUND
3118270615	50c9509d-22c7-4a22-a47d-8c48425ef4a7	https://www.inaturalist.org/observations/78664496	Animalia	Chordata	Squamata		Gekkonidae	Hemidactylus	Hemidactylus turcicus		SPECIES	Hemidactylus turcicus (Linnaeus, 1758)	Hemidactylus turcicus		US		California	PRESENT		28eb1a3f-1c15-4a95-931a-4af90ecb574d	36.858191	-119.709953	152.0						2021-05-04T23:08:16	4	5	2021	5221528	5221528	HUMAN_OBSERVATION	iNaturalist	Observations	78664496		beewastaken	2021-05-14T04:23:49	CC_BY_NC_4_0	beewastaken	beewastaken			2026-02-23T23:04:48.327Z	StillImage	COORDINATE_ROUNDED;CONTINENT_DERIVED_FROM_COORDINATES;TAXON_ID_NOT_FOUND
3118189328	50c9509d-22c7-4a22-a47d-8c48425ef4a7	https://www.inaturalist.org/observations/79232194	Animalia	Chordata	Squamata		Gekkonidae	Hemidactylus	Hemidactylus turcicus		SPECIES	Hemidactylus turcicus (Linnaeus, 1758)	Hemidactylus turcicus		US		California	PRESENT		28eb1a3f-1c15-4a95-931a-4af90ecb574d	32.658326	-117.03529	5666.0						2021-05-12T19:41	12	5	2021	5221528	5221528	HUMAN_OBSERVATION	iNaturalist	Observations	79232194		Kseniia Marianna Prondzynska	2021-05-18T06:23:07	CC_BY_NC_4_0	jocelynm25	jocelynm25			2026-02-23T21:58:30.376Z	StillImage	COORDINATE_ROUNDED;CONTINENT_DERIVED_FROM_COORDINATES;TAXON_ID_NOT_FOUND
3113615463	50c9509d-22c7-4a22-a47d-8c48425ef4a7	https://www.inaturalist.org/observations/78302046	Animalia	Chordata	Squamata		Gekkonidae	Hemidactylus	Hemidactylus turcicus		SPECIES	Hemidactylus turcicus (Linnaeus, 1758)	Hemidactylus turcicus		US		California	PRESENT		28eb1a3f-1c15-4a95-931a-4af90ecb574d	33.72092	-116.336128	5.0						2021-05-10T10:16:24	10	5	2021	5221528	5221528	HUMAN_OBSERVATION	iNaturalist	Observations	78302046		Sue Shigenaga	2021-05-11T01:42:24	CC_BY_NC_4_0	Sue Shigenaga	Sue Shigenaga			2026-02-23T21:58:21.496Z	StillImage	COORDINATE_ROUNDED;CONTINENT_DERIVED_FROM_COORDINATES;TAXON_ID_NOT_FOUND
3113453625	50c9509d-22c7-4a22-a47d-8c48425ef4a7	https://www.inaturalist.org/observations/77710657	Animalia	Chordata	Squamata		Gekkonidae	Hemidactylus	Hemidactylus turcicus		SPECIES	Hemidactylus turcicus (Linnaeus, 1758)	Hemidactylus turcicus		US		California	PRESENT		28eb1a3f-1c15-4a95-931a-4af90ecb574d	32.975076	-115.542091							2021-05-06T21:31:56	6	5	2021	5221528	5221528	HUMAN_OBSERVATION	iNaturalist	Observations	77710657		Bob Miller	2021-05-07T04:36:37	CC_BY_4_0	Bob Miller	Bob Miller			2026-02-23T23:04:38.616Z	StillImage	COORDINATE_ROUNDED;CONTINENT_DERIVED_FROM_COORDINATES;TAXON_ID_NOT_FOUND
3113318174	50c9509d-22c7-4a22-a47d-8c48425ef4a7	https://www.inaturalist.org/observations/78091965	Animalia	Chordata	Squamata		Gekkonidae	Hemidactylus	Hemidactylus turcicus		SPECIES	Hemidactylus turcicus (Linnaeus, 1758)	Hemidactylus turcicus		US		California	PRESENT		28eb1a3f-1c15-4a95-931a-4af90ecb574d	36.316227	-119.33085	274.0						2019-02-09T09:35:34Z	9	2	2019	5221528	5221528	HUMAN_OBSERVATION	iNaturalist	Observations	78091965		wilsonreniers	2021-05-09T17:26:53	CC_BY_NC_4_0	wilsonreniers	wilsonreniers			2026-02-24T00:18:13.832Z	StillImage	COORDINATE_ROUNDED;CONTINENT_DERIVED_FROM_COORDINATES;TAXON_ID_NOT_FOUND
3113250635	50c9509d-22c7-4a22-a47d-8c48425ef4a7	https://www.inaturalist.org/observations/77710608	Animalia	Chordata	Squamata		Gekkonidae	Hemidactylus	Hemidactylus turcicus		SPECIES	Hemidactylus turcicus (Linnaeus, 1758)	Hemidactylus turcicus		US		California	PRESENT		28eb1a3f-1c15-4a95-931a-4af90ecb574d	32.975111	-115.542074							2021-05-06T21:32:38	6	5	2021	5221528	5221528	HUMAN_OBSERVATION	iNaturalist	Observations	77710608		Bob Miller	2021-05-07T04:35:33	CC_BY_4_0	Bob Miller	Bob Miller			2026-02-24T00:18:08.103Z	StillImage	COORDINATE_ROUNDED;CONTINENT_DERIVED_FROM_COORDINATES;TAXON_ID_NOT_FOUND
3112943208	50c9509d-22c7-4a22-a47d-8c48425ef4a7	https://www.inaturalist.org/observations/77233052	Animalia	Chordata	Squamata		Gekkonidae	Hemidactylus	Hemidactylus turcicus		SPECIES	Hemidactylus turcicus (Linnaeus, 1758)	Hemidactylus turcicus		US		California	PRESENT		28eb1a3f-1c15-4a95-931a-4af90ecb574d	34.117894	-117.232719	28874.0						2021-05-03T22:16:05	3	5	2021	5221528	5221528	HUMAN_OBSERVATION	iNaturalist	Observations	77233052		Chelsea E. Martin	2021-05-04T08:29:28	CC_BY_NC_4_0	Chelsea E. Martin	Chelsea E. Martin			2026-02-23T21:58:15.838Z	StillImage	COORDINATE_ROUNDED;CONTINENT_DERIVED_FROM_COORDINATES;TAXON_ID_NOT_FOUND
3112815266	50c9509d-22c7-4a22-a47d-8c48425ef4a7	https://www.inaturalist.org/observations/77278303	Animalia	Chordata	Squamata		Gekkonidae	Hemidactylus	Hemidactylus turcicus		SPECIES	Hemidactylus turcicus (Linnaeus, 1758)	Hemidactylus turcicus		US		California	PRESENT		28eb1a3f-1c15-4a95-931a-4af90ecb574d	34.032437	-117.007198	28874.0						2021-05-03T21:21:43	3	5	2021	5221528	5221528	HUMAN_OBSERVATION	iNaturalist	Observations	77278303		Chelsea E. Martin	2021-05-04T14:55:26	CC_BY_NC_4_0	Chelsea E. Martin	Chelsea E. Martin			2026-02-23T21:58:10.269Z	StillImage	COORDINATE_ROUNDED;CONTINENT_DERIVED_FROM_COORDINATES;TAXON_ID_NOT_FOUND
3112785801	50c9509d-22c7-4a22-a47d-8c48425ef4a7	https://www.inaturalist.org/observations/76820562	Animalia	Chordata	Squamata		Gekkonidae	Hemidactylus	Hemidactylus turcicus		SPECIES	Hemidactylus turcicus (Linnaeus, 1758)	Hemidactylus turcicus		US		California	PRESENT		28eb1a3f-1c15-4a95-931a-4af90ecb574d	33.700553	-116.379539	4.0						2021-05-02T20:10	2	5	2021	5221528	5221528	HUMAN_OBSERVATION	iNaturalist	Observations	76820562		Kseniia Marianna Prondzynska	2021-05-03T04:02:55	CC_BY_NC_4_0	Frank Sterrett	Frank Sterrett			2026-02-24T00:18:01.719Z	StillImage	COORDINATE_ROUNDED;CONTINENT_DERIVED_FROM_COORDINATES;TAXON_ID_NOT_FOUND
3112700515	50c9509d-22c7-4a22-a47d-8c48425ef4a7	https://www.inaturalist.org/observations/75742283	Animalia	Chordata	Squamata		Gekkonidae	Hemidactylus	Hemidactylus turcicus		SPECIES	Hemidactylus turcicus (Linnaeus, 1758)	Hemidactylus turcicus		US		California	PRESENT		28eb1a3f-1c15-4a95-931a-4af90ecb574d	33.781922	-116.443987	4.0						2021-04-29T20:10:23	29	4	2021	5221528	5221528	HUMAN_OBSERVATION	iNaturalist	Observations	75742283		Jim B	2021-04-30T04:00:18	CC_BY_4_0	Jim B	Jim B			2026-02-24T00:17:43.836Z	StillImage	COORDINATE_ROUNDED;CONTINENT_DERIVED_FROM_COORDINATES;TAXON_ID_NOT_FOUND
3112632385	50c9509d-22c7-4a22-a47d-8c48425ef4a7	https://www.inaturalist.org/observations/77278424	Animalia	Chordata	Squamata		Gekkonidae	Hemidactylus	Hemidactylus turcicus		SPECIES	Hemidactylus turcicus (Linnaeus, 1758)	Hemidactylus turcicus		US		California	PRESENT		28eb1a3f-1c15-4a95-931a-4af90ecb574d	34.024646	-117.158396	28874.0						2021-05-03T21:04:11	3	5	2021	5221528	5221528	HUMAN_OBSERVATION	iNaturalist	Observations	77278424		Chelsea E. Martin	2021-05-04T14:56:32	CC_BY_NC_4_0	Chelsea E. Martin	Chelsea E. Martin			2026-02-23T21:58:17.619Z	StillImage	COORDINATE_ROUNDED;CONTINENT_DERIVED_FROM_COORDINATES;TAXON_ID_NOT_FOUND
3112573016	50c9509d-22c7-4a22-a47d-8c48425ef4a7	https://www.inaturalist.org/observations/76149029	Animalia	Chordata	Squamata		Gekkonidae	Hemidactylus	Hemidactylus turcicus		SPECIES	Hemidactylus turcicus (Linnaeus, 1758)	Hemidactylus turcicus		US		California	PRESENT		28eb1a3f-1c15-4a95-931a-4af90ecb574d	33.69167	-116.371308	5.0						2021-04-30T21:37:53	30	4	2021	5221528	5221528	HUMAN_OBSERVATION	iNaturalist	Observations	76149029		Chris Tracy	2021-05-01T14:36:33	CC_BY_NC_4_0	Chris Tracy	Chris Tracy			2026-02-24T00:17:46.909Z	StillImage	COORDINATE_ROUNDED;CONTINENT_DERIVED_FROM_COORDINATES;TAXON_ID_NOT_FOUND
3112472814	50c9509d-22c7-4a22-a47d-8c48425ef4a7	https://www.inaturalist.org/observations/77635817	Animalia	Chordata	Squamata		Gekkonidae	Hemidactylus	Hemidactylus turcicus		SPECIES	Hemidactylus turcicus (Linnaeus, 1758)	Hemidactylus turcicus		US		California	PRESENT		28eb1a3f-1c15-4a95-931a-4af90ecb574d	33.714333	-116.366097	11.0						2021-05-06T10:55:13	6	5	2021	5221528	5221528	HUMAN_OBSERVATION	iNaturalist	Observations	77635817		envibri	2021-05-06T18:10:30	CC_BY_NC_4_0	envibri	envibri			2026-02-24T00:18:04.652Z	StillImage	COORDINATE_ROUNDED;CONTINENT_DERIVED_FROM_COORDINATES;TAXON_ID_NOT_FOUND
3109325338	50c9509d-22c7-4a22-a47d-8c48425ef4a7	https://www.inaturalist.org/observations/75516462	Animalia	Chordata	Squamata		Gekkonidae	Hemidactylus	Hemidactylus turcicus		SPECIES	Hemidactylus turcicus (Linnaeus, 1758)	Hemidactylus turcicus		US		California	PRESENT		28eb1a3f-1c15-4a95-931a-4af90ecb574d	35.41635	-119.0841	3.0						2021-04-27T22:42:49	27	4	2021	5221528	5221528	HUMAN_OBSERVATION	iNaturalist	Observations	75516462		cali-co_kitty	2021-04-28T05:50:22	CC_BY_NC_4_0	cali-co_kitty	cali-co_kitty			2026-02-24T00:17:41.367Z	StillImage	CONTINENT_DERIVED_FROM_COORDINATES;TAXON_ID_NOT_FOUND
3109256092	50c9509d-22c7-4a22-a47d-8c48425ef4a7	https://www.inaturalist.org/observations/75285939	Animalia	Chordata	Squamata		Gekkonidae	Hemidactylus	Hemidactylus turcicus		SPECIES	Hemidactylus turcicus (Linnaeus, 1758)	Hemidactylus turcicus		US		California	PRESENT		28eb1a3f-1c15-4a95-931a-4af90ecb574d	32.994291	-115.538812	65.0						2021-04-25T22:07	25	4	2021	5221528	5221528	HUMAN_OBSERVATION	iNaturalist	Observations	75285939		stefdeleon	2021-04-26T06:01:47	CC_BY_NC_4_0	stefdeleon	stefdeleon			2026-02-23T21:57:49.990Z	StillImage	COORDINATE_ROUNDED;CONTINENT_DERIVED_FROM_COORDINATES;TAXON_ID_NOT_FOUND
3109124484	50c9509d-22c7-4a22-a47d-8c48425ef4a7	https://www.inaturalist.org/observations/75625660	Animalia	Chordata	Squamata		Gekkonidae	Hemidactylus	Hemidactylus turcicus		SPECIES	Hemidactylus turcicus (Linnaeus, 1758)	Hemidactylus turcicus		US		California	PRESENT		28eb1a3f-1c15-4a95-931a-4af90ecb574d	38.688382	-121.777921	27.0						2021-04-28T21:50:25	28	4	2021	5221528	5221528	HUMAN_OBSERVATION	iNaturalist	Observations	75625660		munozbird	2021-04-29T05:00:17	CC_BY_NC_4_0	munozbird	munozbird			2026-02-23T23:04:13.739Z	StillImage	COORDINATE_ROUNDED;CONTINENT_DERIVED_FROM_COORDINATES;TAXON_ID_NOT_FOUND
3109038718	50c9509d-22c7-4a22-a47d-8c48425ef4a7	https://www.inaturalist.org/observations/75060276	Animalia	Chordata	Squamata		Gekkonidae	Hemidactylus	Hemidactylus turcicus		SPECIES	Hemidactylus turcicus (Linnaeus, 1758)	Hemidactylus turcicus		US		California	PRESENT		28eb1a3f-1c15-4a95-931a-4af90ecb574d	33.800725	-116.541053	10.0						2016-04-02T23:54:37	2	4	2016	5221528	5221528	HUMAN_OBSERVATION	iNaturalist	Observations	75060276		chelscook	2021-04-24T18:34:18	CC_BY_NC_4_0	al_bee_shoer	al_bee_shoer			2026-02-23T21:57:50.439Z	StillImage	COORDINATE_ROUNDED;CONTINENT_DERIVED_FROM_COORDINATES;TAXON_ID_NOT_FOUND
3097053583	50c9509d-22c7-4a22-a47d-8c48425ef4a7	https://www.inaturalist.org/observations/73814791	Animalia	Chordata	Squamata		Gekkonidae	Hemidactylus	Hemidactylus turcicus		SPECIES	Hemidactylus turcicus (Linnaeus, 1758)	Hemidactylus turcicus		US		California	PRESENT		28eb1a3f-1c15-4a95-931a-4af90ecb574d	35.349731	-119.033968	6553.0						2021-04-12T21:00:13	12	4	2021	5221528	5221528	HUMAN_OBSERVATION	iNaturalist	Observations	73814791		Aaron Griffing	2021-04-15T02:00:07	CC_BY_NC_4_0	tagarcia	tagarcia			2026-02-23T21:57:36Z	StillImage	COORDINATE_ROUNDED;CONTINENT_DERIVED_FROM_COORDINATES;TAXON_ID_NOT_FOUND
3090838579	50c9509d-22c7-4a22-a47d-8c48425ef4a7	https://www.inaturalist.org/observations/30751596	Animalia	Chordata	Squamata		Gekkonidae	Hemidactylus	Hemidactylus turcicus		SPECIES	Hemidactylus turcicus (Linnaeus, 1758)	Hemidactylus turcicus		US		California	PRESENT		28eb1a3f-1c15-4a95-931a-4af90ecb574d	33.79893	-116.512467	65.0						2019-08-12T21:39:56	12	8	2019	5221528	5221528	HUMAN_OBSERVATION	iNaturalist	Observations	30751596		Stephanie Stragier	2019-08-13T14:43:45	CC_BY_NC_4_0	Stephanie Stragier	Stephanie Stragier			2026-02-23T22:55:24.412Z	StillImage	COORDINATE_ROUNDED;CONTINENT_DERIVED_FROM_COORDINATES;TAXON_ID_NOT_FOUND
3079920561	50c9509d-22c7-4a22-a47d-8c48425ef4a7	https://www.inaturalist.org/observations/72870937	Animalia	Chordata	Squamata		Gekkonidae	Hemidactylus	Hemidactylus turcicus		SPECIES	Hemidactylus turcicus (Linnaeus, 1758)	Hemidactylus turcicus		US		California	PRESENT		28eb1a3f-1c15-4a95-931a-4af90ecb574d	33.817624	-117.922553	50.0						2006-07-22T03:01	22	7	2006	5221528	5221528	HUMAN_OBSERVATION	iNaturalist	Observations	72870937		Ryan Shofner	2021-04-04T07:29:26	CC_BY_NC_4_0	Ryan Shofner	Ryan Shofner			2026-02-23T23:03:37.196Z	StillImage	COORDINATE_ROUNDED;CONTINENT_DERIVED_FROM_COORDINATES;TAXON_ID_NOT_FOUND
3079836181	50c9509d-22c7-4a22-a47d-8c48425ef4a7	https://www.inaturalist.org/observations/73343696	Animalia	Chordata	Squamata		Gekkonidae	Hemidactylus	Hemidactylus turcicus		SPECIES	Hemidactylus turcicus (Linnaeus, 1758)	Hemidactylus turcicus		US		California	PRESENT		28eb1a3f-1c15-4a95-931a-4af90ecb574d	33.78511	-116.446372	8.0						2021-04-08T15:58:47	8	4	2021	5221528	5221528	HUMAN_OBSERVATION	iNaturalist	Observations	73343696		Colin Barrows	2021-04-08T23:56:30	CC_BY_NC_4_0	joemigliore	joemigliore			2026-02-23T23:03:43.489Z	StillImage	COORDINATE_ROUNDED;CONTINENT_DERIVED_FROM_COORDINATES;TAXON_ID_NOT_FOUND
3079689259	50c9509d-22c7-4a22-a47d-8c48425ef4a7	https://www.inaturalist.org/observations/73318209	Animalia	Chordata	Squamata		Gekkonidae	Hemidactylus	Hemidactylus turcicus		SPECIES	Hemidactylus turcicus (Linnaeus, 1758)	Hemidactylus turcicus		US		California	PRESENT		28eb1a3f-1c15-4a95-931a-4af90ecb574d	33.958862	-118.041047	5.0						2020-10-10T21:20:59	10	10	2020	5221528	5221528	HUMAN_OBSERVATION	iNaturalist	Observations	73318209		Mike Meza	2021-04-08T18:03:07	CC_BY_NC_4_0	Mike Meza	Mike Meza			2026-02-23T23:03:44.023Z	StillImage	COORDINATE_ROUNDED;CONTINENT_DERIVED_FROM_COORDINATES;TAXON_ID_NOT_FOUND
3070608959	50c9509d-22c7-4a22-a47d-8c48425ef4a7	https://www.inaturalist.org/observations/42295702	Animalia	Chordata	Squamata		Gekkonidae	Hemidactylus	Hemidactylus turcicus		SPECIES	Hemidactylus turcicus (Linnaeus, 1758)	Hemidactylus turcicus		US		California	PRESENT		28eb1a3f-1c15-4a95-931a-4af90ecb574d	33.770613	-116.469763	299.0						2020-04-15T19:14:11	15	4	2020	5221528	5221528	HUMAN_OBSERVATION	iNaturalist	Observations	42295702		Aaron Griffing	2020-04-16T13:16:47	CC_BY_NC_4_0	Warner Graves	Warner Graves			2026-02-23T23:14:04.824Z	StillImage	COORDINATE_ROUNDED;CONTINENT_DERIVED_FROM_COORDINATES;TAXON_ID_NOT_FOUND
3070599326	50c9509d-22c7-4a22-a47d-8c48425ef4a7	http://www.inaturalist.org/observations/2493808	Animalia	Chordata	Squamata		Gekkonidae	Hemidactylus	Hemidactylus turcicus		SPECIES	Hemidactylus turcicus (Linnaeus, 1758)	Hemidactylus turcicus		US		California	PRESENT		28eb1a3f-1c15-4a95-931a-4af90ecb574d	36.746842	-119.772587	20855.0						2015-12-19	19	12	2015	5221528	5221528	HUMAN_OBSERVATION	iNaturalist	Observations	2493808		Allison Gong	2015-12-21T14:57:50	CC_BY_4_0	Allison Gong	Allison Gong			2026-02-24T00:04:12.639Z	StillImage	CONTINENT_DERIVED_FROM_COORDINATES;TAXON_ID_NOT_FOUND
3070576338	50c9509d-22c7-4a22-a47d-8c48425ef4a7	https://www.inaturalist.org/observations/5251319	Animalia	Chordata	Squamata		Gekkonidae	Hemidactylus	Hemidactylus turcicus		SPECIES	Hemidactylus turcicus (Linnaeus, 1758)	Hemidactylus turcicus		US		California	PRESENT		28eb1a3f-1c15-4a95-931a-4af90ecb574d	33.086447	-117.003352	29012.0						2017-02-04T19:48	4	2	2017	5221528	5221528	HUMAN_OBSERVATION	iNaturalist	Observations	5251319		Eric N. Rittmeyer	2017-03-08T19:55:16	CC_BY_NC_4_0	Nathan	Nathan			2026-02-23T21:45:44.220Z		COORDINATE_ROUNDED;CONTINENT_DERIVED_FROM_COORDINATES;TAXON_ID_NOT_FOUND
3070485755	50c9509d-22c7-4a22-a47d-8c48425ef4a7	https://www.inaturalist.org/observations/72367558	Animalia	Chordata	Squamata		Gekkonidae	Hemidactylus	Hemidactylus turcicus		SPECIES	Hemidactylus turcicus (Linnaeus, 1758)	Hemidactylus turcicus		US		California	PRESENT		28eb1a3f-1c15-4a95-931a-4af90ecb574d	33.71672	-116.269955	28930.0						2021-03-28T21:26	28	3	2021	5221528	5221528	HUMAN_OBSERVATION	iNaturalist	Observations	72367558		Colin Barrows	2021-03-29T15:35:17	CC0_1_0	Colin Barrows	Colin Barrows			2026-02-23T21:57:16.164Z	StillImage	COORDINATE_ROUNDED;CONTINENT_DERIVED_FROM_COORDINATES;TAXON_ID_NOT_FOUND
3070426739	50c9509d-22c7-4a22-a47d-8c48425ef4a7	https://www.inaturalist.org/observations/72142122	Animalia	Chordata	Squamata		Gekkonidae	Hemidactylus	Hemidactylus turcicus		SPECIES	Hemidactylus turcicus (Linnaeus, 1758)	Hemidactylus turcicus		US		California	PRESENT		28eb1a3f-1c15-4a95-931a-4af90ecb574d	33.72745	-116.240862	15.0						2021-03-26T20:47:33	26	3	2021	5221528	5221528	HUMAN_OBSERVATION	iNaturalist	Observations	72142122		victah23	2021-03-27T04:38:18	CC_BY_NC_4_0	victah23	victah23			2026-02-23T21:57:18.209Z	StillImage	COORDINATE_ROUNDED;CONTINENT_DERIVED_FROM_COORDINATES;TAXON_ID_NOT_FOUND
3070336299	50c9509d-22c7-4a22-a47d-8c48425ef4a7	https://www.inaturalist.org/observations/72058637	Animalia	Chordata	Squamata		Gekkonidae	Hemidactylus	Hemidactylus turcicus		SPECIES	Hemidactylus turcicus (Linnaeus, 1758)	Hemidactylus turcicus		US		California	PRESENT		28eb1a3f-1c15-4a95-931a-4af90ecb574d	33.722374	-116.25931	28.0						2021-03-25T12:49:26	25	3	2021	5221528	5221528	HUMAN_OBSERVATION	iNaturalist	Observations	72058637		Rod	2021-03-26T01:15:14	CC0_1_0	Rod	Rod			2026-02-23T23:03:25.670Z	StillImage	CONTINENT_DERIVED_FROM_COORDINATES;TAXON_ID_NOT_FOUND
3067829111	50c9509d-22c7-4a22-a47d-8c48425ef4a7	https://www.inaturalist.org/observations/59022231	Animalia	Chordata	Squamata		Gekkonidae	Hemidactylus	Hemidactylus turcicus		SPECIES	Hemidactylus turcicus (Linnaeus, 1758)	Hemidactylus turcicus		US		California	PRESENT		28eb1a3f-1c15-4a95-931a-4af90ecb574d	35.222094	-119.037377	28706.0						2020-07-09T20:56	9	7	2020	5221528	5221528	HUMAN_OBSERVATION	iNaturalist	Observations	59022231		Trey C.	2020-09-09T05:46:32	CC_BY_4_0	Trey C.	Trey C.			2026-02-24T00:14:23.977Z	StillImage	COORDINATE_ROUNDED;CONTINENT_DERIVED_FROM_COORDINATES;TAXON_ID_NOT_FOUND
3061541603	50c9509d-22c7-4a22-a47d-8c48425ef4a7	https://www.inaturalist.org/observations/71140034	Animalia	Chordata	Squamata		Gekkonidae	Hemidactylus	Hemidactylus turcicus		SPECIES	Hemidactylus turcicus (Linnaeus, 1758)	Hemidactylus turcicus		US		California	PRESENT		28eb1a3f-1c15-4a95-931a-4af90ecb574d	33.840203	-116.543617	16.0						2021-03-13T17:03:28	13	3	2021	5221528	5221528	HUMAN_OBSERVATION	iNaturalist	Observations	71140034		Marius MacEssen	2021-03-13T17:03:48	CC_BY_NC_4_0	Marius MacEssen	Marius MacEssen			2026-02-24T00:16:48.297Z	StillImage	COORDINATE_ROUNDED;CONTINENT_DERIVED_FROM_COORDINATES;TAXON_ID_NOT_FOUND
3059090344	50c9509d-22c7-4a22-a47d-8c48425ef4a7	https://www.inaturalist.org/observations/70484493	Animalia	Chordata	Squamata		Gekkonidae	Hemidactylus	Hemidactylus turcicus		SPECIES	Hemidactylus turcicus (Linnaeus, 1758)	Hemidactylus turcicus		US		California	PRESENT		28eb1a3f-1c15-4a95-931a-4af90ecb574d	34.261467	-118.67388	5.0						2021-03-02T06:02:50Z	2	3	2021	5221528	5221528	HUMAN_OBSERVATION	iNaturalist	Observations	70484493				CC_BY_NC_4_0	elizardbeth	elizardbeth			2026-02-23T23:03:06.398Z	StillImage	COORDINATE_ROUNDED;CONTINENT_DERIVED_FROM_COORDINATES;TAXON_ID_NOT_FOUND
3059079535	50c9509d-22c7-4a22-a47d-8c48425ef4a7	https://www.inaturalist.org/observations/70425257	Animalia	Chordata	Squamata		Gekkonidae	Hemidactylus	Hemidactylus turcicus		SPECIES	Hemidactylus turcicus (Linnaeus, 1758)	Hemidactylus turcicus		US		California	PRESENT		28eb1a3f-1c15-4a95-931a-4af90ecb574d	34.70002	-118.16043							2021-03-01T17:54:05	1	3	2021	5221528	5221528	HUMAN_OBSERVATION	iNaturalist	Observations	70425257		mrtaco747	2021-03-02T01:54:37	CC_BY_NC_4_0	mrtaco747	mrtaco747			2026-02-23T21:56:57.369Z	StillImage	COORDINATE_ROUNDED;CONTINENT_DERIVED_FROM_COORDINATES;TAXON_ID_NOT_FOUND
3058773690	50c9509d-22c7-4a22-a47d-8c48425ef4a7	https://www.inaturalist.org/observations/65829832	Animalia	Chordata	Squamata		Gekkonidae	Hemidactylus	Hemidactylus turcicus		SPECIES	Hemidactylus turcicus (Linnaeus, 1758)	Hemidactylus turcicus		US		California	PRESENT		28eb1a3f-1c15-4a95-931a-4af90ecb574d	34.056917	-117.18502	4.0						2020-11-16T21:21:25	16	11	2020	5221528	5221528	HUMAN_OBSERVATION	iNaturalist	Observations	65829832		Sam Fisher	2021-02-19T15:48:42	CC_BY_NC_4_0	Chelsea E. Martin	Chelsea E. Martin			2026-02-24T00:15:42.592Z	StillImage	COORDINATE_ROUNDED;CONTINENT_DERIVED_FROM_COORDINATES;TAXON_ID_NOT_FOUND
3058748259	50c9509d-22c7-4a22-a47d-8c48425ef4a7	https://www.inaturalist.org/observations/70351273	Animalia	Chordata	Squamata		Gekkonidae	Hemidactylus	Hemidactylus turcicus		SPECIES	Hemidactylus turcicus (Linnaeus, 1758)	Hemidactylus turcicus		US		California	PRESENT		28eb1a3f-1c15-4a95-931a-4af90ecb574d	34.030694	-117.085327	195.0						2021-02-27	27	2	2021	5221528	5221528	HUMAN_OBSERVATION	iNaturalist	Observations	70351273		kaitlynmariah	2021-02-28T22:16:39	CC_BY_NC_4_0	kaitlynmariah	kaitlynmariah			2026-02-24T00:16:38.656Z	StillImage	CONTINENT_DERIVED_FROM_COORDINATES;TAXON_ID_NOT_FOUND
3044883318	50c9509d-22c7-4a22-a47d-8c48425ef4a7	https://www.inaturalist.org/observations/69687766	Animalia	Chordata	Squamata		Gekkonidae	Hemidactylus	Hemidactylus turcicus		SPECIES	Hemidactylus turcicus (Linnaeus, 1758)	Hemidactylus turcicus		US		California	PRESENT		28eb1a3f-1c15-4a95-931a-4af90ecb574d	35.706182	-117.710018	28649.0						2021-02-15T20:45	15	2	2021	5221528	5221528	HUMAN_OBSERVATION	iNaturalist	Observations	69687766		Kolin Campbell	2021-02-16T21:28:07	CC_BY_NC_4_0	Kolin Campbell	Kolin Campbell			2026-02-23T21:56:52.487Z	StillImage	COORDINATE_ROUNDED;CONTINENT_DERIVED_FROM_COORDINATES;TAXON_ID_NOT_FOUND
3044801737	50c9509d-22c7-4a22-a47d-8c48425ef4a7	https://www.inaturalist.org/observations/69886872	Animalia	Chordata	Squamata		Gekkonidae	Hemidactylus	Hemidactylus turcicus		SPECIES	Hemidactylus turcicus (Linnaeus, 1758)	Hemidactylus turcicus		US		California	PRESENT		28eb1a3f-1c15-4a95-931a-4af90ecb574d	33.796208	-116.482987	5.0						2021-02-20T11:08:27	20	2	2021	5221528	5221528	HUMAN_OBSERVATION	iNaturalist	Observations	69886872		Adrian Macedo	2021-02-20T22:57:14	CC_BY_NC_4_0	Adrian Macedo	Adrian Macedo			2026-02-23T23:02:55.086Z	StillImage	COORDINATE_ROUNDED;CONTINENT_DERIVED_FROM_COORDINATES;TAXON_ID_NOT_FOUND
3044706323	50c9509d-22c7-4a22-a47d-8c48425ef4a7	https://www.inaturalist.org/observations/69653217	Animalia	Chordata	Squamata		Gekkonidae	Hemidactylus	Hemidactylus turcicus		SPECIES	Hemidactylus turcicus (Linnaeus, 1758)	Hemidactylus turcicus		US		California	PRESENT		28eb1a3f-1c15-4a95-931a-4af90ecb574d	35.38466	-118.994345	254.0						2019-08-17T13:23:57	17	8	2019	5221528	5221528	HUMAN_OBSERVATION	iNaturalist	Observations	69653217		mrssweetwilly78	2021-02-16T03:30:27	CC_BY_NC_4_0	mrssweetwilly78	mrssweetwilly78			2026-02-24T00:16:31.562Z	StillImage	COORDINATE_ROUNDED;CONTINENT_DERIVED_FROM_COORDINATES;TAXON_ID_NOT_FOUND
3039447074	50c9509d-22c7-4a22-a47d-8c48425ef4a7	https://www.inaturalist.org/observations/69415743	Animalia	Chordata	Squamata		Gekkonidae	Hemidactylus	Hemidactylus turcicus		SPECIES	Hemidactylus turcicus (Linnaeus, 1758)	Hemidactylus turcicus		US		California	PRESENT		28eb1a3f-1c15-4a95-931a-4af90ecb574d	34.094779	-116.512947	66922.0						2021-02-01T21:28:11Z	1	2	2021	5221528	5221528	HUMAN_OBSERVATION	iNaturalist	Observations	69415743		meanbunny	2021-02-11T16:32:05	CC_BY_NC_4_0	meanbunny	meanbunny			2026-02-23T21:56:42.731Z	StillImage	COORDINATE_ROUNDED;CONTINENT_DERIVED_FROM_COORDINATES;TAXON_ID_NOT_FOUND
3018065030	50c9509d-22c7-4a22-a47d-8c48425ef4a7	https://www.inaturalist.org/observations/67590604	Animalia	Chordata	Squamata		Gekkonidae	Hemidactylus	Hemidactylus turcicus		SPECIES	Hemidactylus turcicus (Linnaeus, 1758)	Hemidactylus turcicus		US		California	PRESENT		28eb1a3f-1c15-4a95-931a-4af90ecb574d	34.426333	-117.538324	65.0						2021-01-04T14:38:50Z	4	1	2021	5221528	5221528	HUMAN_OBSERVATION	iNaturalist	Observations	67590604		sbakerhsu	2021-01-04T22:39:07	CC_BY_NC_4_0	sbakerhsu	sbakerhsu			2026-02-24T00:16:02.703Z	StillImage	COORDINATE_ROUNDED;CONTINENT_DERIVED_FROM_COORDINATES;TAXON_ID_NOT_FOUND
3005253069	50c9509d-22c7-4a22-a47d-8c48425ef4a7	https://www.inaturalist.org/observations/66666659	Animalia	Chordata	Squamata		Gekkonidae	Hemidactylus	Hemidactylus turcicus		SPECIES	Hemidactylus turcicus (Linnaeus, 1758)	Hemidactylus turcicus		US		California	PRESENT		28eb1a3f-1c15-4a95-931a-4af90ecb574d	33.830296	-116.545292	14742.0						2020-11-21T11:32	21	11	2020	5221528	5221528	HUMAN_OBSERVATION	iNaturalist	Observations	66666659		makenaralls	2020-12-16T19:32:40	CC_BY_NC_4_0	makenaralls	makenaralls			2026-02-23T21:56:13.352Z	StillImage	COORDINATE_ROUNDED;CONTINENT_DERIVED_FROM_COORDINATES;TAXON_ID_NOT_FOUND
2999137654	50c9509d-22c7-4a22-a47d-8c48425ef4a7	https://www.inaturalist.org/observations/66093912	Animalia	Chordata	Squamata		Gekkonidae	Hemidactylus	Hemidactylus turcicus		SPECIES	Hemidactylus turcicus (Linnaeus, 1758)	Hemidactylus turcicus		US		California	PRESENT		28eb1a3f-1c15-4a95-931a-4af90ecb574d	33.306118	-115.929605	193.0						2019-12-25T08:22:46Z	25	12	2019	5221528	5221528	HUMAN_OBSERVATION	iNaturalist	Observations	66093912		Colin Barrows	2020-12-04T17:04:16	CC_BY_NC_4_0	The Sith	The Sith			2026-02-23T23:02:01.906Z	StillImage	COORDINATE_ROUNDED;CONTINENT_DERIVED_FROM_COORDINATES;TAXON_ID_NOT_FOUND
2988653906	50c9509d-22c7-4a22-a47d-8c48425ef4a7	https://www.inaturalist.org/observations/65570403	Animalia	Chordata	Squamata		Gekkonidae	Hemidactylus	Hemidactylus turcicus		SPECIES	Hemidactylus turcicus (Linnaeus, 1758)	Hemidactylus turcicus		US		California	PRESENT		28eb1a3f-1c15-4a95-931a-4af90ecb574d	36.82636	-119.707669	4.0						2019-09-26T21:08:42	26	9	2019	5221528	5221528	HUMAN_OBSERVATION	iNaturalist	Observations	65570403		Alex Single	2020-11-25T05:14:43	CC_BY_NC_4_0	Alex Single	Alex Single			2026-02-24T00:15:36.505Z	StillImage	COORDINATE_ROUNDED;CONTINENT_DERIVED_FROM_COORDINATES;TAXON_ID_NOT_FOUND
2988425915	50c9509d-22c7-4a22-a47d-8c48425ef4a7	https://www.inaturalist.org/observations/65591024	Animalia	Chordata	Squamata		Gekkonidae	Hemidactylus	Hemidactylus turcicus		SPECIES	Hemidactylus turcicus (Linnaeus, 1758)	Hemidactylus turcicus		US		California	PRESENT		28eb1a3f-1c15-4a95-931a-4af90ecb574d	33.778767	-116.435805	6.0						2020-11-23T10:03:11Z	23	11	2020	5221528	5221528	HUMAN_OBSERVATION	iNaturalist	Observations	65591024		upchuck	2020-11-25T17:19:59	CC_BY_NC_4_0	upchuck	upchuck			2026-02-23T23:02:00.547Z	StillImage	COORDINATE_ROUNDED;CONTINENT_DERIVED_FROM_COORDINATES;TAXON_ID_NOT_FOUND
2984531089	50c9509d-22c7-4a22-a47d-8c48425ef4a7	https://www.inaturalist.org/observations/64750708	Animalia	Chordata	Squamata		Gekkonidae	Hemidactylus	Hemidactylus turcicus		SPECIES	Hemidactylus turcicus (Linnaeus, 1758)	Hemidactylus turcicus		US		California	PRESENT		28eb1a3f-1c15-4a95-931a-4af90ecb574d	34.209703	-118.362197	106.0						2020-11-12T13:27:47Z	12	11	2020	5221528	5221528	HUMAN_OBSERVATION	iNaturalist	Observations	64750708		amerikson	2020-11-12T21:28:54	CC_BY_NC_4_0	amerikson	amerikson			2026-02-23T21:55:48.948Z	StillImage	COORDINATE_ROUNDED;CONTINENT_DERIVED_FROM_COORDINATES;TAXON_ID_NOT_FOUND
2963760016	50c9509d-22c7-4a22-a47d-8c48425ef4a7	https://www.inaturalist.org/observations/63645669	Animalia	Chordata	Squamata		Gekkonidae	Hemidactylus	Hemidactylus turcicus		SPECIES	Hemidactylus turcicus (Linnaeus, 1758)	Hemidactylus turcicus		US		California	PRESENT		28eb1a3f-1c15-4a95-931a-4af90ecb574d	36.083493	-119.011679	28.0						2020-10-27T10:11:05	27	10	2020	5221528	5221528	HUMAN_OBSERVATION	iNaturalist	Observations	63645669		Kseniia Marianna Prondzynska	2020-10-27T18:34:29	CC_BY_NC_4_0	kimberli1971	kimberli1971			2026-02-23T21:55:43.840Z	StillImage	COORDINATE_ROUNDED;CONTINENT_DERIVED_FROM_COORDINATES;TAXON_ID_NOT_FOUND
2901806579	50c9509d-22c7-4a22-a47d-8c48425ef4a7	https://www.inaturalist.org/observations/62644442	Animalia	Chordata	Squamata		Gekkonidae	Hemidactylus	Hemidactylus turcicus		SPECIES	Hemidactylus turcicus (Linnaeus, 1758)	Hemidactylus turcicus		US		California	PRESENT		28eb1a3f-1c15-4a95-931a-4af90ecb574d	33.803642	-116.373909	31.0						2020-10-15T03:25Z	15	10	2020	5221528	5221528	HUMAN_OBSERVATION	iNaturalist	Observations	62644442		adventurerob	2020-10-15T16:02:29	CC_BY_NC_4_0	adventurerob	adventurerob			2026-02-24T00:15:08.270Z	StillImage	COORDINATE_ROUNDED;CONTINENT_DERIVED_FROM_COORDINATES;TAXON_ID_NOT_FOUND
2901571719	50c9509d-22c7-4a22-a47d-8c48425ef4a7	https://www.inaturalist.org/observations/62807472	Animalia	Chordata	Squamata		Gekkonidae	Hemidactylus	Hemidactylus turcicus		SPECIES	Hemidactylus turcicus (Linnaeus, 1758)	Hemidactylus turcicus		US		California	PRESENT		28eb1a3f-1c15-4a95-931a-4af90ecb574d	33.790617	-117.855881	183.0						2020-10-17T10:44	17	10	2020	5221528	5221528	HUMAN_OBSERVATION	iNaturalist	Observations	62807472		Genevieve Bedell	2020-10-17T17:46:04	CC_BY_NC_4_0	Genevieve Bedell	Genevieve Bedell			2026-02-23T21:55:27.946Z	StillImage	COORDINATE_ROUNDED;CONTINENT_DERIVED_FROM_COORDINATES;TAXON_ID_NOT_FOUND
2901558927	50c9509d-22c7-4a22-a47d-8c48425ef4a7	https://www.inaturalist.org/observations/62961108	Animalia	Chordata	Squamata		Gekkonidae	Hemidactylus	Hemidactylus turcicus		SPECIES	Hemidactylus turcicus (Linnaeus, 1758)	Hemidactylus turcicus		US		California	PRESENT		28eb1a3f-1c15-4a95-931a-4af90ecb574d	32.975251	-115.541938	3.0						2020-10-18T01:41:32	18	10	2020	5221528	5221528	HUMAN_OBSERVATION	iNaturalist	Observations	62961108		Bob Miller	2020-10-19T00:11:06	CC_BY_4_0	Bob Miller	Bob Miller			2026-02-23T23:01:27.889Z	StillImage	CONTINENT_DERIVED_FROM_COORDINATES;TAXON_ID_NOT_FOUND
2898455255	50c9509d-22c7-4a22-a47d-8c48425ef4a7	https://www.inaturalist.org/observations/62610654	Animalia	Chordata	Squamata		Gekkonidae	Hemidactylus	Hemidactylus turcicus		SPECIES	Hemidactylus turcicus (Linnaeus, 1758)	Hemidactylus turcicus		US		California	PRESENT		28eb1a3f-1c15-4a95-931a-4af90ecb574d	33.931653	-116.718344							2020-10-14T19:39:50	14	10	2020	5221528	5221528	HUMAN_OBSERVATION	iNaturalist	Observations	62610654		James Richard Roberts	2020-10-15T02:48:06	CC_BY_4_0	James Richard Roberts	James Richard Roberts			2026-02-23T23:01:24.837Z	StillImage	COORDINATE_ROUNDED;CONTINENT_DERIVED_FROM_COORDINATES;TAXON_ID_NOT_FOUND
2883162971	50c9509d-22c7-4a22-a47d-8c48425ef4a7	https://www.inaturalist.org/observations/61920305	Animalia	Chordata	Squamata		Gekkonidae	Hemidactylus	Hemidactylus turcicus		SPECIES	Hemidactylus turcicus (Linnaeus, 1758)	Hemidactylus turcicus		US		California	PRESENT		28eb1a3f-1c15-4a95-931a-4af90ecb574d	32.823598	-116.945914	10.0						2020-09-24T19:03:20	24	9	2020	5221528	5221528	HUMAN_OBSERVATION	iNaturalist	Observations	61920305		Nicholas	2020-10-07T02:55:50	CC_BY_NC_4_0	Nicholas	Nicholas			2026-02-23T23:01:15.503Z	StillImage	COORDINATE_ROUNDED;CONTINENT_DERIVED_FROM_COORDINATES;TAXON_ID_NOT_FOUND
2883157192	50c9509d-22c7-4a22-a47d-8c48425ef4a7	https://www.inaturalist.org/observations/61927819	Animalia	Chordata	Squamata		Gekkonidae	Hemidactylus	Hemidactylus turcicus		SPECIES	Hemidactylus turcicus (Linnaeus, 1758)	Hemidactylus turcicus		US		California	PRESENT		28eb1a3f-1c15-4a95-931a-4af90ecb574d	33.744945	-116.310643	5.0						2020-10-06T22:57:07	6	10	2020	5221528	5221528	HUMAN_OBSERVATION	iNaturalist	Observations	61927819		jmstone	2020-10-07T06:08:43	CC_BY_NC_4_0	jmstone	jmstone			2026-02-23T21:55:20.883Z	StillImage	COORDINATE_ROUNDED;CONTINENT_DERIVED_FROM_COORDINATES;TAXON_ID_NOT_FOUND
2883034878	50c9509d-22c7-4a22-a47d-8c48425ef4a7	https://www.inaturalist.org/observations/61989201	Animalia	Chordata	Squamata		Gekkonidae	Hemidactylus	Hemidactylus turcicus		SPECIES	Hemidactylus turcicus (Linnaeus, 1758)	Hemidactylus turcicus		US		California	PRESENT		28eb1a3f-1c15-4a95-931a-4af90ecb574d	33.800393	-117.907351	4.0						2020-10-07T16:10:02	7	10	2020	5221528	5221528	HUMAN_OBSERVATION	iNaturalist	Observations	61989201		ailyncruz	2020-10-07T23:11:58	CC_BY_NC_4_0	ailyncruz	ailyncruz			2026-02-24T00:14:57.087Z	StillImage	COORDINATE_ROUNDED;CONTINENT_DERIVED_FROM_COORDINATES;TAXON_ID_NOT_FOUND
2883005451	50c9509d-22c7-4a22-a47d-8c48425ef4a7	https://www.inaturalist.org/observations/57096240	Animalia	Chordata	Squamata		Gekkonidae	Hemidactylus	Hemidactylus turcicus		SPECIES	Hemidactylus turcicus (Linnaeus, 1758)	Hemidactylus turcicus		US		California	PRESENT		28eb1a3f-1c15-4a95-931a-4af90ecb574d	33.949614	-116.362358	42035.0						2020-08-16T08:59:12	16	8	2020	5221528	5221528	HUMAN_OBSERVATION	iNaturalist	Observations	57096240		Colin Barrows	2020-08-27T15:20:31	CC_BY_NC_4_0	coyote74	coyote74			2026-02-23T21:54:34.948Z	StillImage	COORDINATE_ROUNDED;CONTINENT_DERIVED_FROM_COORDINATES;TAXON_ID_NOT_FOUND
2882967442	50c9509d-22c7-4a22-a47d-8c48425ef4a7	https://www.inaturalist.org/observations/58080918	Animalia	Chordata	Squamata		Gekkonidae	Hemidactylus	Hemidactylus turcicus		SPECIES	Hemidactylus turcicus (Linnaeus, 1758)	Hemidactylus turcicus		US		California	PRESENT		28eb1a3f-1c15-4a95-931a-4af90ecb574d	35.421591	-118.950273	28677.0						2020-08-25T20:24:12	25	8	2020	5221528	5221528	HUMAN_OBSERVATION	iNaturalist	Observations	58080918		sgroves	2020-08-30T21:18:28	CC_BY_NC_4_0	sgroves	sgroves			2026-02-23T21:54:43.701Z	StillImage	COORDINATE_ROUNDED;CONTINENT_DERIVED_FROM_COORDINATES;TAXON_ID_NOT_FOUND
2873969819	50c9509d-22c7-4a22-a47d-8c48425ef4a7	https://www.inaturalist.org/observations/60777192	Animalia	Chordata	Squamata		Gekkonidae	Hemidactylus	Hemidactylus turcicus		SPECIES	Hemidactylus turcicus (Linnaeus, 1758)	Hemidactylus turcicus		US		California	PRESENT		28eb1a3f-1c15-4a95-931a-4af90ecb574d	34.10514	-117.67939	32.0						2020-09-25T18:11:39	25	9	2020	5221528	5221528	HUMAN_OBSERVATION	iNaturalist	Observations	60777192		stacywild777	2020-09-26T11:21:44	CC_BY_NC_4_0	stacywild777	stacywild777			2026-02-23T21:55:14.159Z	StillImage	COORDINATE_ROUNDED;CONTINENT_DERIVED_FROM_COORDINATES;TAXON_ID_NOT_FOUND
2873968911	50c9509d-22c7-4a22-a47d-8c48425ef4a7	https://www.inaturalist.org/observations/61018218	Animalia	Chordata	Squamata		Gekkonidae	Hemidactylus	Hemidactylus turcicus		SPECIES	Hemidactylus turcicus (Linnaeus, 1758)	Hemidactylus turcicus		US		California	PRESENT		28eb1a3f-1c15-4a95-931a-4af90ecb574d	33.663357	-116.310009	11393.0						2019-09-10T20:36	10	9	2019	5221528	5221528	HUMAN_OBSERVATION	iNaturalist	Observations	61018218		alexanderpickard	2020-09-27T20:57:41	CC_BY_NC_4_0	alexanderpickard	alexanderpickard			2026-02-23T21:55:09.483Z	StillImage	COORDINATE_ROUNDED;CONTINENT_DERIVED_FROM_COORDINATES;TAXON_ID_NOT_FOUND
2873913817	50c9509d-22c7-4a22-a47d-8c48425ef4a7	https://www.inaturalist.org/observations/61273825	Animalia	Chordata	Squamata		Gekkonidae	Hemidactylus	Hemidactylus turcicus		SPECIES	Hemidactylus turcicus (Linnaeus, 1758)	Hemidactylus turcicus		US		California	PRESENT		28eb1a3f-1c15-4a95-931a-4af90ecb574d	38.688375	-121.777914	25.0						2020-09-29T20:09	29	9	2020	5221528	5221528	HUMAN_OBSERVATION	iNaturalist	Observations	61273825		munozbird	2020-09-30T03:44:22	CC_BY_NC_4_0	munozbird	munozbird			2026-02-23T23:01:07.287Z	StillImage	COORDINATE_ROUNDED;CONTINENT_DERIVED_FROM_COORDINATES;TAXON_ID_NOT_FOUND
2873858762	50c9509d-22c7-4a22-a47d-8c48425ef4a7	https://www.inaturalist.org/observations/60793862	Animalia	Chordata	Squamata		Gekkonidae	Hemidactylus	Hemidactylus turcicus		SPECIES	Hemidactylus turcicus (Linnaeus, 1758)	Hemidactylus turcicus		US		California	PRESENT		28eb1a3f-1c15-4a95-931a-4af90ecb574d	33.690063	-116.37088	5.0						2020-09-16T20:15:48	16	9	2020	5221528	5221528	HUMAN_OBSERVATION	iNaturalist	Observations	60793862		Chris Tracy	2020-09-26T05:20:44	CC_BY_NC_4_0	Chris Tracy	Chris Tracy			2026-02-24T00:14:43.279Z	StillImage	COORDINATE_ROUNDED;CONTINENT_DERIVED_FROM_COORDINATES;TAXON_ID_NOT_FOUND
2873781295	50c9509d-22c7-4a22-a47d-8c48425ef4a7	https://www.inaturalist.org/observations/61273967	Animalia	Chordata	Squamata		Gekkonidae	Hemidactylus	Hemidactylus turcicus		SPECIES	Hemidactylus turcicus (Linnaeus, 1758)	Hemidactylus turcicus		US		California	PRESENT		28eb1a3f-1c15-4a95-931a-4af90ecb574d	38.689046	-121.774564	34.0						2020-09-29T20:20	29	9	2020	5221528	5221528	HUMAN_OBSERVATION	iNaturalist	Observations	61273967		munozbird	2020-09-30T03:46:26	CC_BY_NC_4_0	munozbird	munozbird			2026-02-24T00:14:52.329Z	StillImage	COORDINATE_ROUNDED;CONTINENT_DERIVED_FROM_COORDINATES;TAXON_ID_NOT_FOUND
2873765956	50c9509d-22c7-4a22-a47d-8c48425ef4a7	https://www.inaturalist.org/observations/61402030	Animalia	Chordata	Squamata		Gekkonidae	Hemidactylus	Hemidactylus turcicus		SPECIES	Hemidactylus turcicus (Linnaeus, 1758)	Hemidactylus turcicus		US		California	PRESENT		28eb1a3f-1c15-4a95-931a-4af90ecb574d	38.688693	-121.774577	37.0						2020-09-30T21:01	30	9	2020	5221528	5221528	HUMAN_OBSERVATION	iNaturalist	Observations	61402030		munozbird	2020-10-01T16:40:31	CC_BY_NC_4_0	munozbird	munozbird			2026-02-24T00:14:54.158Z	StillImage	COORDINATE_ROUNDED;CONTINENT_DERIVED_FROM_COORDINATES;TAXON_ID_NOT_FOUND
2868339801	50c9509d-22c7-4a22-a47d-8c48425ef4a7	https://www.inaturalist.org/observations/60041596	Animalia	Chordata	Squamata		Gekkonidae	Hemidactylus	Hemidactylus turcicus		SPECIES	Hemidactylus turcicus (Linnaeus, 1758)	Hemidactylus turcicus		US		California	PRESENT		28eb1a3f-1c15-4a95-931a-4af90ecb574d	38.688374	-121.777922	79.0						2020-09-18T20:53	18	9	2020	5221528	5221528	HUMAN_OBSERVATION	iNaturalist	Observations	60041596		munozbird	2020-09-19T04:28:06	CC_BY_NC_4_0	munozbird	munozbird			2026-02-23T21:55:01.472Z	StillImage	COORDINATE_ROUNDED;CONTINENT_DERIVED_FROM_COORDINATES;TAXON_ID_NOT_FOUND
2868258502	50c9509d-22c7-4a22-a47d-8c48425ef4a7	https://www.inaturalist.org/observations/57889191	Animalia	Chordata	Squamata		Gekkonidae	Hemidactylus	Hemidactylus turcicus		SPECIES	Hemidactylus turcicus (Linnaeus, 1758)	Hemidactylus turcicus		US		California	PRESENT		28eb1a3f-1c15-4a95-931a-4af90ecb574d	33.589481	-117.664458	65.0						2020-08-28T19:59:31	28	8	2020	5221528	5221528	HUMAN_OBSERVATION	iNaturalist	Observations	57889191		Sam Fisher	2020-09-20T04:35:12	CC_BY_NC_4_0	waldomg	waldomg			2026-02-23T23:18:02.873Z	StillImage	COORDINATE_ROUNDED;CONTINENT_DERIVED_FROM_COORDINATES;TAXON_ID_NOT_FOUND
2868247711	50c9509d-22c7-4a22-a47d-8c48425ef4a7	https://www.inaturalist.org/observations/59945124	Animalia	Chordata	Squamata		Gekkonidae	Hemidactylus	Hemidactylus turcicus		SPECIES	Hemidactylus turcicus (Linnaeus, 1758)	Hemidactylus turcicus		US		California	PRESENT		28eb1a3f-1c15-4a95-931a-4af90ecb574d	38.688379	-121.777939	169.0						2020-09-17T21:15:54	17	9	2020	5221528	5221528	HUMAN_OBSERVATION	iNaturalist	Observations	59945124		munozbird	2020-09-18T05:12:56	CC_BY_NC_4_0	munozbird	munozbird			2026-02-23T21:55:04.216Z	StillImage	COORDINATE_ROUNDED;CONTINENT_DERIVED_FROM_COORDINATES;TAXON_ID_NOT_FOUND
2868220265	50c9509d-22c7-4a22-a47d-8c48425ef4a7	https://www.inaturalist.org/observations/60489255	Animalia	Chordata	Squamata		Gekkonidae	Hemidactylus	Hemidactylus turcicus		SPECIES	Hemidactylus turcicus (Linnaeus, 1758)	Hemidactylus turcicus		US		California	PRESENT		28eb1a3f-1c15-4a95-931a-4af90ecb574d	38.688373	-121.777931	51.0						2020-09-22T20:52	22	9	2020	5221528	5221528	HUMAN_OBSERVATION	iNaturalist	Observations	60489255		munozbird	2020-09-23T04:03:12	CC_BY_NC_4_0	munozbird	munozbird			2026-02-23T23:00:59.600Z	StillImage	COORDINATE_ROUNDED;CONTINENT_DERIVED_FROM_COORDINATES;TAXON_ID_NOT_FOUND
2868174012	50c9509d-22c7-4a22-a47d-8c48425ef4a7	https://www.inaturalist.org/observations/60582489	Animalia	Chordata	Squamata		Gekkonidae	Hemidactylus	Hemidactylus turcicus		SPECIES	Hemidactylus turcicus (Linnaeus, 1758)	Hemidactylus turcicus		US		California	PRESENT		28eb1a3f-1c15-4a95-931a-4af90ecb574d	38.688371	-121.77792	47.0						2020-09-23T20:39	23	9	2020	5221528	5221528	HUMAN_OBSERVATION	iNaturalist	Observations	60582489		munozbird	2020-09-24T03:51:10	CC_BY_NC_4_0	munozbird	munozbird			2026-02-23T23:01:01.488Z	StillImage	COORDINATE_ROUNDED;CONTINENT_DERIVED_FROM_COORDINATES;TAXON_ID_NOT_FOUND
2868159314	50c9509d-22c7-4a22-a47d-8c48425ef4a7	https://www.inaturalist.org/observations/12506611	Animalia	Chordata	Squamata		Gekkonidae	Hemidactylus	Hemidactylus turcicus		SPECIES	Hemidactylus turcicus (Linnaeus, 1758)	Hemidactylus turcicus		US		California	PRESENT		28eb1a3f-1c15-4a95-931a-4af90ecb574d	32.910753	-117.13045	40.0						2016-09-16T16:29:33	16	9	2016	5221528	5221528	HUMAN_OBSERVATION	iNaturalist	Observations	12506611		marleycrow	2018-05-16T05:01:00	CC_BY_NC_4_0	marleycrow	marleycrow			2026-02-23T22:52:50.401Z	StillImage	COORDINATE_ROUNDED;CONTINENT_DERIVED_FROM_COORDINATES;TAXON_ID_NOT_FOUND
2868141179	50c9509d-22c7-4a22-a47d-8c48425ef4a7	https://www.inaturalist.org/observations/60288264	Animalia	Chordata	Squamata		Gekkonidae	Hemidactylus	Hemidactylus turcicus		SPECIES	Hemidactylus turcicus (Linnaeus, 1758)	Hemidactylus turcicus		US		California	PRESENT		28eb1a3f-1c15-4a95-931a-4af90ecb574d	33.836716	-116.543404							2019-03-10T13:11:24	10	3	2019	5221528	5221528	HUMAN_OBSERVATION	iNaturalist	Observations	60288264		Colin Barrows	2020-09-21T05:38:14	CC_BY_NC_4_0	Rosie	Rosie			2026-02-23T21:55:06.064Z	StillImage	COORDINATE_ROUNDED;CONTINENT_DERIVED_FROM_COORDINATES;TAXON_ID_NOT_FOUND
2868126983	50c9509d-22c7-4a22-a47d-8c48425ef4a7	https://www.inaturalist.org/observations/60153407	Animalia	Chordata	Squamata		Gekkonidae	Hemidactylus	Hemidactylus turcicus		SPECIES	Hemidactylus turcicus (Linnaeus, 1758)	Hemidactylus turcicus		US		California	PRESENT		28eb1a3f-1c15-4a95-931a-4af90ecb574d	38.688371	-121.777911	60.0						2020-09-19T20:38	19	9	2020	5221528	5221528	HUMAN_OBSERVATION	iNaturalist	Observations	60153407		munozbird	2020-09-20T03:50:32	CC_BY_NC_4_0	munozbird	munozbird			2026-02-23T21:55:02.112Z	StillImage	COORDINATE_ROUNDED;CONTINENT_DERIVED_FROM_COORDINATES;TAXON_ID_NOT_FOUND
2864692806	50c9509d-22c7-4a22-a47d-8c48425ef4a7	https://www.inaturalist.org/observations/59747146	Animalia	Chordata	Squamata		Gekkonidae	Hemidactylus	Hemidactylus turcicus		SPECIES	Hemidactylus turcicus (Linnaeus, 1758)	Hemidactylus turcicus		US		California	PRESENT		28eb1a3f-1c15-4a95-931a-4af90ecb574d	33.751563	-116.249388	10.0						2020-09-15T19:46:34	15	9	2020	5221528	5221528	HUMAN_OBSERVATION	iNaturalist	Observations	59747146		John Phelps	2020-09-16T02:50:08	CC_BY_NC_4_0	John Phelps	John Phelps			2026-02-23T23:00:52.417Z	StillImage	COORDINATE_ROUNDED;CONTINENT_DERIVED_FROM_COORDINATES;TAXON_ID_NOT_FOUND
2864573917	50c9509d-22c7-4a22-a47d-8c48425ef4a7	https://www.inaturalist.org/observations/59532070	Animalia	Chordata	Squamata		Gekkonidae	Hemidactylus	Hemidactylus turcicus		SPECIES	Hemidactylus turcicus (Linnaeus, 1758)	Hemidactylus turcicus		US		California	PRESENT		28eb1a3f-1c15-4a95-931a-4af90ecb574d	33.716962	-116.394609	3.0						2020-09-13T17:31:16	13	9	2020	5221528	5221528	HUMAN_OBSERVATION	iNaturalist	Observations	59532070		sophiachullino	2020-09-14T01:26:49	CC_BY_NC_4_0	sophiachullino	sophiachullino			2026-02-23T23:00:47.443Z	StillImage	COORDINATE_ROUNDED;CONTINENT_DERIVED_FROM_COORDINATES;TAXON_ID_NOT_FOUND
2862520213	50c9509d-22c7-4a22-a47d-8c48425ef4a7	https://www.inaturalist.org/observations/59005572	Animalia	Chordata	Squamata		Gekkonidae	Hemidactylus	Hemidactylus turcicus		SPECIES	Hemidactylus turcicus (Linnaeus, 1758)	Hemidactylus turcicus		US		California	PRESENT		28eb1a3f-1c15-4a95-931a-4af90ecb574d	34.241192	-118.330078	104542.0						2020-09-07T17:46	7	9	2020	5221528	5221528	HUMAN_OBSERVATION	iNaturalist	Observations	59005572		tavignone	2020-09-09T00:48:27	CC_BY_NC_4_0	tavignone	tavignone			2026-02-23T21:54:49.049Z	StillImage	COORDINATE_ROUNDED;CONTINENT_DERIVED_FROM_COORDINATES;TAXON_ID_NOT_FOUND
2862490486	50c9509d-22c7-4a22-a47d-8c48425ef4a7	https://www.inaturalist.org/observations/57377414	Animalia	Chordata	Squamata		Gekkonidae	Hemidactylus	Hemidactylus turcicus		SPECIES	Hemidactylus turcicus (Linnaeus, 1758)	Hemidactylus turcicus		US		California	PRESENT		28eb1a3f-1c15-4a95-931a-4af90ecb574d	32.759587	-117.137192	65.0						2020-08-23T08:20:22	23	8	2020	5221528	5221528	HUMAN_OBSERVATION	iNaturalist	Observations	57377414		Rachel Allingham	2020-08-27T01:01:32	CC_BY_NC_4_0	icswirka	icswirka			2026-02-24T00:14:03.645Z	StillImage	COORDINATE_ROUNDED;CONTINENT_DERIVED_FROM_COORDINATES;TAXON_ID_NOT_FOUND
2862316237	50c9509d-22c7-4a22-a47d-8c48425ef4a7	https://www.inaturalist.org/observations/59019252	Animalia	Chordata	Squamata		Gekkonidae	Hemidactylus	Hemidactylus turcicus		SPECIES	Hemidactylus turcicus (Linnaeus, 1758)	Hemidactylus turcicus		US		California	PRESENT		28eb1a3f-1c15-4a95-931a-4af90ecb574d	33.569668	-116.066586	15.0						2020-09-08T21:17:29	8	9	2020	5221528	5221528	HUMAN_OBSERVATION	iNaturalist	Observations	59019252		Ernesto Saldaña	2020-09-09T04:22:15	CC_BY_NC_4_0	Ernesto Saldaña	Ernesto Saldaña			2026-02-23T21:54:47.027Z	StillImage	COORDINATE_ROUNDED;CONTINENT_DERIVED_FROM_COORDINATES;TAXON_ID_NOT_FOUND
2862311698	50c9509d-22c7-4a22-a47d-8c48425ef4a7	https://www.inaturalist.org/observations/58575101	Animalia	Chordata	Squamata		Gekkonidae	Hemidactylus	Hemidactylus turcicus		SPECIES	Hemidactylus turcicus (Linnaeus, 1758)	Hemidactylus turcicus		US		California	PRESENT		28eb1a3f-1c15-4a95-931a-4af90ecb574d	35.231571	-119.102359	28706.0						2020-09-04T21:36:15	4	9	2020	5221528	5221528	HUMAN_OBSERVATION	iNaturalist	Observations	58575101		taco_night	2020-09-05T04:47:39	CC_BY_NC_4_0	taco_night	taco_night			2026-02-23T23:00:35.168Z	StillImage	COORDINATE_ROUNDED;CONTINENT_DERIVED_FROM_COORDINATES;TAXON_ID_NOT_FOUND
2862295091	50c9509d-22c7-4a22-a47d-8c48425ef4a7	https://www.inaturalist.org/observations/58903525	Animalia	Chordata	Squamata		Gekkonidae	Hemidactylus	Hemidactylus turcicus		SPECIES	Hemidactylus turcicus (Linnaeus, 1758)	Hemidactylus turcicus		US		California	PRESENT		28eb1a3f-1c15-4a95-931a-4af90ecb574d	33.772688	-116.373374	28930.0						2020-08-26T21:16	26	8	2020	5221528	5221528	HUMAN_OBSERVATION	iNaturalist	Observations	58903525		Colin Barrows	2020-09-08T00:16:40	CC0_1_0	Colin Barrows	Colin Barrows			2026-02-23T21:54:51.786Z	StillImage	COORDINATE_ROUNDED;CONTINENT_DERIVED_FROM_COORDINATES;TAXON_ID_NOT_FOUND
2860199326	50c9509d-22c7-4a22-a47d-8c48425ef4a7	https://www.inaturalist.org/observations/58379616	Animalia	Chordata	Squamata		Gekkonidae	Hemidactylus	Hemidactylus turcicus		SPECIES	Hemidactylus turcicus (Linnaeus, 1758)	Hemidactylus turcicus		US		California	PRESENT		28eb1a3f-1c15-4a95-931a-4af90ecb574d	32.978657	-115.530267	5520.0						2020-09-02T17:00	2	9	2020	5221528	5221528	HUMAN_OBSERVATION	iNaturalist	Observations	58379616		haleygriggs	2020-09-03T00:44:49	CC_BY_NC_4_0	haleygriggs	haleygriggs			2026-02-23T21:54:49.352Z	StillImage	COORDINATE_ROUNDED;CONTINENT_DERIVED_FROM_COORDINATES;TAXON_ID_NOT_FOUND
2860130695	50c9509d-22c7-4a22-a47d-8c48425ef4a7	https://www.inaturalist.org/observations/57893588	Animalia	Chordata	Squamata		Gekkonidae	Hemidactylus	Hemidactylus turcicus		SPECIES	Hemidactylus turcicus (Linnaeus, 1758)	Hemidactylus turcicus		US		California	PRESENT		28eb1a3f-1c15-4a95-931a-4af90ecb574d	33.71494	-116.265019	28930.0						2020-08-26T21:02	26	8	2020	5221528	5221528	HUMAN_OBSERVATION	iNaturalist	Observations	57893588		jprado	2020-08-29T04:26:24	CC_BY_NC_4_0	jprado	jprado			2026-02-23T23:18:03.947Z	StillImage	COORDINATE_ROUNDED;CONTINENT_DERIVED_FROM_COORDINATES;TAXON_ID_NOT_FOUND
2860004410	50c9509d-22c7-4a22-a47d-8c48425ef4a7	https://www.inaturalist.org/observations/58388131	Animalia	Chordata	Squamata		Gekkonidae	Hemidactylus	Hemidactylus turcicus		SPECIES	Hemidactylus turcicus (Linnaeus, 1758)	Hemidactylus turcicus		US		California	PRESENT		28eb1a3f-1c15-4a95-931a-4af90ecb574d	34.686784	-118.154163	33657.0						2020-09-02T19:47:32	2	9	2020	5221528	5221528	HUMAN_OBSERVATION	iNaturalist	Observations	58388131		Nicholas Lara	2020-09-03T02:51:07	CC_BY_4_0	Nicholas Lara	Nicholas Lara			2026-02-23T23:00:34.062Z	StillImage	COORDINATE_ROUNDED;CONTINENT_DERIVED_FROM_COORDINATES;TAXON_ID_NOT_FOUND
2856695035	50c9509d-22c7-4a22-a47d-8c48425ef4a7	https://www.inaturalist.org/observations/57414517	Animalia	Chordata	Squamata		Gekkonidae	Hemidactylus	Hemidactylus turcicus		SPECIES	Hemidactylus turcicus (Linnaeus, 1758)	Hemidactylus turcicus		US		California	PRESENT		28eb1a3f-1c15-4a95-931a-4af90ecb574d	32.975152	-115.542045							2020-08-23T01:01:59	23	8	2020	5221528	5221528	HUMAN_OBSERVATION	iNaturalist	Observations	57414517		Bob Miller	2020-08-24T03:37:30	CC_BY_4_0	Bob Miller	Bob Miller			2026-02-23T23:00:19.606Z	StillImage	CONTINENT_DERIVED_FROM_COORDINATES;TAXON_ID_NOT_FOUND
2851196584	50c9509d-22c7-4a22-a47d-8c48425ef4a7	https://www.inaturalist.org/observations/56296533	Animalia	Chordata	Squamata		Gekkonidae	Hemidactylus	Hemidactylus turcicus		SPECIES	Hemidactylus turcicus (Linnaeus, 1758)	Hemidactylus turcicus		US		California	PRESENT		28eb1a3f-1c15-4a95-931a-4af90ecb574d	36.068422	-119.0331	5.0						2020-08-12T23:26:29Z	12	8	2020	5221528	5221528	HUMAN_OBSERVATION	iNaturalist	Observations	56296533		Aaron Griffing	2020-08-13T19:28:28	CC_BY_NC_4_0	antmedin	antmedin			2026-02-23T23:00:05.245Z	StillImage	COORDINATE_ROUNDED;CONTINENT_DERIVED_FROM_COORDINATES;TAXON_ID_NOT_FOUND
2851165590	50c9509d-22c7-4a22-a47d-8c48425ef4a7	https://www.inaturalist.org/observations/56305014	Animalia	Chordata	Squamata		Gekkonidae	Hemidactylus	Hemidactylus turcicus		SPECIES	Hemidactylus turcicus (Linnaeus, 1758)	Hemidactylus turcicus		US		California	PRESENT		28eb1a3f-1c15-4a95-931a-4af90ecb574d	34.219319	-119.045059	5.0						2020-08-13T02:54:24	13	8	2020	5221528	5221528	HUMAN_OBSERVATION	iNaturalist	Observations	56305014		Aaron Griffing	2020-08-13T19:28:04	CC_BY_NC_4_0	gwyndoli	gwyndoli			2026-02-23T23:00:08.486Z	StillImage	COORDINATE_ROUNDED;CONTINENT_DERIVED_FROM_COORDINATES;TAXON_ID_NOT_FOUND
2850980031	50c9509d-22c7-4a22-a47d-8c48425ef4a7	https://www.inaturalist.org/observations/55293682	Animalia	Chordata	Squamata		Gekkonidae	Hemidactylus	Hemidactylus turcicus		SPECIES	Hemidactylus turcicus (Linnaeus, 1758)	Hemidactylus turcicus		US		California	PRESENT		28eb1a3f-1c15-4a95-931a-4af90ecb574d	33.721005	-116.336212	7.0						2020-08-03T08:42:17	3	8	2020	5221528	5221528	HUMAN_OBSERVATION	iNaturalist	Observations	55293682		Sue Shigenaga	2020-08-03T16:46:07	CC_BY_NC_4_0	Sue Shigenaga	Sue Shigenaga			2026-02-23T21:54:04.676Z	StillImage	COORDINATE_ROUNDED;CONTINENT_DERIVED_FROM_COORDINATES;TAXON_ID_NOT_FOUND
2850966441	50c9509d-22c7-4a22-a47d-8c48425ef4a7	https://www.inaturalist.org/observations/35800859	Animalia	Chordata	Squamata		Gekkonidae	Hemidactylus	Hemidactylus turcicus		SPECIES	Hemidactylus turcicus (Linnaeus, 1758)	Hemidactylus turcicus		US		California	PRESENT		28eb1a3f-1c15-4a95-931a-4af90ecb574d	32.691973	-115.481051	27.0						2019-11-17	17	11	2019	5221528	5221528	HUMAN_OBSERVATION	iNaturalist	Observations	35800859		peakaytea	2020-01-22T13:56:33	CC_BY_NC_4_0	geckosolar	geckosolar			2026-02-23T21:50:17.160Z	StillImage	CONTINENT_DERIVED_FROM_COORDINATES;TAXON_ID_NOT_FOUND
2850752109	50c9509d-22c7-4a22-a47d-8c48425ef4a7	https://www.inaturalist.org/observations/56711890	Animalia	Chordata	Squamata		Gekkonidae	Hemidactylus	Hemidactylus turcicus		SPECIES	Hemidactylus turcicus (Linnaeus, 1758)	Hemidactylus turcicus		US		California	PRESENT		28eb1a3f-1c15-4a95-931a-4af90ecb574d	34.084917	-118.208275							2020-08-14T21:08:32	14	8	2020	5221528	5221528	HUMAN_OBSERVATION	iNaturalist	Observations	56711890		bakla	2020-08-17T03:55:04	CC_BY_NC_4_0	bakla	bakla			2026-02-24T00:13:50.748Z	StillImage	COORDINATE_ROUNDED;CONTINENT_DERIVED_FROM_COORDINATES;TAXON_ID_NOT_FOUND
2850559762	50c9509d-22c7-4a22-a47d-8c48425ef4a7	https://www.inaturalist.org/observations/52648115	Animalia	Chordata	Squamata		Gekkonidae	Hemidactylus	Hemidactylus turcicus		SPECIES	Hemidactylus turcicus (Linnaeus, 1758)	Hemidactylus turcicus		US		California	PRESENT		28eb1a3f-1c15-4a95-931a-4af90ecb574d	34.183748	-118.636599	32.0						2020-07-10T22:27:25	10	7	2020	5221528	5221528	HUMAN_OBSERVATION	iNaturalist	Observations	52648115		alazon	2020-08-10T05:50:31	CC_BY_NC_4_0	arin17	arin17			2026-02-23T22:59:18.673Z	StillImage	COORDINATE_ROUNDED;CONTINENT_DERIVED_FROM_COORDINATES;TAXON_ID_NOT_FOUND
2850549771	50c9509d-22c7-4a22-a47d-8c48425ef4a7	https://www.inaturalist.org/observations/53695994	Animalia	Chordata	Squamata		Gekkonidae	Hemidactylus	Hemidactylus turcicus		SPECIES	Hemidactylus turcicus (Linnaeus, 1758)	Hemidactylus turcicus		US		California	PRESENT		28eb1a3f-1c15-4a95-931a-4af90ecb574d	35.399729	-118.919152	5.0						2020-07-19T22:04:33	19	7	2020	5221528	5221528	HUMAN_OBSERVATION	iNaturalist	Observations	53695994		alexb0000	2020-07-24T20:07:20	CC_BY_NC_4_0	be_easy_mike	be_easy_mike			2026-02-23T21:53:42.746Z	StillImage	COORDINATE_ROUNDED;CONTINENT_DERIVED_FROM_COORDINATES;TAXON_ID_NOT_FOUND
2850544007	50c9509d-22c7-4a22-a47d-8c48425ef4a7	https://www.inaturalist.org/observations/55246167	Animalia	Chordata	Squamata		Gekkonidae	Hemidactylus	Hemidactylus turcicus		SPECIES	Hemidactylus turcicus (Linnaeus, 1758)	Hemidactylus turcicus		US		California	PRESENT		28eb1a3f-1c15-4a95-931a-4af90ecb574d	33.880411	-117.918727	30.0						2020-08-02T21:36:19	2	8	2020	5221528	5221528	HUMAN_OBSERVATION	iNaturalist	Observations	55246167		wgelnaw	2020-08-03T04:48:06	CC_BY_NC_4_0	wgelnaw	wgelnaw			2026-02-23T21:54:03.742Z	StillImage	COORDINATE_ROUNDED;CONTINENT_DERIVED_FROM_COORDINATES;TAXON_ID_NOT_FOUND
2838801073	8a863029-f435-446a-821e-275f4f641165	https://observation.org/observation/79655923	Animalia	Chordata	Squamata		Gekkonidae	Hemidactylus	Hemidactylus turcicus		SPECIES	Hemidactylus turcicus (Linnaeus, 1758)	Hemidactylus turcicus		US	Fresno (CA)	California (CA)	PRESENT	2	c8d737e0-2ff8-42e8-b8fc-6b805d26fc5f	36.765523	-119.720807	10.0						2013-09-20	20	9	2013	5221528	5221528	HUMAN_OBSERVATION							CC_BY_NC_4_0	Stichting Observation International	User 14880			2026-02-18T02:04:34.004Z		
2826441170	50c9509d-22c7-4a22-a47d-8c48425ef4a7	https://www.inaturalist.org/observations/55120146	Animalia	Chordata	Squamata		Gekkonidae	Hemidactylus	Hemidactylus turcicus		SPECIES	Hemidactylus turcicus (Linnaeus, 1758)	Hemidactylus turcicus		US		California	PRESENT		28eb1a3f-1c15-4a95-931a-4af90ecb574d	34.258649	-118.600486	2.0						2020-08-01T21:51	1	8	2020	5221528	5221528	HUMAN_OBSERVATION	iNaturalist	Observations	55120146		Tom	2020-08-02T04:57:19	CC_BY_NC_4_0	Tom	Tom			2026-02-24T00:13:31.323Z	StillImage	COORDINATE_ROUNDED;CONTINENT_DERIVED_FROM_COORDINATES;TAXON_ID_NOT_FOUND
2826429238	50c9509d-22c7-4a22-a47d-8c48425ef4a7	https://www.inaturalist.org/observations/54479299	Animalia	Chordata	Squamata		Gekkonidae	Hemidactylus	Hemidactylus turcicus		SPECIES	Hemidactylus turcicus (Linnaeus, 1758)	Hemidactylus turcicus		US		California	PRESENT		28eb1a3f-1c15-4a95-931a-4af90ecb574d	35.613969	-117.664244	26.0						2020-07-27T02:11:52Z	27	7	2020	5221528	5221528	HUMAN_OBSERVATION	iNaturalist	Observations	54479299		jennacott	2020-07-27T02:12:17	CC_BY_NC_4_0	jennacott	jennacott			2026-02-23T21:54:02.710Z	StillImage	COORDINATE_ROUNDED;CONTINENT_DERIVED_FROM_COORDINATES;TAXON_ID_NOT_FOUND
2818763250	50c9509d-22c7-4a22-a47d-8c48425ef4a7	https://www.inaturalist.org/observations/53011489	Animalia	Chordata	Squamata		Gekkonidae	Hemidactylus	Hemidactylus turcicus		SPECIES	Hemidactylus turcicus (Linnaeus, 1758)	Hemidactylus turcicus		US		California	PRESENT		28eb1a3f-1c15-4a95-931a-4af90ecb574d	33.732407	-116.41828	3551.0						2020-07-13T06:00	13	7	2020	5221528	5221528	HUMAN_OBSERVATION	iNaturalist	Observations	53011489		JanePannor	2020-07-14T02:20:31	CC_BY_NC_4_0	JanePannor	JanePannor			2026-02-24T00:13:02.917Z	StillImage	COORDINATE_ROUNDED;CONTINENT_DERIVED_FROM_COORDINATES;TAXON_ID_NOT_FOUND
2818754860	50c9509d-22c7-4a22-a47d-8c48425ef4a7	https://www.inaturalist.org/observations/52762901	Animalia	Chordata	Squamata		Gekkonidae	Hemidactylus	Hemidactylus turcicus		SPECIES	Hemidactylus turcicus (Linnaeus, 1758)	Hemidactylus turcicus		US		California	PRESENT		28eb1a3f-1c15-4a95-931a-4af90ecb574d	34.183719	-118.636629	65.0						2020-07-11T20:57	11	7	2020	5221528	5221528	HUMAN_OBSERVATION	iNaturalist	Observations	52762901		Sarah Berryman	2020-07-12T05:00:44	CC_BY_NC_4_0	arin17	arin17			2026-02-23T22:59:20.953Z	StillImage	COORDINATE_ROUNDED;CONTINENT_DERIVED_FROM_COORDINATES;TAXON_ID_NOT_FOUND
2814376350	50c9509d-22c7-4a22-a47d-8c48425ef4a7	https://www.inaturalist.org/observations/51878279	Animalia	Chordata	Squamata		Gekkonidae	Hemidactylus	Hemidactylus turcicus		SPECIES	Hemidactylus turcicus (Linnaeus, 1758)	Hemidactylus turcicus		US		California	PRESENT		28eb1a3f-1c15-4a95-931a-4af90ecb574d	32.733987	-115.540755	4.0						2020-07-03T23:46:43	3	7	2020	5221528	5221528	HUMAN_OBSERVATION	iNaturalist	Observations	51878279		theoliho	2020-07-04T06:49:34	CC_BY_NC_4_0	theoliho	theoliho			2026-02-23T21:53:27.065Z	StillImage	COORDINATE_ROUNDED;CONTINENT_DERIVED_FROM_COORDINATES;TAXON_ID_NOT_FOUND
2802914706	50c9509d-22c7-4a22-a47d-8c48425ef4a7	https://www.inaturalist.org/observations/47366394	Animalia	Chordata	Squamata		Gekkonidae	Hemidactylus	Hemidactylus turcicus		SPECIES	Hemidactylus turcicus (Linnaeus, 1758)	Hemidactylus turcicus		US		California	PRESENT		28eb1a3f-1c15-4a95-931a-4af90ecb574d	33.799875	-114.522785	104.0						2020-05-22T20:51:56	22	5	2020	5221528	5221528	HUMAN_OBSERVATION	iNaturalist	Observations	47366394		fishbait	2020-05-29T03:10:12	CC_BY_NC_4_0	fishbait	fishbait			2026-02-24T00:11:45.554Z	StillImage	COORDINATE_ROUNDED;CONTINENT_DERIVED_FROM_COORDINATES;TAXON_ID_NOT_FOUND
2802914703	50c9509d-22c7-4a22-a47d-8c48425ef4a7	https://www.inaturalist.org/observations/47344659	Animalia	Chordata	Squamata		Gekkonidae	Hemidactylus	Hemidactylus turcicus		SPECIES	Hemidactylus turcicus (Linnaeus, 1758)	Hemidactylus turcicus		US		California	PRESENT		28eb1a3f-1c15-4a95-931a-4af90ecb574d	35.64113	-117.674522	3.0						2020-05-11T19:12	11	5	2020	5221528	5221528	HUMAN_OBSERVATION	iNaturalist	Observations	47344659		Kolin Campbell	2020-05-26T00:01:27	CC_BY_NC_4_0	Kolin Campbell	Kolin Campbell			2026-02-24T00:11:44.546Z	StillImage	CONTINENT_DERIVED_FROM_COORDINATES;TAXON_ID_NOT_FOUND
2802788996	50c9509d-22c7-4a22-a47d-8c48425ef4a7	https://www.inaturalist.org/observations/49804614	Animalia	Chordata	Squamata		Gekkonidae	Hemidactylus	Hemidactylus turcicus		SPECIES	Hemidactylus turcicus (Linnaeus, 1758)	Hemidactylus turcicus		US		California	PRESENT		28eb1a3f-1c15-4a95-931a-4af90ecb574d	34.10357	-117.591343	879.0						2020-06-15	15	6	2020	5221528	5221528	HUMAN_OBSERVATION	iNaturalist	Observations	49804614		Boaz Benaiah Solorio	2020-06-16T05:37:42	CC_BY_NC_4_0	mattisonteeter	mattisonteeter			2026-02-23T21:52:49.352Z	StillImage	CONTINENT_DERIVED_FROM_COORDINATES;TAXON_ID_NOT_FOUND
2802718236	50c9509d-22c7-4a22-a47d-8c48425ef4a7	https://www.inaturalist.org/observations/50062018	Animalia	Chordata	Squamata		Gekkonidae	Hemidactylus	Hemidactylus turcicus		SPECIES	Hemidactylus turcicus (Linnaeus, 1758)	Hemidactylus turcicus		US		California	PRESENT		28eb1a3f-1c15-4a95-931a-4af90ecb574d	33.655083	-116.315811	10.0						2020-06-18T08:49	18	6	2020	5221528	5221528	HUMAN_OBSERVATION	iNaturalist	Observations	50062018		jprado	2020-06-18T16:45:31	CC_BY_NC_4_0	jprado	jprado			2026-02-23T22:58:42.685Z	StillImage	COORDINATE_ROUNDED;CONTINENT_DERIVED_FROM_COORDINATES;TAXON_ID_NOT_FOUND
2802572772	50c9509d-22c7-4a22-a47d-8c48425ef4a7	https://www.inaturalist.org/observations/48412722	Animalia	Chordata	Squamata		Gekkonidae	Hemidactylus	Hemidactylus turcicus		SPECIES	Hemidactylus turcicus (Linnaeus, 1758)	Hemidactylus turcicus		US		California	PRESENT		28eb1a3f-1c15-4a95-931a-4af90ecb574d	36.069631	-119.007033	7.0						2020-06-03T22:44:46	3	6	2020	5221528	5221528	HUMAN_OBSERVATION	iNaturalist	Observations	48412722		Dalia Gonzalez	2020-06-04T05:45:22	CC_BY_NC_4_0	Dalia Gonzalez	Dalia Gonzalez			2026-02-23T21:52:32.872Z	StillImage	COORDINATE_ROUNDED;CONTINENT_DERIVED_FROM_COORDINATES;TAXON_ID_NOT_FOUND
2802560689	50c9509d-22c7-4a22-a47d-8c48425ef4a7	https://www.inaturalist.org/observations/47595577	Animalia	Chordata	Squamata		Gekkonidae	Hemidactylus	Hemidactylus turcicus		SPECIES	Hemidactylus turcicus (Linnaeus, 1758)	Hemidactylus turcicus		US		California	PRESENT		28eb1a3f-1c15-4a95-931a-4af90ecb574d	33.691655	-116.306337	5.0						2019-11-28T13:51:35Z	28	11	2019	5221528	5221528	HUMAN_OBSERVATION	iNaturalist	Observations	47595577		Colin Barrows	2020-05-28T17:09:47	CC_BY_NC_4_0	annaeb13	annaeb13			2026-02-23T22:58:12.840Z	StillImage	COORDINATE_ROUNDED;CONTINENT_DERIVED_FROM_COORDINATES;TAXON_ID_NOT_FOUND
2633995959	50c9509d-22c7-4a22-a47d-8c48425ef4a7	https://www.inaturalist.org/observations/46913922	Animalia	Chordata	Squamata		Gekkonidae	Hemidactylus	Hemidactylus turcicus		SPECIES	Hemidactylus turcicus (Linnaeus, 1758)	Hemidactylus turcicus		US		California	PRESENT		28eb1a3f-1c15-4a95-931a-4af90ecb574d	33.666848	-116.201616	28930.0						2020-05-23T01:02:37Z	23	5	2020	5221528	5221528	HUMAN_OBSERVATION	iNaturalist	Observations	46913922		dietbleach	2020-05-23T01:03:45	CC_BY_NC_4_0	dietbleach	dietbleach			2026-02-23T22:58:06.925Z	StillImage	COORDINATE_ROUNDED;CONTINENT_DERIVED_FROM_COORDINATES;TAXON_ID_NOT_FOUND
2626509800	50c9509d-22c7-4a22-a47d-8c48425ef4a7	https://www.inaturalist.org/observations/46048774	Animalia	Chordata	Squamata		Gekkonidae	Hemidactylus	Hemidactylus turcicus		SPECIES	Hemidactylus turcicus (Linnaeus, 1758)	Hemidactylus turcicus		US		California	PRESENT		28eb1a3f-1c15-4a95-931a-4af90ecb574d	32.97513	-115.54204	5.0						2020-05-15T20:40:05	15	5	2020	5221528	5221528	HUMAN_OBSERVATION	iNaturalist	Observations	46048774		Bob Miller	2020-05-16T04:10:47	CC_BY_4_0	Bob Miller	Bob Miller			2026-02-23T21:52:06.339Z	StillImage	COORDINATE_ROUNDED;CONTINENT_DERIVED_FROM_COORDINATES;TAXON_ID_NOT_FOUND
2626456990	50c9509d-22c7-4a22-a47d-8c48425ef4a7	https://www.inaturalist.org/observations/45826736	Animalia	Chordata	Squamata		Gekkonidae	Hemidactylus	Hemidactylus turcicus		SPECIES	Hemidactylus turcicus (Linnaeus, 1758)	Hemidactylus turcicus		US		California	PRESENT		28eb1a3f-1c15-4a95-931a-4af90ecb574d	33.722245	-116.374456	11864.0						2020-05-13T16:25	13	5	2020	5221528	5221528	HUMAN_OBSERVATION	iNaturalist	Observations	45826736		Colin Barrows	2020-05-14T00:18:51	CC_BY_NC_4_0	riverfalls	riverfalls			2026-02-24T00:11:24.662Z		COORDINATE_ROUNDED;CONTINENT_DERIVED_FROM_COORDINATES;TAXON_ID_NOT_FOUND
2626184236	50c9509d-22c7-4a22-a47d-8c48425ef4a7	https://www.inaturalist.org/observations/46186605	Animalia	Chordata	Squamata		Gekkonidae	Hemidactylus	Hemidactylus turcicus		SPECIES	Hemidactylus turcicus (Linnaeus, 1758)	Hemidactylus turcicus		US		California	PRESENT		28eb1a3f-1c15-4a95-931a-4af90ecb574d	35.263194	-116.701534	28.0						2020-05-16T21:05:50	16	5	2020	5221528	5221528	HUMAN_OBSERVATION	iNaturalist	Observations	46186605		linknumbertwo	2020-05-17T04:07:47	CC_BY_NC_4_0	linknumbertwo	linknumbertwo			2026-02-24T00:11:29.704Z	StillImage	COORDINATE_ROUNDED;CONTINENT_DERIVED_FROM_COORDINATES;TAXON_ID_NOT_FOUND
2626125785	50c9509d-22c7-4a22-a47d-8c48425ef4a7	https://www.inaturalist.org/observations/45335381	Animalia	Chordata	Squamata		Gekkonidae	Hemidactylus	Hemidactylus turcicus		SPECIES	Hemidactylus turcicus (Linnaeus, 1758)	Hemidactylus turcicus		US		California	PRESENT		28eb1a3f-1c15-4a95-931a-4af90ecb574d	35.163534	-119.461751	9.0						2020-05-08T20:46:09	8	5	2020	5221528	5221528	HUMAN_OBSERVATION	iNaturalist	Observations	45335381				CC_BY_NC_4_0	Ayana Liles	Ayana Liles			2026-02-23T21:51:55.617Z	StillImage	COORDINATE_ROUNDED;CONTINENT_DERIVED_FROM_COORDINATES;TAXON_ID_NOT_FOUND
2626110904	50c9509d-22c7-4a22-a47d-8c48425ef4a7	https://www.inaturalist.org/observations/45238022	Animalia	Chordata	Squamata		Gekkonidae	Hemidactylus	Hemidactylus turcicus		SPECIES	Hemidactylus turcicus (Linnaeus, 1758)	Hemidactylus turcicus		US		California	PRESENT		28eb1a3f-1c15-4a95-931a-4af90ecb574d	33.672052	-116.255989	2.0						2020-05-06T20:27	6	5	2020	5221528	5221528	HUMAN_OBSERVATION	iNaturalist	Observations	45238022		Diana	2020-05-08T04:00:11	CC0_1_0	Diana	Diana			2026-02-24T00:11:18.344Z	StillImage	COORDINATE_ROUNDED;CONTINENT_DERIVED_FROM_COORDINATES;TAXON_ID_NOT_FOUND
2620133088	50c9509d-22c7-4a22-a47d-8c48425ef4a7	https://www.inaturalist.org/observations/44920615	Animalia	Chordata	Squamata		Gekkonidae	Hemidactylus	Hemidactylus turcicus		SPECIES	Hemidactylus turcicus (Linnaeus, 1758)	Hemidactylus turcicus		US		California	PRESENT		28eb1a3f-1c15-4a95-931a-4af90ecb574d	33.710922	-116.395797	5.0						2020-04-29T05:44:40	29	4	2020	5221528	5221528	HUMAN_OBSERVATION	iNaturalist	Observations	44920615		Jan Thompson	2020-05-04T22:00:00	CC_BY_NC_4_0	Jan Thompson	Jan Thompson			2026-02-23T21:51:53.796Z	StillImage	COORDINATE_ROUNDED;CONTINENT_DERIVED_FROM_COORDINATES;TAXON_ID_NOT_FOUND
2620124354	50c9509d-22c7-4a22-a47d-8c48425ef4a7	https://www.inaturalist.org/observations/44863617	Animalia	Chordata	Squamata		Gekkonidae	Hemidactylus	Hemidactylus turcicus		SPECIES	Hemidactylus turcicus (Linnaeus, 1758)	Hemidactylus turcicus		US		California	PRESENT		28eb1a3f-1c15-4a95-931a-4af90ecb574d	33.686234	-116.497673	28930.0						2010-06-24T18:56	24	6	2010	5221528	5221528	HUMAN_OBSERVATION	iNaturalist	Observations	44863617		Jonathan Hakim	2020-05-04T11:29:58	CC_BY_NC_4_0	Jonathan Hakim	Jonathan Hakim			2026-02-23T21:51:56.705Z	StillImage	COORDINATE_ROUNDED;CONTINENT_DERIVED_FROM_COORDINATES;TAXON_ID_NOT_FOUND
2619991034	50c9509d-22c7-4a22-a47d-8c48425ef4a7	https://www.inaturalist.org/observations/44889247	Animalia	Chordata	Squamata		Gekkonidae	Hemidactylus	Hemidactylus turcicus		SPECIES	Hemidactylus turcicus (Linnaeus, 1758)	Hemidactylus turcicus		US		California	PRESENT		28eb1a3f-1c15-4a95-931a-4af90ecb574d	33.721092	-116.336228	5.0						2020-05-03T20:34:34	3	5	2020	5221528	5221528	HUMAN_OBSERVATION	iNaturalist	Observations	44889247		Sue Shigenaga	2020-05-04T16:42:29	CC_BY_NC_4_0	Sue Shigenaga	Sue Shigenaga			2026-02-23T21:51:52.536Z	StillImage	COORDINATE_ROUNDED;CONTINENT_DERIVED_FROM_COORDINATES;TAXON_ID_NOT_FOUND
2619873939	50c9509d-22c7-4a22-a47d-8c48425ef4a7	https://www.inaturalist.org/observations/45041755	Animalia	Chordata	Squamata		Gekkonidae	Hemidactylus	Hemidactylus turcicus		SPECIES	Hemidactylus turcicus (Linnaeus, 1758)	Hemidactylus turcicus		US		California	PRESENT		28eb1a3f-1c15-4a95-931a-4af90ecb574d	35.399842	-118.948807							2020-05-05T19:54:01	5	5	2020	5221528	5221528	HUMAN_OBSERVATION	iNaturalist	Observations	45041755		Aaron Griffing	2020-05-06T13:23:17	CC_BY_NC_4_0	sdbruceb	sdbruceb			2026-02-23T23:14:40.711Z	StillImage	COORDINATE_ROUNDED;CONTINENT_DERIVED_FROM_COORDINATES;TAXON_ID_NOT_FOUND
2611182664	50c9509d-22c7-4a22-a47d-8c48425ef4a7	https://www.inaturalist.org/observations/43032073	Animalia	Chordata	Squamata		Gekkonidae	Hemidactylus	Hemidactylus turcicus		SPECIES	Hemidactylus turcicus (Linnaeus, 1758)	Hemidactylus turcicus		US		California	PRESENT		28eb1a3f-1c15-4a95-931a-4af90ecb574d	33.790686	-116.463	5.0						2020-04-23T22:43:59	23	4	2020	5221528	5221528	HUMAN_OBSERVATION	iNaturalist	Observations	43032073		Batlady	2020-04-24T05:44:36	CC_BY_NC_4_0	Batlady	Batlady			2026-02-23T21:51:38.870Z	StillImage	COORDINATE_ROUNDED;CONTINENT_DERIVED_FROM_COORDINATES;TAXON_ID_NOT_FOUND
2611107018	50c9509d-22c7-4a22-a47d-8c48425ef4a7	https://www.inaturalist.org/observations/43826618	Animalia	Chordata	Squamata		Gekkonidae	Hemidactylus	Hemidactylus turcicus		SPECIES	Hemidactylus turcicus (Linnaeus, 1758)	Hemidactylus turcicus		US		California	PRESENT		28eb1a3f-1c15-4a95-931a-4af90ecb574d	32.749167	-115.273567	461.0						2020-04-26T20:33:01	26	4	2020	5221528	5221528	HUMAN_OBSERVATION	iNaturalist	Observations	43826618		Aaron Griffing	2020-04-27T04:02:25	CC_BY_NC_4_0	michelinam	michelinam			2026-02-23T22:57:29.966Z	StillImage	COORDINATE_ROUNDED;CONTINENT_DERIVED_FROM_COORDINATES;TAXON_ID_NOT_FOUND
2611101455	50c9509d-22c7-4a22-a47d-8c48425ef4a7	https://www.inaturalist.org/observations/44339300	Animalia	Chordata	Squamata		Gekkonidae	Hemidactylus	Hemidactylus turcicus		SPECIES	Hemidactylus turcicus (Linnaeus, 1758)	Hemidactylus turcicus		US		California	PRESENT		28eb1a3f-1c15-4a95-931a-4af90ecb574d	33.214665	-117.249722	4085.0						2020-04-26T20:27:13	26	4	2020	5221528	5221528	HUMAN_OBSERVATION	iNaturalist	Observations	44339300		Jorge H. Valdez	2020-05-03T03:08:00	CC_BY_NC_4_0	bulldog54	bulldog54			2026-02-23T22:57:39.543Z	StillImage	COORDINATE_ROUNDED;CONTINENT_DERIVED_FROM_COORDINATES;TAXON_ID_NOT_FOUND
2609337178	50c9509d-22c7-4a22-a47d-8c48425ef4a7	https://www.inaturalist.org/observations/42885236	Animalia	Chordata	Squamata		Gekkonidae	Hemidactylus	Hemidactylus turcicus		SPECIES	Hemidactylus turcicus (Linnaeus, 1758)	Hemidactylus turcicus		US		California	PRESENT		28eb1a3f-1c15-4a95-931a-4af90ecb574d	33.773803	-117.828688	65.0						2020-02-15T10:48:27Z	15	2	2020	5221528	5221528	HUMAN_OBSERVATION	iNaturalist	Observations	42885236		John G. Phillips	2020-04-24T06:10:51	CC_BY_NC_4_0	kierarae20	kierarae20			2026-02-24T00:10:52.480Z	StillImage	COORDINATE_ROUNDED;CONTINENT_DERIVED_FROM_COORDINATES;TAXON_ID_NOT_FOUND
2609332959	50c9509d-22c7-4a22-a47d-8c48425ef4a7	https://www.inaturalist.org/observations/42933954	Animalia	Chordata	Squamata		Gekkonidae	Hemidactylus	Hemidactylus turcicus		SPECIES	Hemidactylus turcicus (Linnaeus, 1758)	Hemidactylus turcicus		US		California	PRESENT		28eb1a3f-1c15-4a95-931a-4af90ecb574d	34.230217	-118.486978	16.0						2020-03-03T21:51:56Z	3	3	2020	5221528	5221528	HUMAN_OBSERVATION	iNaturalist	Observations	42933954				CC_BY_NC_4_0	yvettee	yvettee			2026-02-23T22:57:22.799Z	StillImage	COORDINATE_ROUNDED;CONTINENT_DERIVED_FROM_COORDINATES;TAXON_ID_NOT_FOUND
2603468711	50c9509d-22c7-4a22-a47d-8c48425ef4a7	https://www.inaturalist.org/observations/42027572	Animalia	Chordata	Squamata		Gekkonidae	Hemidactylus	Hemidactylus turcicus		SPECIES	Hemidactylus turcicus (Linnaeus, 1758)	Hemidactylus turcicus		US		California	PRESENT		28eb1a3f-1c15-4a95-931a-4af90ecb574d	33.917986	-118.188094	28902.0						2004-08-19	19	8	2004	5221528	5221528	HUMAN_OBSERVATION	iNaturalist	Observations	42027572		Flaxington	2020-04-12T20:03:35	CC_BY_NC_4_0	Flaxington	Flaxington			2026-02-23T21:51:27.093Z	StillImage	COORDINATE_ROUNDED;CONTINENT_DERIVED_FROM_COORDINATES;TAXON_ID_NOT_FOUND
2597870165	50c9509d-22c7-4a22-a47d-8c48425ef4a7	https://www.inaturalist.org/observations/41394553	Animalia	Chordata	Squamata		Gekkonidae	Hemidactylus	Hemidactylus turcicus		SPECIES	Hemidactylus turcicus (Linnaeus, 1758)	Hemidactylus turcicus		US		California	PRESENT		28eb1a3f-1c15-4a95-931a-4af90ecb574d	32.993727	-115.537787	50.0						2020-04-04T14:19:26	4	4	2020	5221528	5221528	HUMAN_OBSERVATION	iNaturalist	Observations	41394553		Matthew Salkiewicz	2020-04-05T17:44:26	CC_BY_NC_4_0	naturechallenge5	naturechallenge5			2026-02-23T21:51:17.805Z	StillImage	COORDINATE_ROUNDED;CONTINENT_DERIVED_FROM_COORDINATES;TAXON_ID_NOT_FOUND
2597818407	50c9509d-22c7-4a22-a47d-8c48425ef4a7	https://www.inaturalist.org/observations/41470934	Animalia	Chordata	Squamata		Gekkonidae	Hemidactylus	Hemidactylus turcicus		SPECIES	Hemidactylus turcicus (Linnaeus, 1758)	Hemidactylus turcicus		US		California	PRESENT		28eb1a3f-1c15-4a95-931a-4af90ecb574d	36.342522	-119.290809	28.0						2020-04-05T04:36:55Z	5	4	2020	5221528	5221528	HUMAN_OBSERVATION	iNaturalist	Observations	41470934		israelguardado44	2020-04-05T19:38:46	CC_BY_NC_4_0	israelguardado44	israelguardado44			2026-02-24T00:10:35.007Z	StillImage	COORDINATE_ROUNDED;CONTINENT_DERIVED_FROM_COORDINATES;TAXON_ID_NOT_FOUND
2597681489	50c9509d-22c7-4a22-a47d-8c48425ef4a7	https://www.inaturalist.org/observations/41508798	Animalia	Chordata	Squamata		Gekkonidae	Hemidactylus	Hemidactylus turcicus		SPECIES	Hemidactylus turcicus (Linnaeus, 1758)	Hemidactylus turcicus		US		California	PRESENT		28eb1a3f-1c15-4a95-931a-4af90ecb574d	33.672935	-116.256003	122.0						2020-04-05T04:23	5	4	2020	5221528	5221528	HUMAN_OBSERVATION	iNaturalist	Observations	41508798		Diana	2020-04-06T03:31:10	CC0_1_0	Diana	Diana			2026-02-24T00:10:35.760Z	StillImage	COORDINATE_ROUNDED;CONTINENT_DERIVED_FROM_COORDINATES;TAXON_ID_NOT_FOUND
2596370288	50c9509d-22c7-4a22-a47d-8c48425ef4a7	https://www.inaturalist.org/observations/41231795	Animalia	Chordata	Squamata		Gekkonidae	Hemidactylus	Hemidactylus turcicus		SPECIES	Hemidactylus turcicus (Linnaeus, 1758)	Hemidactylus turcicus		US		California	PRESENT		28eb1a3f-1c15-4a95-931a-4af90ecb574d	32.975118	-115.542041	5.0						2020-04-01T20:57:15	1	4	2020	5221528	5221528	HUMAN_OBSERVATION	iNaturalist	Observations	41231795		Bob Miller	2020-04-02T15:27:41	CC_BY_4_0	Bob Miller	Bob Miller			2026-02-23T22:57:05.920Z	StillImage	COORDINATE_ROUNDED;CONTINENT_DERIVED_FROM_COORDINATES;TAXON_ID_NOT_FOUND
2596300241	50c9509d-22c7-4a22-a47d-8c48425ef4a7	https://www.inaturalist.org/observations/41231873	Animalia	Chordata	Squamata		Gekkonidae	Hemidactylus	Hemidactylus turcicus		SPECIES	Hemidactylus turcicus (Linnaeus, 1758)	Hemidactylus turcicus		US		California	PRESENT		28eb1a3f-1c15-4a95-931a-4af90ecb574d	32.975116	-115.542043	5.0						2020-04-01T20:57:23	1	4	2020	5221528	5221528	HUMAN_OBSERVATION	iNaturalist	Observations	41231873		Bob Miller	2020-04-02T15:28:34	CC_BY_4_0	Bob Miller	Bob Miller			2026-02-23T22:57:04.505Z	StillImage	COORDINATE_ROUNDED;CONTINENT_DERIVED_FROM_COORDINATES;TAXON_ID_NOT_FOUND
2579358337	50c9509d-22c7-4a22-a47d-8c48425ef4a7	https://www.inaturalist.org/observations/39759039	Animalia	Chordata	Squamata		Gekkonidae	Hemidactylus	Hemidactylus turcicus		SPECIES	Hemidactylus turcicus (Linnaeus, 1758)	Hemidactylus turcicus		US		California	PRESENT		28eb1a3f-1c15-4a95-931a-4af90ecb574d	33.65403	-117.657408	22.0						2020-03-09T09:44:47	9	3	2020	5221528	5221528	HUMAN_OBSERVATION	iNaturalist	Observations	39759039		tspeters11	2020-03-09T17:17:37	CC_BY_NC_4_0	tspeters11	tspeters11			2026-02-23T22:56:52.659Z	StillImage	COORDINATE_ROUNDED;CONTINENT_DERIVED_FROM_COORDINATES;TAXON_ID_NOT_FOUND
2579267950	50c9509d-22c7-4a22-a47d-8c48425ef4a7	https://www.inaturalist.org/observations/39635597	Animalia	Chordata	Squamata		Gekkonidae	Hemidactylus	Hemidactylus turcicus		SPECIES	Hemidactylus turcicus (Linnaeus, 1758)	Hemidactylus turcicus		US		California	PRESENT		28eb1a3f-1c15-4a95-931a-4af90ecb574d	33.725853	-116.359664	12.0						2020-03-04	4	3	2020	5221528	5221528	HUMAN_OBSERVATION	iNaturalist	Observations	39635597		Colin Barrows	2020-03-07T14:06:04	CC_BY_NC_4_0	bill_henkhaus	bill_henkhaus			2026-02-23T21:51:02.289Z	StillImage	COORDINATE_ROUNDED;CONTINENT_DERIVED_FROM_COORDINATES;TAXON_ID_NOT_FOUND
2579231524	50c9509d-22c7-4a22-a47d-8c48425ef4a7	https://www.inaturalist.org/observations/39884662	Animalia	Chordata	Squamata		Gekkonidae	Hemidactylus	Hemidactylus turcicus		SPECIES	Hemidactylus turcicus (Linnaeus, 1758)	Hemidactylus turcicus		US		California	PRESENT		28eb1a3f-1c15-4a95-931a-4af90ecb574d	32.74907	-117.130967	11.0						2020-03-11T20:03:49	11	3	2020	5221528	5221528	HUMAN_OBSERVATION	iNaturalist	Observations	39884662		Robert Howell	2020-03-12T17:46:21	CC_BY_NC_4_0	ranger_plant	ranger_plant			2026-02-23T23:13:33.603Z	StillImage	COORDINATE_ROUNDED;CONTINENT_DERIVED_FROM_COORDINATES;TAXON_ID_NOT_FOUND
2574264053	50c9509d-22c7-4a22-a47d-8c48425ef4a7	https://www.inaturalist.org/observations/38641664	Animalia	Chordata	Squamata		Gekkonidae	Hemidactylus	Hemidactylus turcicus		SPECIES	Hemidactylus turcicus (Linnaeus, 1758)	Hemidactylus turcicus		US		California	PRESENT		28eb1a3f-1c15-4a95-931a-4af90ecb574d	33.929937	-117.965737							2019-02-28T23:52:48	28	2	2019	5221528	5221528	HUMAN_OBSERVATION	iNaturalist	Observations	38641664		nmoorhatch	2020-02-14T18:03:24	CC_BY_4_0	nmoorhatch	nmoorhatch			2026-02-23T21:50:54.823Z	StillImage	COORDINATE_ROUNDED;CONTINENT_DERIVED_FROM_COORDINATES;TAXON_ID_NOT_FOUND
2574258113	50c9509d-22c7-4a22-a47d-8c48425ef4a7	https://www.inaturalist.org/observations/38638571	Animalia	Chordata	Squamata		Gekkonidae	Hemidactylus	Hemidactylus turcicus		SPECIES	Hemidactylus turcicus (Linnaeus, 1758)	Hemidactylus turcicus		US		California	PRESENT		28eb1a3f-1c15-4a95-931a-4af90ecb574d	33.639076	-116.257248							2019-12-01T08:32:19	1	12	2019	5221528	5221528	HUMAN_OBSERVATION	iNaturalist	Observations	38638571		toni_rigatoni	2020-02-14T16:15:17	CC_BY_NC_4_0	toni_rigatoni	toni_rigatoni			2026-02-23T22:56:41.842Z	StillImage	COORDINATE_ROUNDED;CONTINENT_DERIVED_FROM_COORDINATES;TAXON_ID_NOT_FOUND
2574097720	50c9509d-22c7-4a22-a47d-8c48425ef4a7	https://www.inaturalist.org/observations/38936543	Animalia	Chordata	Squamata		Gekkonidae	Hemidactylus	Hemidactylus turcicus		SPECIES	Hemidactylus turcicus (Linnaeus, 1758)	Hemidactylus turcicus		US		California	PRESENT		28eb1a3f-1c15-4a95-931a-4af90ecb574d	33.725586	-116.359672	32.0						2020-02-18	18	2	2020	5221528	5221528	HUMAN_OBSERVATION	iNaturalist	Observations	38936543		Jedda	2020-02-21T01:05:17	CC_BY_NC_4_0	bill_henkhaus	bill_henkhaus			2026-02-24T00:10:03.631Z	StillImage	COORDINATE_ROUNDED;CONTINENT_DERIVED_FROM_COORDINATES;TAXON_ID_NOT_FOUND
2573980403	50c9509d-22c7-4a22-a47d-8c48425ef4a7	https://www.inaturalist.org/observations/38447405	Animalia	Chordata	Squamata		Gekkonidae	Hemidactylus	Hemidactylus turcicus		SPECIES	Hemidactylus turcicus (Linnaeus, 1758)	Hemidactylus turcicus		US		California	PRESENT		28eb1a3f-1c15-4a95-931a-4af90ecb574d	36.319508	-119.298096	49.0						2020-02-06T16:42:40Z	6	2	2020	5221528	5221528	HUMAN_OBSERVATION	iNaturalist	Observations	38447405		bobbyfingers	2020-02-09T01:43:24	CC_BY_NC_4_0	sweiser	sweiser			2026-02-23T21:50:43.837Z	StillImage	COORDINATE_ROUNDED;CONTINENT_DERIVED_FROM_COORDINATES;TAXON_ID_NOT_FOUND
2563532761	50c9509d-22c7-4a22-a47d-8c48425ef4a7	https://www.inaturalist.org/observations/37788239	Animalia	Chordata	Squamata		Gekkonidae	Hemidactylus	Hemidactylus turcicus		SPECIES	Hemidactylus turcicus (Linnaeus, 1758)	Hemidactylus turcicus		US		California	PRESENT		28eb1a3f-1c15-4a95-931a-4af90ecb574d	32.91532	-117.080573	74.0						2019-08-04T00:38:37	4	8	2019	5221528	5221528	HUMAN_OBSERVATION	iNaturalist	Observations	37788239		lrkairy	2020-01-20T19:06:16	CC_BY_NC_4_0	lrkairy	lrkairy			2026-02-23T22:56:33.617Z	StillImage	COORDINATE_ROUNDED;CONTINENT_DERIVED_FROM_COORDINATES;TAXON_ID_NOT_FOUND
2563497016	50c9509d-22c7-4a22-a47d-8c48425ef4a7	https://www.inaturalist.org/observations/37692650	Animalia	Chordata	Squamata		Gekkonidae	Hemidactylus	Hemidactylus turcicus		SPECIES	Hemidactylus turcicus (Linnaeus, 1758)	Hemidactylus turcicus		US		California	PRESENT		28eb1a3f-1c15-4a95-931a-4af90ecb574d	33.72241	-116.259437	3.0						2020-01-17T14:18:21	17	1	2020	5221528	5221528	HUMAN_OBSERVATION	iNaturalist	Observations	37692650		Rod	2020-01-17T23:00:30	CC0_1_0	Rod	Rod			2026-02-23T22:56:33.173Z	StillImage	COORDINATE_ROUNDED;CONTINENT_DERIVED_FROM_COORDINATES;TAXON_ID_NOT_FOUND
2550084120	50c9509d-22c7-4a22-a47d-8c48425ef4a7	https://www.inaturalist.org/observations/37255092	Animalia	Chordata	Squamata		Gekkonidae	Hemidactylus	Hemidactylus turcicus		SPECIES	Hemidactylus turcicus (Linnaeus, 1758)	Hemidactylus turcicus		US		California	PRESENT		28eb1a3f-1c15-4a95-931a-4af90ecb574d	36.82131	-119.793703	38.0						2017-12-10	10	12	2017	5221528	5221528	HUMAN_OBSERVATION	iNaturalist	Observations	37255092		BRUCE Williford	2020-01-04T05:23:39	CC_BY_NC_4_0	BRUCE Williford	BRUCE Williford			2026-02-23T22:56:33.362Z	StillImage	COORDINATE_ROUNDED;CONTINENT_DERIVED_FROM_COORDINATES;TAXON_ID_NOT_FOUND
2529385600	50c9509d-22c7-4a22-a47d-8c48425ef4a7	https://www.inaturalist.org/observations/36705502	Animalia	Chordata	Squamata		Gekkonidae	Hemidactylus	Hemidactylus turcicus		SPECIES	Hemidactylus turcicus (Linnaeus, 1758)	Hemidactylus turcicus		US		California	PRESENT		28eb1a3f-1c15-4a95-931a-4af90ecb574d	33.722512	-116.25938	13.0						2019-12-16T09:09:04	16	12	2019	5221528	5221528	HUMAN_OBSERVATION	iNaturalist	Observations	36705502		Rod	2019-12-16T17:11:38	CC0_1_0	Rod	Rod			2026-02-23T21:50:25.992Z	StillImage	COORDINATE_ROUNDED;CONTINENT_DERIVED_FROM_COORDINATES;TAXON_ID_NOT_FOUND
2465315010	50c9509d-22c7-4a22-a47d-8c48425ef4a7	https://www.inaturalist.org/observations/36081116	Animalia	Chordata	Squamata		Gekkonidae	Hemidactylus	Hemidactylus turcicus		SPECIES	Hemidactylus turcicus (Linnaeus, 1758)	Hemidactylus turcicus		US		California	PRESENT		28eb1a3f-1c15-4a95-931a-4af90ecb574d	36.319477	-119.298519	15.0						2019-07-18	18	7	2019	5221528	5221528	HUMAN_OBSERVATION	iNaturalist	Observations	36081116		alexb0000	2019-11-28T05:12:43	CC_BY_NC_4_0	sweiser	sweiser			2026-02-23T21:50:23.160Z	StillImage	COORDINATE_ROUNDED;CONTINENT_DERIVED_FROM_COORDINATES;TAXON_ID_NOT_FOUND
2465269773	50c9509d-22c7-4a22-a47d-8c48425ef4a7	https://www.inaturalist.org/observations/36357306	Animalia	Chordata	Squamata		Gekkonidae	Hemidactylus	Hemidactylus turcicus		SPECIES	Hemidactylus turcicus (Linnaeus, 1758)	Hemidactylus turcicus		US		California	PRESENT		28eb1a3f-1c15-4a95-931a-4af90ecb574d	34.066436	-118.440339	5.0						2019-12-04T12:25	4	12	2019	5221528	5221528	HUMAN_OBSERVATION	iNaturalist	Observations	36357306		Andy Kleinhesselink	2019-12-04T20:55:58	CC0_1_0	Andy Kleinhesselink	Andy Kleinhesselink			2026-02-24T00:09:32.602Z	StillImage	COORDINATE_ROUNDED;CONTINENT_DERIVED_FROM_COORDINATES;TAXON_ID_NOT_FOUND
2465123834	50c9509d-22c7-4a22-a47d-8c48425ef4a7	https://www.inaturalist.org/observations/32451089	Animalia	Chordata	Squamata		Gekkonidae	Hemidactylus	Hemidactylus turcicus		SPECIES	Hemidactylus turcicus (Linnaeus, 1758)	Hemidactylus turcicus		US		California	PRESENT		28eb1a3f-1c15-4a95-931a-4af90ecb574d	34.270058	-118.315117							2019-09-09T20:23:45	9	9	2019	5221528	5221528	HUMAN_OBSERVATION	iNaturalist	Observations	32451089		Chris DeGroof	2019-10-28T23:57:13	CC_BY_NC_4_0	jacquibaric	jacquibaric			2026-02-23T21:49:45.539Z	StillImage	COORDINATE_ROUNDED;CONTINENT_DERIVED_FROM_COORDINATES;TAXON_ID_NOT_FOUND
2460136468	50c9509d-22c7-4a22-a47d-8c48425ef4a7	https://www.inaturalist.org/observations/35800982	Animalia	Chordata	Squamata		Gekkonidae	Hemidactylus	Hemidactylus turcicus		SPECIES	Hemidactylus turcicus (Linnaeus, 1758)	Hemidactylus turcicus		US		California	PRESENT		28eb1a3f-1c15-4a95-931a-4af90ecb574d	32.733436	-115.488398	22767.0						2019-11-16	16	11	2019	5221528	5221528	HUMAN_OBSERVATION	iNaturalist	Observations	35800982		geckosolar	2019-11-18T01:52:13	CC_BY_NC_4_0	geckosolar	geckosolar			2026-02-23T22:56:13.455Z	StillImage	CONTINENT_DERIVED_FROM_COORDINATES;TAXON_ID_NOT_FOUND
2460119892	50c9509d-22c7-4a22-a47d-8c48425ef4a7	https://www.inaturalist.org/observations/35836897	Animalia	Chordata	Squamata		Gekkonidae	Hemidactylus	Hemidactylus turcicus		SPECIES	Hemidactylus turcicus (Linnaeus, 1758)	Hemidactylus turcicus		US		California	PRESENT		28eb1a3f-1c15-4a95-931a-4af90ecb574d	33.790611	-118.134811							2019-11-18T17:48:53	18	11	2019	5221528	5221528	HUMAN_OBSERVATION	iNaturalist	Observations	35836897		AJ Ferrara	2019-11-19T01:59:56	CC_BY_NC_4_0	AJ Ferrara	AJ Ferrara			2026-02-24T00:09:26.237Z		COORDINATE_ROUNDED;CONTINENT_DERIVED_FROM_COORDINATES;TAXON_ID_NOT_FOUND
2447997177	50c9509d-22c7-4a22-a47d-8c48425ef4a7	https://www.inaturalist.org/observations/35100964	Animalia	Chordata	Squamata		Gekkonidae	Hemidactylus	Hemidactylus turcicus		SPECIES	Hemidactylus turcicus (Linnaeus, 1758)	Hemidactylus turcicus		US		California	PRESENT		28eb1a3f-1c15-4a95-931a-4af90ecb574d	33.722397	-116.25936	21.0						2019-10-30T14:02:39	30	10	2019	5221528	5221528	HUMAN_OBSERVATION	iNaturalist	Observations	35100964		Colin Barrows	2019-10-30T21:39:35	CC0_1_0	Rod	Rod			2026-02-24T00:09:18.648Z	StillImage	COORDINATE_ROUNDED;CONTINENT_DERIVED_FROM_COORDINATES;TAXON_ID_NOT_FOUND
2447840951	50c9509d-22c7-4a22-a47d-8c48425ef4a7	https://www.inaturalist.org/observations/33235393	Animalia	Chordata	Squamata		Gekkonidae	Hemidactylus	Hemidactylus turcicus		SPECIES	Hemidactylus turcicus (Linnaeus, 1758)	Hemidactylus turcicus		US		California	PRESENT		28eb1a3f-1c15-4a95-931a-4af90ecb574d	32.870698	-117.003068	7.0						2019-07-22T15:44:43	22	7	2019	5221528	5221528	HUMAN_OBSERVATION	iNaturalist	Observations	33235393		Nathan	2019-10-28T04:23:37	CC_BY_NC_4_0	sareesaad	sareesaad			2026-02-23T22:55:52.979Z	StillImage	COORDINATE_ROUNDED;CONTINENT_DERIVED_FROM_COORDINATES;TAXON_ID_NOT_FOUND
2429620588	50c9509d-22c7-4a22-a47d-8c48425ef4a7	https://www.inaturalist.org/observations/34484165	Animalia	Chordata	Squamata		Gekkonidae	Hemidactylus	Hemidactylus turcicus		SPECIES	Hemidactylus turcicus (Linnaeus, 1758)	Hemidactylus turcicus		US		California	PRESENT		28eb1a3f-1c15-4a95-931a-4af90ecb574d	34.222905	-118.362542	5.0						2019-10-16T20:42:24	16	10	2019	5221528	5221528	HUMAN_OBSERVATION	iNaturalist	Observations	34484165		Nurse Jen	2019-10-17T03:45:55	CC_BY_NC_4_0	Nurse Jen	Nurse Jen			2026-02-23T22:56:01.315Z	StillImage	COORDINATE_ROUNDED;CONTINENT_DERIVED_FROM_COORDINATES;TAXON_ID_NOT_FOUND
2429511548	50c9509d-22c7-4a22-a47d-8c48425ef4a7	https://www.inaturalist.org/observations/34090297	Animalia	Chordata	Squamata		Gekkonidae	Hemidactylus	Hemidactylus turcicus		SPECIES	Hemidactylus turcicus (Linnaeus, 1758)	Hemidactylus turcicus		US		California	PRESENT		28eb1a3f-1c15-4a95-931a-4af90ecb574d	33.722377	-116.259236	23.0						2019-10-08T15:19:26	8	10	2019	5221528	5221528	HUMAN_OBSERVATION	iNaturalist	Observations	34090297		Rod	2019-10-08T22:21:09	CC0_1_0	Rod	Rod			2026-02-23T22:55:57.836Z	StillImage	COORDINATE_ROUNDED;CONTINENT_DERIVED_FROM_COORDINATES;TAXON_ID_NOT_FOUND
2429287481	50c9509d-22c7-4a22-a47d-8c48425ef4a7	https://www.inaturalist.org/observations/33557333	Animalia	Chordata	Squamata		Gekkonidae	Hemidactylus	Hemidactylus turcicus		SPECIES	Hemidactylus turcicus (Linnaeus, 1758)	Hemidactylus turcicus		US		California	PRESENT		28eb1a3f-1c15-4a95-931a-4af90ecb574d	33.823747	-117.839173	28902.0						2019-01-08	8	1	2019	5221528	5221528	HUMAN_OBSERVATION	iNaturalist	Observations	33557333		J Kurylo	2019-09-28T22:05:07	CC_BY_NC_4_0	J Kurylo	J Kurylo			2026-02-24T00:09:02.151Z	StillImage	COORDINATE_ROUNDED;CONTINENT_DERIVED_FROM_COORDINATES;TAXON_ID_NOT_FOUND
2423222403	50c9509d-22c7-4a22-a47d-8c48425ef4a7	https://www.inaturalist.org/observations/33332584	Animalia	Chordata	Squamata		Gekkonidae	Hemidactylus	Hemidactylus turcicus		SPECIES	Hemidactylus turcicus (Linnaeus, 1758)	Hemidactylus turcicus		US		California	PRESENT		28eb1a3f-1c15-4a95-931a-4af90ecb574d	33.845262	-116.551528	5.0						2019-09-23T03:25:02	23	9	2019	5221528	5221528	HUMAN_OBSERVATION	iNaturalist	Observations	33332584		William Mason	2019-09-24T20:21:46	CC_BY_NC_4_0	steven_317	steven_317			2026-02-23T22:55:52.371Z	StillImage	COORDINATE_ROUNDED;CONTINENT_DERIVED_FROM_COORDINATES;TAXON_ID_NOT_FOUND
2423206555	50c9509d-22c7-4a22-a47d-8c48425ef4a7	https://www.inaturalist.org/observations/33258835	Animalia	Chordata	Squamata		Gekkonidae	Hemidactylus	Hemidactylus turcicus		SPECIES	Hemidactylus turcicus (Linnaeus, 1758)	Hemidactylus turcicus		US		California	PRESENT		28eb1a3f-1c15-4a95-931a-4af90ecb574d	34.195842	-118.130632	2760.0						2019-09-22T07:27	22	9	2019	5221528	5221528	HUMAN_OBSERVATION	iNaturalist	Observations	33258835		Christine	2019-09-23T14:40:49	CC0_1_0	Christine	Christine			2026-02-23T22:55:50.732Z	StillImage	COORDINATE_ROUNDED;CONTINENT_DERIVED_FROM_COORDINATES;TAXON_ID_NOT_FOUND
2423200064	50c9509d-22c7-4a22-a47d-8c48425ef4a7	https://www.inaturalist.org/observations/33232183	Animalia	Chordata	Squamata		Gekkonidae	Hemidactylus	Hemidactylus turcicus		SPECIES	Hemidactylus turcicus (Linnaeus, 1758)	Hemidactylus turcicus		US		California	PRESENT		28eb1a3f-1c15-4a95-931a-4af90ecb574d	32.83663	-116.919188	5.0						2019-09-22T17:46:31	22	9	2019	5221528	5221528	HUMAN_OBSERVATION	iNaturalist	Observations	33232183		nhonstead	2019-09-23T00:48:17	CC_BY_NC_4_0	nhonstead	nhonstead			2026-02-23T22:55:51.492Z	StillImage	COORDINATE_ROUNDED;CONTINENT_DERIVED_FROM_COORDINATES;TAXON_ID_NOT_FOUND
2423109075	50c9509d-22c7-4a22-a47d-8c48425ef4a7	https://www.inaturalist.org/observations/32863368	Animalia	Chordata	Squamata		Gekkonidae	Hemidactylus	Hemidactylus turcicus		SPECIES	Hemidactylus turcicus (Linnaeus, 1758)	Hemidactylus turcicus		US		California	PRESENT		28eb1a3f-1c15-4a95-931a-4af90ecb574d	36.822529	-119.79359							2019-09-16	16	9	2019	5221528	5221528	HUMAN_OBSERVATION	iNaturalist	Observations	32863368		doeadeer	2019-09-16T22:58:38	CC_BY_NC_4_0	doeadeer	doeadeer			2026-02-23T21:49:49.530Z	StillImage	COORDINATE_ROUNDED;CONTINENT_DERIVED_FROM_COORDINATES;TAXON_ID_NOT_FOUND
2423106020	50c9509d-22c7-4a22-a47d-8c48425ef4a7	https://www.inaturalist.org/observations/32850029	Animalia	Chordata	Squamata		Gekkonidae	Hemidactylus	Hemidactylus turcicus		SPECIES	Hemidactylus turcicus (Linnaeus, 1758)	Hemidactylus turcicus		US		California	PRESENT		28eb1a3f-1c15-4a95-931a-4af90ecb574d	33.670059	-117.992191	28930.0						2019-08-22T20:28	22	8	2019	5221528	5221528	HUMAN_OBSERVATION	iNaturalist	Observations	32850029		Matt Gruen	2019-09-16T19:17:17	CC_BY_NC_4_0	Matt Gruen	Matt Gruen			2026-02-23T22:55:45.201Z		COORDINATE_ROUNDED;CONTINENT_DERIVED_FROM_COORDINATES;TAXON_ID_NOT_FOUND
2423044873	50c9509d-22c7-4a22-a47d-8c48425ef4a7	https://www.inaturalist.org/observations/32626212	Animalia	Chordata	Squamata		Gekkonidae	Hemidactylus	Hemidactylus turcicus		SPECIES	Hemidactylus turcicus (Linnaeus, 1758)	Hemidactylus turcicus		US		California	PRESENT		28eb1a3f-1c15-4a95-931a-4af90ecb574d	34.344969	-118.274361	28846.0						2019-09-12T20:00:07	12	9	2019	5221528	5221528	HUMAN_OBSERVATION	iNaturalist	Observations	32626212		danastangel	2019-09-13T03:53:52	CC_BY_NC_4_0	danastangel	danastangel			2026-02-24T00:08:54.758Z	StillImage	COORDINATE_ROUNDED;CONTINENT_DERIVED_FROM_COORDINATES;TAXON_ID_NOT_FOUND
2423036569	50c9509d-22c7-4a22-a47d-8c48425ef4a7	https://www.inaturalist.org/observations/32595866	Animalia	Chordata	Squamata		Gekkonidae	Hemidactylus	Hemidactylus turcicus		SPECIES	Hemidactylus turcicus (Linnaeus, 1758)	Hemidactylus turcicus		US		California	PRESENT		28eb1a3f-1c15-4a95-931a-4af90ecb574d	38.002626	-121.982976	22.0						2019-09-12T08:44:31	12	9	2019	5221528	5221528	HUMAN_OBSERVATION	iNaturalist	Observations	32595866		bflaada	2019-09-12T17:25:58	CC_BY_NC_4_0	bflaada	bflaada			2026-02-23T22:55:45.642Z	StillImage	COORDINATE_ROUNDED;CONTINENT_DERIVED_FROM_COORDINATES;TAXON_ID_NOT_FOUND
2422914357	50c9509d-22c7-4a22-a47d-8c48425ef4a7	https://www.inaturalist.org/observations/32145874	Animalia	Chordata	Squamata		Gekkonidae	Hemidactylus	Hemidactylus turcicus		SPECIES	Hemidactylus turcicus (Linnaeus, 1758)	Hemidactylus turcicus		US		California	PRESENT		28eb1a3f-1c15-4a95-931a-4af90ecb574d	33.748749	-117.96024	74548.0						2019-09-04T20:38:22	4	9	2019	5221528	5221528	HUMAN_OBSERVATION	iNaturalist	Observations	32145874		lordofbugs	2019-09-05T04:16:59	CC_BY_NC_4_0	lordofbugs	lordofbugs			2026-02-24T00:08:44.626Z	StillImage	COORDINATE_ROUNDED;CONTINENT_DERIVED_FROM_COORDINATES;TAXON_ID_NOT_FOUND
2397488411	50c9509d-22c7-4a22-a47d-8c48425ef4a7	https://www.inaturalist.org/observations/29417970	Animalia	Chordata	Squamata		Gekkonidae	Hemidactylus	Hemidactylus turcicus		SPECIES	Hemidactylus turcicus (Linnaeus, 1758)	Hemidactylus turcicus		US		California	PRESENT		28eb1a3f-1c15-4a95-931a-4af90ecb574d	35.327828	-119.074779	6.0						2019-07-23T18:11:02	23	7	2019	5221528	5221528	HUMAN_OBSERVATION	iNaturalist	Observations	29417970		Bruce Freeman	2019-07-24T18:29:37	CC_BY_NC_4_0	legatto	legatto			2026-02-24T00:08:13.233Z	StillImage	COORDINATE_ROUNDED;CONTINENT_DERIVED_FROM_COORDINATES;TAXON_ID_NOT_FOUND
2366048244	50c9509d-22c7-4a22-a47d-8c48425ef4a7	https://www.inaturalist.org/observations/30924540	Animalia	Chordata	Squamata		Gekkonidae	Hemidactylus	Hemidactylus turcicus		SPECIES	Hemidactylus turcicus (Linnaeus, 1758)	Hemidactylus turcicus		US		California	PRESENT		28eb1a3f-1c15-4a95-931a-4af90ecb574d	33.705346	-116.371713	28930.0						2019-08-15T21:23:42	15	8	2019	5221528	5221528	HUMAN_OBSERVATION	iNaturalist	Observations	30924540		dean_leavitt	2019-08-16T18:19:54	CC_BY_NC_4_0	juliabt	juliabt			2026-02-23T21:49:26.524Z	StillImage	COORDINATE_ROUNDED;CONTINENT_DERIVED_FROM_COORDINATES;TAXON_ID_NOT_FOUND
2331951290	50c9509d-22c7-4a22-a47d-8c48425ef4a7	https://www.inaturalist.org/observations/30380970	Animalia	Chordata	Squamata		Gekkonidae	Hemidactylus	Hemidactylus turcicus		SPECIES	Hemidactylus turcicus (Linnaeus, 1758)	Hemidactylus turcicus		US		California	PRESENT		28eb1a3f-1c15-4a95-931a-4af90ecb574d	36.733837	-119.766813	65.0						2019-08-04T18:56:32	4	8	2019	5221528	5221528	HUMAN_OBSERVATION	iNaturalist	Observations	30380970		lindseyexplorescentralca	2019-08-07T19:22:11	CC_BY_NC_4_0	lindseyexplorescentralca	lindseyexplorescentralca			2026-02-23T21:49:27.013Z	StillImage	COORDINATE_ROUNDED;CONTINENT_DERIVED_FROM_COORDINATES;TAXON_ID_NOT_FOUND
2331931287	50c9509d-22c7-4a22-a47d-8c48425ef4a7	https://www.inaturalist.org/observations/30301835	Animalia	Chordata	Squamata		Gekkonidae	Hemidactylus	Hemidactylus turcicus		SPECIES	Hemidactylus turcicus (Linnaeus, 1758)	Hemidactylus turcicus		US		California	PRESENT		28eb1a3f-1c15-4a95-931a-4af90ecb574d	34.143856	-116.092743							2019-08-04T17:13:58	4	8	2019	5221528	5221528	HUMAN_OBSERVATION	iNaturalist	Observations	30301835		thood	2019-08-06T12:15:42	CC_BY_NC_4_0	thood	thood			2026-02-23T22:55:22.905Z	StillImage	COORDINATE_ROUNDED;CONTINENT_DERIVED_FROM_COORDINATES;TAXON_ID_NOT_FOUND
2311349927	50c9509d-22c7-4a22-a47d-8c48425ef4a7	https://www.inaturalist.org/observations/29693805	Animalia	Chordata	Squamata		Gekkonidae	Hemidactylus	Hemidactylus turcicus		SPECIES	Hemidactylus turcicus (Linnaeus, 1758)	Hemidactylus turcicus		US		California	PRESENT		28eb1a3f-1c15-4a95-931a-4af90ecb574d	33.677763	-117.253973	16.0						2019-07-28T00:49:04	28	7	2019	5221528	5221528	HUMAN_OBSERVATION	iNaturalist	Observations	29693805		Will Flaxington	2019-07-29T18:41:49	CC_BY_NC_4_0	skelewhor	skelewhor			2026-02-23T22:55:16.217Z	StillImage	COORDINATE_ROUNDED;CONTINENT_DERIVED_FROM_COORDINATES;TAXON_ID_NOT_FOUND
2294623709	50c9509d-22c7-4a22-a47d-8c48425ef4a7	https://www.inaturalist.org/observations/29304294	Animalia	Chordata	Squamata		Gekkonidae	Hemidactylus	Hemidactylus turcicus		SPECIES	Hemidactylus turcicus (Linnaeus, 1758)	Hemidactylus turcicus		US		California	PRESENT		28eb1a3f-1c15-4a95-931a-4af90ecb574d	33.694985	-116.372177	28930.0						2019-07-22T00:25	22	7	2019	5221528	5221528	HUMAN_OBSERVATION	iNaturalist	Observations	29304294		juliabt	2019-07-22T08:00:21	CC_BY_NC_4_0	juliabt	juliabt			2026-02-23T22:55:07.068Z	StillImage	COORDINATE_ROUNDED;CONTINENT_DERIVED_FROM_COORDINATES;TAXON_ID_NOT_FOUND
2294615823	50c9509d-22c7-4a22-a47d-8c48425ef4a7	https://www.inaturalist.org/observations/29277235	Animalia	Chordata	Squamata		Gekkonidae	Hemidactylus	Hemidactylus turcicus		SPECIES	Hemidactylus turcicus (Linnaeus, 1758)	Hemidactylus turcicus		US		California	PRESENT		28eb1a3f-1c15-4a95-931a-4af90ecb574d	33.732198	-116.318651	5.0						2019-07-21T15:10:49	21	7	2019	5221528	5221528	HUMAN_OBSERVATION	iNaturalist	Observations	29277235		Douglas J. Long	2019-07-22T17:28:36	CC_BY_NC_4_0	jbhatch	jbhatch			2026-02-24T00:08:10.790Z	StillImage	COORDINATE_ROUNDED;CONTINENT_DERIVED_FROM_COORDINATES;TAXON_ID_NOT_FOUND
2294452132	50c9509d-22c7-4a22-a47d-8c48425ef4a7	https://www.inaturalist.org/observations/28658796	Animalia	Chordata	Squamata		Gekkonidae	Hemidactylus	Hemidactylus turcicus		SPECIES	Hemidactylus turcicus (Linnaeus, 1758)	Hemidactylus turcicus		US		California	PRESENT		28eb1a3f-1c15-4a95-931a-4af90ecb574d	33.66065	-116.318586							2019-07-04T21:33	4	7	2019	5221528	5221528	HUMAN_OBSERVATION	iNaturalist	Observations	28658796		Colin Barrows	2019-07-12T05:54:29	CC0_1_0	Colin Barrows	Colin Barrows			2026-02-24T00:08:04.208Z	StillImage	COORDINATE_ROUNDED;CONTINENT_DERIVED_FROM_COORDINATES;TAXON_ID_NOT_FOUND
2294408944	50c9509d-22c7-4a22-a47d-8c48425ef4a7	https://www.inaturalist.org/observations/21587445	Animalia	Chordata	Squamata		Gekkonidae	Hemidactylus	Hemidactylus turcicus		SPECIES	Hemidactylus turcicus (Linnaeus, 1758)	Hemidactylus turcicus		US		California	PRESENT		28eb1a3f-1c15-4a95-931a-4af90ecb574d	33.645871	-117.629294	15.0						2019-03-24T21:49	24	3	2019	5221528	5221528	HUMAN_OBSERVATION	iNaturalist	Observations	21587445		Tom	2019-03-25T04:52:12	CC_BY_NC_4_0	Tom	Tom			2026-02-24T00:06:54.328Z	StillImage	COORDINATE_ROUNDED;CONTINENT_DERIVED_FROM_COORDINATES;TAXON_ID_NOT_FOUND
2283265906	50c9509d-22c7-4a22-a47d-8c48425ef4a7	https://www.inaturalist.org/observations/28582741	Animalia	Chordata	Squamata		Gekkonidae	Hemidactylus	Hemidactylus turcicus		SPECIES	Hemidactylus turcicus (Linnaeus, 1758)	Hemidactylus turcicus		US		California	PRESENT		28eb1a3f-1c15-4a95-931a-4af90ecb574d	37.372554	-122.009189	54.0						2019-07-09T21:19:28	9	7	2019	5221528	5221528	HUMAN_OBSERVATION	iNaturalist	Observations	28582741		Will Flaxington	2019-07-11T02:20:23	CC_BY_NC_4_0	kevindick	kevindick			2026-02-23T21:49:03.078Z	StillImage	COORDINATE_ROUNDED;CONTINENT_DERIVED_FROM_COORDINATES;TAXON_ID_NOT_FOUND
2283166276	50c9509d-22c7-4a22-a47d-8c48425ef4a7	https://www.inaturalist.org/observations/28218347	Animalia	Chordata	Squamata		Gekkonidae	Hemidactylus	Hemidactylus turcicus		SPECIES	Hemidactylus turcicus (Linnaeus, 1758)	Hemidactylus turcicus		US		California	PRESENT		28eb1a3f-1c15-4a95-931a-4af90ecb574d	32.97513	-115.542043	11.0						2019-07-04T20:54:06	4	7	2019	5221528	5221528	HUMAN_OBSERVATION	iNaturalist	Observations	28218347		Bob Miller	2019-07-05T05:58:04	CC_BY_4_0	Bob Miller	Bob Miller			2026-02-23T22:54:57.167Z	StillImage	COORDINATE_ROUNDED;CONTINENT_DERIVED_FROM_COORDINATES;TAXON_ID_NOT_FOUND
2283140748	50c9509d-22c7-4a22-a47d-8c48425ef4a7	https://www.inaturalist.org/observations/28129985	Animalia	Chordata	Squamata		Gekkonidae	Hemidactylus	Hemidactylus turcicus		SPECIES	Hemidactylus turcicus (Linnaeus, 1758)	Hemidactylus turcicus		US		California	PRESENT		28eb1a3f-1c15-4a95-931a-4af90ecb574d	33.738165	-116.360189	6.0						2019-07-03T11:41:44	3	7	2019	5221528	5221528	HUMAN_OBSERVATION	iNaturalist	Observations	28129985		Jedda	2019-07-03T19:10:28	CC_BY_NC_4_0	Joshua Hertz	Joshua Hertz			2026-02-23T22:54:57.588Z	StillImage	COORDINATE_ROUNDED;CONTINENT_DERIVED_FROM_COORDINATES;TAXON_ID_NOT_FOUND
2273194998	50c9509d-22c7-4a22-a47d-8c48425ef4a7	https://www.inaturalist.org/observations/10620872	Animalia	Chordata	Squamata		Gekkonidae	Hemidactylus	Hemidactylus turcicus		SPECIES	Hemidactylus turcicus (Linnaeus, 1758)	Hemidactylus turcicus		US		California	PRESENT		28eb1a3f-1c15-4a95-931a-4af90ecb574d	33.890738	-118.272737	65.0						2018-04-04T13:25:26	4	4	2018	5221528	5221528	HUMAN_OBSERVATION	iNaturalist	Observations	10620872		William Mason	2019-06-27T20:31:56	CC_BY_NC_4_0	I-Bug	I-Bug			2026-02-23T21:46:38.610Z	StillImage	COORDINATE_ROUNDED;CONTINENT_DERIVED_FROM_COORDINATES;TAXON_ID_NOT_FOUND
2269255185	50c9509d-22c7-4a22-a47d-8c48425ef4a7	https://www.inaturalist.org/observations/27047105	Animalia	Chordata	Squamata		Gekkonidae	Hemidactylus	Hemidactylus turcicus		SPECIES	Hemidactylus turcicus (Linnaeus, 1758)	Hemidactylus turcicus		US		California	PRESENT		28eb1a3f-1c15-4a95-931a-4af90ecb574d	34.08954	-118.156083	22.0						2019-06-15T08:27:12	15	6	2019	5221528	5221528	HUMAN_OBSERVATION	iNaturalist	Observations	27047105		Keymi Ordenana	2019-06-15T21:05:35	CC_BY_NC_4_0	Keymi Ordenana	Keymi Ordenana			2026-02-23T21:48:47.924Z	StillImage	COORDINATE_ROUNDED;CONTINENT_DERIVED_FROM_COORDINATES;TAXON_ID_NOT_FOUND
2265855672	50c9509d-22c7-4a22-a47d-8c48425ef4a7	https://www.inaturalist.org/observations/26726950	Animalia	Chordata	Squamata		Gekkonidae	Hemidactylus	Hemidactylus turcicus		SPECIES	Hemidactylus turcicus (Linnaeus, 1758)	Hemidactylus turcicus		US		California	PRESENT		28eb1a3f-1c15-4a95-931a-4af90ecb574d	34.143787	-116.092567							2019-06-09T20:46:29	9	6	2019	5221528	5221528	HUMAN_OBSERVATION	iNaturalist	Observations	26726950		thood	2019-06-10T03:56:00	CC_BY_NC_4_0	thood	thood			2026-02-23T21:48:45.387Z	StillImage	COORDINATE_ROUNDED;CONTINENT_DERIVED_FROM_COORDINATES;TAXON_ID_NOT_FOUND
2252057020	50c9509d-22c7-4a22-a47d-8c48425ef4a7	https://www.inaturalist.org/observations/26414535	Animalia	Chordata	Squamata		Gekkonidae	Hemidactylus	Hemidactylus turcicus		SPECIES	Hemidactylus turcicus (Linnaeus, 1758)	Hemidactylus turcicus		US		California	PRESENT		28eb1a3f-1c15-4a95-931a-4af90ecb574d	38.557658	-121.428551	26.0						2019-06-02T18:02:31	2	6	2019	5221528	5221528	HUMAN_OBSERVATION	iNaturalist	Observations	26414535		Cynthia Bardouka-Large	2019-06-05T00:16:38	CC_BY_NC_4_0	Cynthia Bardouka-Large	Cynthia Bardouka-Large			2026-02-24T00:07:42.795Z	StillImage	COORDINATE_ROUNDED;CONTINENT_DERIVED_FROM_COORDINATES;TAXON_ID_NOT_FOUND
2251995499	50c9509d-22c7-4a22-a47d-8c48425ef4a7	https://www.inaturalist.org/observations/26156171	Animalia	Chordata	Squamata		Gekkonidae	Hemidactylus	Hemidactylus turcicus		SPECIES	Hemidactylus turcicus (Linnaeus, 1758)	Hemidactylus turcicus		US		California	PRESENT		28eb1a3f-1c15-4a95-931a-4af90ecb574d	35.327899	-119.074968	23.0						2019-05-31T20:51:25	31	5	2019	5221528	5221528	HUMAN_OBSERVATION	iNaturalist	Observations	26156171		Jedda	2019-06-01T04:17:15	CC_BY_NC_4_0	legatto	legatto			2026-02-24T00:07:35.249Z	StillImage	COORDINATE_ROUNDED;CONTINENT_DERIVED_FROM_COORDINATES;TAXON_ID_NOT_FOUND
2242895312	50c9509d-22c7-4a22-a47d-8c48425ef4a7	https://www.inaturalist.org/observations/24761417	Animalia	Chordata	Squamata		Gekkonidae	Hemidactylus	Hemidactylus turcicus		SPECIES	Hemidactylus turcicus (Linnaeus, 1758)	Hemidactylus turcicus		US		California	PRESENT		28eb1a3f-1c15-4a95-931a-4af90ecb574d	33.729721	-116.246109							2019-05-07T11:33:04	7	5	2019	5221528	5221528	HUMAN_OBSERVATION	iNaturalist	Observations	24761417		c-h	2019-05-08T00:39:49	CC_BY_NC_4_0	c-h	c-h			2026-02-23T22:54:22.718Z	StillImage	COORDINATE_ROUNDED;CONTINENT_DERIVED_FROM_COORDINATES;TAXON_ID_NOT_FOUND
2239043097	50c9509d-22c7-4a22-a47d-8c48425ef4a7	https://www.inaturalist.org/observations/24352726	Animalia	Chordata	Squamata		Gekkonidae	Hemidactylus	Hemidactylus turcicus		SPECIES	Hemidactylus turcicus (Linnaeus, 1758)	Hemidactylus turcicus		US		California	PRESENT		28eb1a3f-1c15-4a95-931a-4af90ecb574d	32.783709	-115.621007	101.0						2019-05-01T23:20:24	1	5	2019	5221528	5221528	HUMAN_OBSERVATION	iNaturalist	Observations	24352726		taylorsmithsdsu	2019-05-02T06:23:48	CC_BY_NC_4_0	taylorsmithsdsu	taylorsmithsdsu			2026-02-23T22:54:17.810Z	StillImage	COORDINATE_ROUNDED;CONTINENT_DERIVED_FROM_COORDINATES;TAXON_ID_NOT_FOUND
2239041158	50c9509d-22c7-4a22-a47d-8c48425ef4a7	https://www.inaturalist.org/observations/24352715	Animalia	Chordata	Squamata		Gekkonidae	Hemidactylus	Hemidactylus turcicus		SPECIES	Hemidactylus turcicus (Linnaeus, 1758)	Hemidactylus turcicus		US		California	PRESENT		28eb1a3f-1c15-4a95-931a-4af90ecb574d	32.783723	-115.621035	58.0						2019-05-01T23:15:26	1	5	2019	5221528	5221528	HUMAN_OBSERVATION	iNaturalist	Observations	24352715		taylorsmithsdsu	2019-05-02T06:22:50	CC_BY_NC_4_0	taylorsmithsdsu	taylorsmithsdsu			2026-02-23T21:48:25.865Z	StillImage	COORDINATE_ROUNDED;CONTINENT_DERIVED_FROM_COORDINATES;TAXON_ID_NOT_FOUND
2238940981	50c9509d-22c7-4a22-a47d-8c48425ef4a7	https://www.inaturalist.org/observations/23859407	Animalia	Chordata	Squamata		Gekkonidae	Hemidactylus	Hemidactylus turcicus		SPECIES	Hemidactylus turcicus (Linnaeus, 1758)	Hemidactylus turcicus		US		California	PRESENT		28eb1a3f-1c15-4a95-931a-4af90ecb574d	32.783778	-115.621028	22.0						2019-04-28T21:47:52	28	4	2019	5221528	5221528	HUMAN_OBSERVATION	iNaturalist	Observations	23859407		taylorsmithsdsu	2019-04-29T05:54:31	CC_BY_NC_4_0	taylorsmithsdsu	taylorsmithsdsu			2026-02-23T23:09:59.861Z	StillImage	COORDINATE_ROUNDED;CONTINENT_DERIVED_FROM_COORDINATES;TAXON_ID_NOT_FOUND
2238940951	50c9509d-22c7-4a22-a47d-8c48425ef4a7	https://www.inaturalist.org/observations/23859755	Animalia	Chordata	Squamata		Gekkonidae	Hemidactylus	Hemidactylus turcicus		SPECIES	Hemidactylus turcicus (Linnaeus, 1758)	Hemidactylus turcicus		US		California	PRESENT		28eb1a3f-1c15-4a95-931a-4af90ecb574d	32.783765	-115.621123	24.0						2019-04-28T22:46:59	28	4	2019	5221528	5221528	HUMAN_OBSERVATION	iNaturalist	Observations	23859755		taylorsmithsdsu	2019-04-29T05:56:34	CC_BY_NC_4_0	taylorsmithsdsu	taylorsmithsdsu			2026-02-23T23:10:05.577Z	StillImage	COORDINATE_ROUNDED;CONTINENT_DERIVED_FROM_COORDINATES;TAXON_ID_NOT_FOUND
2238940618	50c9509d-22c7-4a22-a47d-8c48425ef4a7	https://www.inaturalist.org/observations/23859669	Animalia	Chordata	Squamata		Gekkonidae	Hemidactylus	Hemidactylus turcicus		SPECIES	Hemidactylus turcicus (Linnaeus, 1758)	Hemidactylus turcicus		US		California	PRESENT		28eb1a3f-1c15-4a95-931a-4af90ecb574d	32.78352	-115.621045	22.0						2019-04-28T22:07:23	28	4	2019	5221528	5221528	HUMAN_OBSERVATION	iNaturalist	Observations	23859669		taylorsmithsdsu	2019-04-29T05:55:45	CC_BY_NC_4_0	taylorsmithsdsu	taylorsmithsdsu			2026-02-23T22:54:15.419Z	StillImage	COORDINATE_ROUNDED;CONTINENT_DERIVED_FROM_COORDINATES;TAXON_ID_NOT_FOUND
2237436145	50c9509d-22c7-4a22-a47d-8c48425ef4a7	https://www.inaturalist.org/observations/22693008	Animalia	Chordata	Squamata		Gekkonidae	Hemidactylus	Hemidactylus turcicus		SPECIES	Hemidactylus turcicus (Linnaeus, 1758)	Hemidactylus turcicus		US		California	PRESENT		28eb1a3f-1c15-4a95-931a-4af90ecb574d	33.671025	-116.551828	28930.0						2019-04-18T22:01:30	18	4	2019	5221528	5221528	HUMAN_OBSERVATION	iNaturalist	Observations	22693008		Cathy Wiley	2019-04-19T05:06:58	CC_BY_NC_4_0	Cathy Wiley	Cathy Wiley			2026-02-23T21:48:14.861Z	StillImage	COORDINATE_ROUNDED;CONTINENT_DERIVED_FROM_COORDINATES;TAXON_ID_NOT_FOUND
2236900354	50c9509d-22c7-4a22-a47d-8c48425ef4a7	https://www.inaturalist.org/observations/22582080	Animalia	Chordata	Squamata		Gekkonidae	Hemidactylus	Hemidactylus turcicus		SPECIES	Hemidactylus turcicus (Linnaeus, 1758)	Hemidactylus turcicus		US		California	PRESENT		28eb1a3f-1c15-4a95-931a-4af90ecb574d	34.170387	-118.162809	22.0						2019-04-16T16:00:15	16	4	2019	5221528	5221528	HUMAN_OBSERVATION	iNaturalist	Observations	22582080		Katie Rodriguez	2019-04-16T23:17:48	CC_BY_4_0	Katie Rodriguez	Katie Rodriguez			2026-02-23T21:48:18.369Z	StillImage	COORDINATE_ROUNDED;CONTINENT_DERIVED_FROM_COORDINATES;TAXON_ID_NOT_FOUND
2236865791	50c9509d-22c7-4a22-a47d-8c48425ef4a7	https://www.inaturalist.org/observations/22447977	Animalia	Chordata	Squamata		Gekkonidae	Hemidactylus	Hemidactylus turcicus		SPECIES	Hemidactylus turcicus (Linnaeus, 1758)	Hemidactylus turcicus		US		California	PRESENT		28eb1a3f-1c15-4a95-931a-4af90ecb574d	33.672435	-116.255745							2019-04-13T19:36	13	4	2019	5221528	5221528	HUMAN_OBSERVATION	iNaturalist	Observations	22447977		Diana	2019-04-14T03:15:27	CC0_1_0	Diana	Diana			2026-02-24T00:07:03.994Z	StillImage	CONTINENT_DERIVED_FROM_COORDINATES;TAXON_ID_NOT_FOUND
2235550812	50c9509d-22c7-4a22-a47d-8c48425ef4a7	https://www.inaturalist.org/observations/21969539	Animalia	Chordata	Squamata		Gekkonidae	Hemidactylus	Hemidactylus turcicus		SPECIES	Hemidactylus turcicus (Linnaeus, 1758)	Hemidactylus turcicus		US		California	PRESENT		28eb1a3f-1c15-4a95-931a-4af90ecb574d	32.783882	-115.621008	110.0						2019-04-03T19:02:25	3	4	2019	5221528	5221528	HUMAN_OBSERVATION	iNaturalist	Observations	21969539		taylorsmithsdsu	2019-04-04T02:21:45	CC_BY_NC_4_0	taylorsmithsdsu	taylorsmithsdsu			2026-02-24T00:06:58.504Z	StillImage	COORDINATE_ROUNDED;CONTINENT_DERIVED_FROM_COORDINATES;TAXON_ID_NOT_FOUND
2006027850	50c9509d-22c7-4a22-a47d-8c48425ef4a7	https://www.inaturalist.org/observations/10434498	Animalia	Chordata	Squamata		Gekkonidae	Hemidactylus	Hemidactylus turcicus		SPECIES	Hemidactylus turcicus (Linnaeus, 1758)	Hemidactylus turcicus		US		California	PRESENT		28eb1a3f-1c15-4a95-931a-4af90ecb574d	34.001489	-118.068986	5.0						2018-03-23T15:36:34	23	3	2018	5221528	5221528	HUMAN_OBSERVATION	iNaturalist	Observations	10434498		Andrew J. Louros	2018-03-26T18:07:54	CC_BY_NC_4_0	Andrew J. Louros	Andrew J. Louros			2026-02-23T22:52:39.893Z	StillImage	COORDINATE_ROUNDED;CONTINENT_DERIVED_FROM_COORDINATES;TAXON_ID_NOT_FOUND
1933585214	50c9509d-22c7-4a22-a47d-8c48425ef4a7	https://www.inaturalist.org/observations/17978674	Animalia	Chordata	Squamata		Gekkonidae	Hemidactylus	Hemidactylus turcicus		SPECIES	Hemidactylus turcicus (Linnaeus, 1758)	Hemidactylus turcicus		US		California	PRESENT		28eb1a3f-1c15-4a95-931a-4af90ecb574d	33.770563	-116.351347	19.0						2018-10-30T19:38:18	30	10	2018	5221528	5221528	HUMAN_OBSERVATION	iNaturalist	Observations	17978674		Chris Evers	2018-10-31T02:40:25	CC_BY_NC_4_0	Chris Evers	Chris Evers			2026-02-23T21:47:37.704Z	StillImage	COORDINATE_ROUNDED;CONTINENT_DERIVED_FROM_COORDINATES;TAXON_ID_NOT_FOUND
1933558924	50c9509d-22c7-4a22-a47d-8c48425ef4a7	https://www.inaturalist.org/observations/17887445	Animalia	Chordata	Squamata		Gekkonidae	Hemidactylus	Hemidactylus turcicus		SPECIES	Hemidactylus turcicus (Linnaeus, 1758)	Hemidactylus turcicus		US		California	PRESENT		28eb1a3f-1c15-4a95-931a-4af90ecb574d	33.797763	-116.534613	5.0						2018-10-26T22:57:51	26	10	2018	5221528	5221528	HUMAN_OBSERVATION	iNaturalist	Observations	17887445		pocketmouse	2018-10-27T21:40:05	CC_BY_NC_4_0	pocketmouse	pocketmouse			2026-02-23T21:47:41.138Z	StillImage	COORDINATE_ROUNDED;CONTINENT_DERIVED_FROM_COORDINATES;TAXON_ID_NOT_FOUND
1920836375	50c9509d-22c7-4a22-a47d-8c48425ef4a7	https://www.inaturalist.org/observations/17386833	Animalia	Chordata	Squamata		Gekkonidae	Hemidactylus	Hemidactylus turcicus		SPECIES	Hemidactylus turcicus (Linnaeus, 1758)	Hemidactylus turcicus		US		California	PRESENT		28eb1a3f-1c15-4a95-931a-4af90ecb574d	33.748383	-115.824206							2018-10-06T10:34	6	10	2018	5221528	5221528	HUMAN_OBSERVATION	iNaturalist	Observations	17386833		Michael	2018-10-10T20:04:26	CC_BY_NC_4_0	Michael	Michael			2026-02-23T21:47:37.302Z	StillImage	COORDINATE_ROUNDED;CONTINENT_DERIVED_FROM_COORDINATES;TAXON_ID_NOT_FOUND
1914325322	50c9509d-22c7-4a22-a47d-8c48425ef4a7	https://www.inaturalist.org/observations/17016294	Animalia	Chordata	Squamata		Gekkonidae	Hemidactylus	Hemidactylus turcicus		SPECIES	Hemidactylus turcicus (Linnaeus, 1758)	Hemidactylus turcicus		US		California	PRESENT		28eb1a3f-1c15-4a95-931a-4af90ecb574d	33.72248	-116.259375	8.0						2018-09-28T18:54:59	28	9	2018	5221528	5221528	HUMAN_OBSERVATION	iNaturalist	Observations	17016294		Rod	2018-09-29T01:56:48	CC0_1_0	Rod	Rod			2026-02-23T21:47:33.796Z	StillImage	COORDINATE_ROUNDED;CONTINENT_DERIVED_FROM_COORDINATES;TAXON_ID_NOT_FOUND
1901083774	50c9509d-22c7-4a22-a47d-8c48425ef4a7	https://www.inaturalist.org/observations/16264846	Animalia	Chordata	Squamata		Gekkonidae	Hemidactylus	Hemidactylus turcicus		SPECIES	Hemidactylus turcicus (Linnaeus, 1758)	Hemidactylus turcicus		US		California	PRESENT		28eb1a3f-1c15-4a95-931a-4af90ecb574d	33.527517	-117.661769	28957.0						2018-09-03T08:30	3	9	2018	5221528	5221528	HUMAN_OBSERVATION	iNaturalist	Observations	16264846		NHMLA Community Science Program	2018-09-06T18:55:16	CC_BY_NC_4_0	NHMLA Community Science Program	NHMLA Community Science Program			2026-02-24T00:06:09.291Z	StillImage	COORDINATE_ROUNDED;CONTINENT_DERIVED_FROM_COORDINATES;TAXON_ID_NOT_FOUND
1901052997	50c9509d-22c7-4a22-a47d-8c48425ef4a7	https://www.inaturalist.org/observations/16132189	Animalia	Chordata	Squamata		Gekkonidae	Hemidactylus	Hemidactylus turcicus		SPECIES	Hemidactylus turcicus (Linnaeus, 1758)	Hemidactylus turcicus		US		California	PRESENT		28eb1a3f-1c15-4a95-931a-4af90ecb574d	33.660492	-116.3187	44.0						2018-09-01T21:19:41	1	9	2018	5221528	5221528	HUMAN_OBSERVATION	iNaturalist	Observations	16132189		Colin Barrows	2018-09-02T14:37:37	CC0_1_0	Colin Barrows	Colin Barrows			2026-02-23T22:53:22.227Z	StillImage	COORDINATE_ROUNDED;CONTINENT_DERIVED_FROM_COORDINATES;TAXON_ID_NOT_FOUND
1890680950	50c9509d-22c7-4a22-a47d-8c48425ef4a7	https://www.inaturalist.org/observations/15087926	Animalia	Chordata	Squamata		Gekkonidae	Hemidactylus	Hemidactylus turcicus		SPECIES	Hemidactylus turcicus (Linnaeus, 1758)	Hemidactylus turcicus		US		California	PRESENT		28eb1a3f-1c15-4a95-931a-4af90ecb574d	39.728494	-121.837478	14468.0						2018-07-24	24	7	2018	5221528	5221528	HUMAN_OBSERVATION	iNaturalist	Observations	15087926		NHMLA Community Science Program	2018-08-03T23:15:30	CC_BY_NC_4_0	NHMLA Community Science Program	NHMLA Community Science Program			2026-02-23T21:47:15.301Z	StillImage	COORDINATE_ROUNDED;CONTINENT_DERIVED_FROM_COORDINATES;TAXON_ID_NOT_FOUND
1890087562	50c9509d-22c7-4a22-a47d-8c48425ef4a7	https://www.inaturalist.org/observations/15036827	Animalia	Chordata	Squamata		Gekkonidae	Hemidactylus	Hemidactylus turcicus		SPECIES	Hemidactylus turcicus (Linnaeus, 1758)	Hemidactylus turcicus		US		California	PRESENT		28eb1a3f-1c15-4a95-931a-4af90ecb574d	34.165656	-116.090391	28874.0						2018-08-01T20:37:16	1	8	2018	5221528	5221528	HUMAN_OBSERVATION	iNaturalist	Observations	15036827		Spider Jane Fawke	2018-08-02T03:39:21	CC_BY_NC_4_0	Spider Jane Fawke	Spider Jane Fawke			2026-02-24T00:05:59.121Z		COORDINATE_ROUNDED;CONTINENT_DERIVED_FROM_COORDINATES;TAXON_ID_NOT_FOUND
1883951998	50c9509d-22c7-4a22-a47d-8c48425ef4a7	https://www.inaturalist.org/observations/14685064	Animalia	Chordata	Squamata		Gekkonidae	Hemidactylus	Hemidactylus turcicus		SPECIES	Hemidactylus turcicus (Linnaeus, 1758)	Hemidactylus turcicus		US		California	PRESENT		28eb1a3f-1c15-4a95-931a-4af90ecb574d	32.78289	-115.519814							2018-07-24T05:58:41	24	7	2018	5221528	5221528	HUMAN_OBSERVATION	iNaturalist	Observations	14685064		Bob Miller	2018-07-24T13:04:55	CC_BY_4_0	Bob Miller	Bob Miller			2026-02-23T21:47:15.229Z	StillImage	COORDINATE_ROUNDED;CONTINENT_DERIVED_FROM_COORDINATES;TAXON_ID_NOT_FOUND
1850949656	50c9509d-22c7-4a22-a47d-8c48425ef4a7	https://www.inaturalist.org/observations/13286463	Animalia	Chordata	Squamata		Gekkonidae	Hemidactylus	Hemidactylus turcicus		SPECIES	Hemidactylus turcicus (Linnaeus, 1758)	Hemidactylus turcicus		US		California	PRESENT		28eb1a3f-1c15-4a95-931a-4af90ecb574d	33.659558	-114.526899	17.0						2014-07-13T18:26	13	7	2014	5221528	5221528	HUMAN_OBSERVATION	iNaturalist	Observations	13286463		jmtobin6975	2018-06-10T04:29:02	CC_BY_NC_4_0	jmtobin6975	jmtobin6975			2026-02-23T22:52:55.761Z	StillImage	COORDINATE_ROUNDED;CONTINENT_DERIVED_FROM_COORDINATES;TAXON_ID_NOT_FOUND
1850921030	50c9509d-22c7-4a22-a47d-8c48425ef4a7	https://www.inaturalist.org/observations/13168097	Animalia	Chordata	Squamata		Gekkonidae	Hemidactylus	Hemidactylus turcicus		SPECIES	Hemidactylus turcicus (Linnaeus, 1758)	Hemidactylus turcicus		US		California	PRESENT		28eb1a3f-1c15-4a95-931a-4af90ecb574d	34.258681	-118.288508	5869.0						2018-06-05T21:29	5	6	2018	5221528	5221528	HUMAN_OBSERVATION	iNaturalist	Observations	13168097		tcuda	2018-06-06T05:47:13	CC_BY_NC_4_0	tcuda	tcuda			2026-02-23T21:47:00.012Z	StillImage	COORDINATE_ROUNDED;CONTINENT_DERIVED_FROM_COORDINATES;TAXON_ID_NOT_FOUND
1850919991	50c9509d-22c7-4a22-a47d-8c48425ef4a7	https://www.inaturalist.org/observations/13168106	Animalia	Chordata	Squamata		Gekkonidae	Hemidactylus	Hemidactylus turcicus		SPECIES	Hemidactylus turcicus (Linnaeus, 1758)	Hemidactylus turcicus		US		California	PRESENT		28eb1a3f-1c15-4a95-931a-4af90ecb574d	34.258681	-118.288508	5869.0						2018-06-05T21:29	5	6	2018	5221528	5221528	HUMAN_OBSERVATION	iNaturalist	Observations	13168106		tcuda	2018-06-06T05:48:57	CC_BY_NC_4_0	tcuda	tcuda			2026-02-23T22:52:55.408Z	StillImage	COORDINATE_ROUNDED;CONTINENT_DERIVED_FROM_COORDINATES;TAXON_ID_NOT_FOUND
1848761587	50c9509d-22c7-4a22-a47d-8c48425ef4a7	https://www.inaturalist.org/observations/12917102	Animalia	Chordata	Squamata		Gekkonidae	Hemidactylus	Hemidactylus turcicus		SPECIES	Hemidactylus turcicus (Linnaeus, 1758)	Hemidactylus turcicus		US		California	PRESENT		28eb1a3f-1c15-4a95-931a-4af90ecb574d	33.701201	-116.379164	5.0						2018-05-28T20:59:19	28	5	2018	5221528	5221528	HUMAN_OBSERVATION	iNaturalist	Observations	12917102		bobbyfingers	2018-05-29T04:03:38	CC_BY_NC_4_0	larry-heronema	larry-heronema			2026-02-24T00:05:40.194Z	StillImage	COORDINATE_ROUNDED;CONTINENT_DERIVED_FROM_COORDINATES;TAXON_ID_NOT_FOUND
1847618710	50c9509d-22c7-4a22-a47d-8c48425ef4a7	https://www.inaturalist.org/observations/12885355	Animalia	Chordata	Squamata		Gekkonidae	Hemidactylus	Hemidactylus turcicus		SPECIES	Hemidactylus turcicus (Linnaeus, 1758)	Hemidactylus turcicus		US		California	PRESENT		28eb1a3f-1c15-4a95-931a-4af90ecb574d	32.975075	-115.542076							2018-05-27T21:14:35	27	5	2018	5221528	5221528	HUMAN_OBSERVATION	iNaturalist	Observations	12885355		Bob Miller	2018-05-28T06:42:45	CC_BY_4_0	Bob Miller	Bob Miller			2026-02-23T21:46:58.279Z	StillImage	COORDINATE_ROUNDED;CONTINENT_DERIVED_FROM_COORDINATES;TAXON_ID_NOT_FOUND
1847450664	50c9509d-22c7-4a22-a47d-8c48425ef4a7	https://www.inaturalist.org/observations/12185989	Animalia	Chordata	Squamata		Gekkonidae	Hemidactylus	Hemidactylus turcicus		SPECIES	Hemidactylus turcicus (Linnaeus, 1758)	Hemidactylus turcicus		US		California	PRESENT		28eb1a3f-1c15-4a95-931a-4af90ecb574d	33.770663	-116.351372	8.0						2018-05-05T21:30:14	5	5	2018	5221528	5221528	HUMAN_OBSERVATION	iNaturalist	Observations	12185989		Chris Evers	2018-05-06T04:33:08	CC_BY_NC_4_0	Chris Evers	Chris Evers			2026-02-24T00:05:31.320Z	StillImage	COORDINATE_ROUNDED;CONTINENT_DERIVED_FROM_COORDINATES;TAXON_ID_NOT_FOUND
1841214777	50c9509d-22c7-4a22-a47d-8c48425ef4a7	https://www.inaturalist.org/observations/11571455	Animalia	Chordata	Squamata		Gekkonidae	Hemidactylus	Hemidactylus turcicus		SPECIES	Hemidactylus turcicus (Linnaeus, 1758)	Hemidactylus turcicus		US		California	PRESENT		28eb1a3f-1c15-4a95-931a-4af90ecb574d	32.732447	-117.153175	8.0						2018-04-27T16:25:20	27	4	2018	5221528	5221528	HUMAN_OBSERVATION	iNaturalist	Observations	11571455		Bradford Hollingsworth	2018-04-28T02:57:07	CC_BY_NC_4_0	Bradford Hollingsworth	Bradford Hollingsworth			2026-02-24T00:05:30.288Z	StillImage	COORDINATE_ROUNDED;CONTINENT_DERIVED_FROM_COORDINATES;TAXON_ID_NOT_FOUND
1841214740	50c9509d-22c7-4a22-a47d-8c48425ef4a7	https://www.inaturalist.org/observations/11571404	Animalia	Chordata	Squamata		Gekkonidae	Hemidactylus	Hemidactylus turcicus		SPECIES	Hemidactylus turcicus (Linnaeus, 1758)	Hemidactylus turcicus		US		California	PRESENT		28eb1a3f-1c15-4a95-931a-4af90ecb574d	32.73262	-117.153161	32.0						2018-04-27T16:24:49	27	4	2018	5221528	5221528	HUMAN_OBSERVATION	iNaturalist	Observations	11571404		Bradford Hollingsworth	2018-04-28T02:56:47	CC_BY_NC_4_0	Bradford Hollingsworth	Bradford Hollingsworth			2026-02-23T21:46:50.561Z	StillImage	COORDINATE_ROUNDED;CONTINENT_DERIVED_FROM_COORDINATES;TAXON_ID_NOT_FOUND
1841214717	50c9509d-22c7-4a22-a47d-8c48425ef4a7	https://www.inaturalist.org/observations/11571536	Animalia	Chordata	Squamata		Gekkonidae	Hemidactylus	Hemidactylus turcicus		SPECIES	Hemidactylus turcicus (Linnaeus, 1758)	Hemidactylus turcicus		US		California	PRESENT		28eb1a3f-1c15-4a95-931a-4af90ecb574d	32.732505	-117.153205	6.0						2018-04-27T16:25:46	27	4	2018	5221528	5221528	HUMAN_OBSERVATION	iNaturalist	Observations	11571536		Bradford Hollingsworth	2018-04-28T02:58:17	CC_BY_NC_4_0	Bradford Hollingsworth	Bradford Hollingsworth			2026-02-23T22:52:46.514Z	StillImage	COORDINATE_ROUNDED;CONTINENT_DERIVED_FROM_COORDINATES;TAXON_ID_NOT_FOUND
1841214684	50c9509d-22c7-4a22-a47d-8c48425ef4a7	https://www.inaturalist.org/observations/11571345	Animalia	Chordata	Squamata		Gekkonidae	Hemidactylus	Hemidactylus turcicus		SPECIES	Hemidactylus turcicus (Linnaeus, 1758)	Hemidactylus turcicus		US		California	PRESENT		28eb1a3f-1c15-4a95-931a-4af90ecb574d	32.732558	-117.153419	12.0						2018-04-27T16:15:57	27	4	2018	5221528	5221528	HUMAN_OBSERVATION	iNaturalist	Observations	11571345		Bradford Hollingsworth	2018-04-28T02:56:10	CC_BY_NC_4_0	Bradford Hollingsworth	Bradford Hollingsworth			2026-02-24T00:05:27.948Z	StillImage	COORDINATE_ROUNDED;CONTINENT_DERIVED_FROM_COORDINATES;TAXON_ID_NOT_FOUND
1838379551	50c9509d-22c7-4a22-a47d-8c48425ef4a7	https://www.inaturalist.org/observations/11081115	Animalia	Chordata	Squamata		Gekkonidae	Hemidactylus	Hemidactylus turcicus		SPECIES	Hemidactylus turcicus (Linnaeus, 1758)	Hemidactylus turcicus		US		California	PRESENT		28eb1a3f-1c15-4a95-931a-4af90ecb574d	33.937701	-118.052905	195.0						2018-04-16T08:13	16	4	2018	5221528	5221528	HUMAN_OBSERVATION	iNaturalist	Observations	11081115		bobbyfingers	2018-04-17T21:48:47	CC_BY_NC_4_0	NHMLA Community Science Program	NHMLA Community Science Program			2026-02-23T22:52:42.871Z	StillImage	COORDINATE_ROUNDED;CONTINENT_DERIVED_FROM_COORDINATES;TAXON_ID_NOT_FOUND
1837077157	50c9509d-22c7-4a22-a47d-8c48425ef4a7	https://www.inaturalist.org/observations/10434479	Animalia	Chordata	Squamata		Gekkonidae	Hemidactylus	Hemidactylus turcicus		SPECIES	Hemidactylus turcicus (Linnaeus, 1758)	Hemidactylus turcicus		US		California	PRESENT		28eb1a3f-1c15-4a95-931a-4af90ecb574d	34.001731	-118.068869	5.0						2018-03-23T15:30:54	23	3	2018	5221528	5221528	HUMAN_OBSERVATION	iNaturalist	Observations	10434479		Andrew J. Louros	2018-03-26T18:07:01	CC_BY_NC_4_0	Andrew J. Louros	Andrew J. Louros			2026-02-23T21:46:37.333Z	StillImage	COORDINATE_ROUNDED;CONTINENT_DERIVED_FROM_COORDINATES;TAXON_ID_NOT_FOUND
1837077087	50c9509d-22c7-4a22-a47d-8c48425ef4a7	https://www.inaturalist.org/observations/10434489	Animalia	Chordata	Squamata		Gekkonidae	Hemidactylus	Hemidactylus turcicus		SPECIES	Hemidactylus turcicus (Linnaeus, 1758)	Hemidactylus turcicus		US		California	PRESENT		28eb1a3f-1c15-4a95-931a-4af90ecb574d	34.000211	-118.06755	165.0						2018-03-23T15:35:07	23	3	2018	5221528	5221528	HUMAN_OBSERVATION	iNaturalist	Observations	10434489		Andrew J. Louros	2018-03-26T18:07:32	CC_BY_NC_4_0	Andrew J. Louros	Andrew J. Louros			2026-02-23T21:46:38.081Z	StillImage	COORDINATE_ROUNDED;CONTINENT_DERIVED_FROM_COORDINATES;TAXON_ID_NOT_FOUND
1837077033	50c9509d-22c7-4a22-a47d-8c48425ef4a7	https://www.inaturalist.org/observations/10434472	Animalia	Chordata	Squamata		Gekkonidae	Hemidactylus	Hemidactylus turcicus		SPECIES	Hemidactylus turcicus (Linnaeus, 1758)	Hemidactylus turcicus		US		California	PRESENT		28eb1a3f-1c15-4a95-931a-4af90ecb574d	33.999863	-118.07003	30.0						2018-03-23T15:03:28	23	3	2018	5221528	5221528	HUMAN_OBSERVATION	iNaturalist	Observations	10434472		Andrew J. Louros	2018-03-26T18:06:34	CC_BY_NC_4_0	Andrew J. Louros	Andrew J. Louros			2026-02-23T21:46:37.963Z	StillImage	COORDINATE_ROUNDED;CONTINENT_DERIVED_FROM_COORDINATES;TAXON_ID_NOT_FOUND
1837062899	50c9509d-22c7-4a22-a47d-8c48425ef4a7	https://www.inaturalist.org/observations/10387562	Animalia	Chordata	Squamata		Gekkonidae	Hemidactylus	Hemidactylus turcicus		SPECIES	Hemidactylus turcicus (Linnaeus, 1758)	Hemidactylus turcicus		US		California	PRESENT		28eb1a3f-1c15-4a95-931a-4af90ecb574d	33.71291	-116.362575	28930.0						2018-03-23T20:47	23	3	2018	5221528	5221528	HUMAN_OBSERVATION	iNaturalist	Observations	10387562		Colin Barrows	2018-03-24T06:33:00	CC0_1_0	Colin Barrows	Colin Barrows			2026-02-24T00:05:19.008Z	StillImage	COORDINATE_ROUNDED;CONTINENT_DERIVED_FROM_COORDINATES;TAXON_ID_NOT_FOUND
1836623148	50c9509d-22c7-4a22-a47d-8c48425ef4a7	https://www.inaturalist.org/observations/10215113	Animalia	Chordata	Squamata		Gekkonidae	Hemidactylus	Hemidactylus turcicus		SPECIES	Hemidactylus turcicus (Linnaeus, 1758)	Hemidactylus turcicus		US		California	PRESENT		28eb1a3f-1c15-4a95-931a-4af90ecb574d	33.770457	-116.351197	28.0						2018-03-12T20:55:32	12	3	2018	5221528	5221528	HUMAN_OBSERVATION	iNaturalist	Observations	10215113		Chris Evers	2018-03-13T03:58:08	CC_BY_NC_4_0	Chris Evers	Chris Evers			2026-02-23T21:46:37.116Z	StillImage	COORDINATE_ROUNDED;CONTINENT_DERIVED_FROM_COORDINATES;TAXON_ID_NOT_FOUND
1807279272	50c9509d-22c7-4a22-a47d-8c48425ef4a7	https://www.inaturalist.org/observations/8907704	Animalia	Chordata	Squamata		Gekkonidae	Hemidactylus	Hemidactylus turcicus		SPECIES	Hemidactylus turcicus (Linnaeus, 1758)	Hemidactylus turcicus		US		California	PRESENT		28eb1a3f-1c15-4a95-931a-4af90ecb574d	32.975075	-115.542053							2017-11-22T17:49:17	22	11	2017	5221528	5221528	HUMAN_OBSERVATION	iNaturalist	Observations	8907704		Bob Miller	2017-11-23T15:46:05	CC_BY_4_0	Bob Miller	Bob Miller			2026-02-24T00:05:04.499Z	StillImage	COORDINATE_ROUNDED;CONTINENT_DERIVED_FROM_COORDINATES;TAXON_ID_NOT_FOUND
1807277850	50c9509d-22c7-4a22-a47d-8c48425ef4a7	https://www.inaturalist.org/observations/8368843	Animalia	Chordata	Squamata		Gekkonidae	Hemidactylus	Hemidactylus turcicus		SPECIES	Hemidactylus turcicus (Linnaeus, 1758)	Hemidactylus turcicus		US		California	PRESENT		28eb1a3f-1c15-4a95-931a-4af90ecb574d	32.975129	-115.542045	33.0						2017-10-11T21:35:25	11	10	2017	5221528	5221528	HUMAN_OBSERVATION	iNaturalist	Observations	8368843		Bob Miller	2017-10-12T04:38:52	CC_BY_4_0	Bob Miller	Bob Miller			2026-02-23T21:46:16.736Z	StillImage	COORDINATE_ROUNDED;CONTINENT_DERIVED_FROM_COORDINATES;TAXON_ID_NOT_FOUND
1807269201	50c9509d-22c7-4a22-a47d-8c48425ef4a7	http://www.inaturalist.org/observations/3385192	Animalia	Chordata	Squamata		Gekkonidae	Hemidactylus	Hemidactylus turcicus		SPECIES	Hemidactylus turcicus (Linnaeus, 1758)	Hemidactylus turcicus		US		California	PRESENT		28eb1a3f-1c15-4a95-931a-4af90ecb574d	34.133275	-117.576821	1221854.0						2016-06-04	4	6	2016	5221528	5221528	HUMAN_OBSERVATION	iNaturalist	Observations	3385192		Matt Gruen	2016-09-16T03:55:39	CC_BY_NC_4_0	ezzturbo	ezzturbo			2026-02-24T00:04:15.898Z	StillImage	CONTINENT_DERIVED_FROM_COORDINATES;TAXON_ID_NOT_FOUND
1805403524	50c9509d-22c7-4a22-a47d-8c48425ef4a7	https://www.inaturalist.org/observations/9486912	Animalia	Chordata	Squamata		Gekkonidae	Hemidactylus	Hemidactylus turcicus		SPECIES	Hemidactylus turcicus (Linnaeus, 1758)	Hemidactylus turcicus		US		California	PRESENT		28eb1a3f-1c15-4a95-931a-4af90ecb574d	34.27888	-118.803095	172.0						2016-12-07	7	12	2016	5221528	5221528	HUMAN_OBSERVATION	iNaturalist	Observations	9486912		Dominic	2018-01-15T22:25:05	CC_BY_NC_4_0	Jess	Jess			2026-02-23T21:46:27.696Z	StillImage	COORDINATE_ROUNDED;CONTINENT_DERIVED_FROM_COORDINATES;TAXON_ID_NOT_FOUND
1802729776	50c9509d-22c7-4a22-a47d-8c48425ef4a7	https://www.inaturalist.org/observations/9258885	Animalia	Chordata	Squamata		Gekkonidae	Hemidactylus	Hemidactylus turcicus		SPECIES	Hemidactylus turcicus (Linnaeus, 1758)	Hemidactylus turcicus		US		California	PRESENT		28eb1a3f-1c15-4a95-931a-4af90ecb574d	33.817558	-118.356797	10.0						2017-12-24T21:12:55	24	12	2017	5221528	5221528	HUMAN_OBSERVATION	iNaturalist	Observations	9258885		u_phantasticus	2017-12-25T20:11:42	CC_BY_NC_4_0	mcervi	mcervi			2026-02-23T21:46:31.528Z	StillImage	COORDINATE_ROUNDED;CONTINENT_DERIVED_FROM_COORDINATES;TAXON_ID_NOT_FOUND
1800526971	7a25f7aa-03fb-4322-aaeb-66719e1a9527	0eadd350-2f6f-4560-972f-a11c60a8f05c	Animalia	Chordata	Squamata		Gekkonidae	Hemidactylus	Hemidactylus turcicus		SPECIES	Hemidactylus turcicus (Linnaeus, 1758)	Hemidactylus turcicus		US	By 1st Ave, Whittier, CA	California	PRESENT	1	493fe050-055d-11d8-b84f-b8a03c50a862	33.93	-117.99							2017-03-11	11	3	2017	5221528	5221528	PRESERVED_SPECIMEN	LACM	Herps	189357				CC0_1_0		Andrew Louros		native	2026-02-26T00:49:29.061Z		
1800525886	7a25f7aa-03fb-4322-aaeb-66719e1a9527	601d4765-81bb-4c0f-a7f1-b8511b358cef	Animalia	Chordata	Squamata		Gekkonidae	Hemidactylus	Hemidactylus turcicus		SPECIES	Hemidactylus turcicus (Linnaeus, 1758)	Hemidactylus turcicus		US	E 29th St, 60 m W of California Ave	California	PRESENT	1	493fe050-055d-11d8-b84f-b8a03c50a862	33.81	-118.18							2015-06-24	24	6	2015	5221528	5221528	PRESERVED_SPECIMEN	LACM	Herps	187225	LMC 147			CC0_1_0		Lauren Chan, Elizabeth Gibson, Margaux Yanega		native	2026-02-26T00:49:25.583Z		
1800524881	7a25f7aa-03fb-4322-aaeb-66719e1a9527	30d0b10d-4e74-45c7-be6b-0196a96f95e8	Animalia	Chordata	Squamata		Gekkonidae	Hemidactylus	Hemidactylus turcicus		SPECIES	Hemidactylus turcicus (Linnaeus, 1758)	Hemidactylus turcicus		US	Terrace Circle and vicinity, Brawley	California	PRESENT	1	493fe050-055d-11d8-b84f-b8a03c50a862	32.97	-115.55							2015-05-02	2	5	2015	5221528	5221528	PRESERVED_SPECIMEN	LACM	Herps	186866	GBP 2105			CC0_1_0		Stevie Kennedy-Gold, Bennett Hardy, and Greg Pauly		native	2026-02-26T00:49:18.092Z		
1800524880	7a25f7aa-03fb-4322-aaeb-66719e1a9527	acd0674d-151a-4ebb-8953-02e34666bc66	Animalia	Chordata	Squamata		Gekkonidae	Hemidactylus	Hemidactylus turcicus		SPECIES	Hemidactylus turcicus (Linnaeus, 1758)	Hemidactylus turcicus		US	Terrace Circle and vicinity, Brawley	California	PRESENT	1	493fe050-055d-11d8-b84f-b8a03c50a862	32.97	-115.55							2015-05-02	2	5	2015	5221528	5221528	PRESERVED_SPECIMEN	LACM	Herps	186864	GBP 2103			CC0_1_0		Stevie Kennedy-Gold, Bennett Hardy, and Greg Pauly		native	2026-02-26T00:49:36.931Z		
1800524879	7a25f7aa-03fb-4322-aaeb-66719e1a9527	d73ad349-2788-4ea4-b8a4-7ff0b5f44025	Animalia	Chordata	Squamata		Gekkonidae	Hemidactylus	Hemidactylus turcicus		SPECIES	Hemidactylus turcicus (Linnaeus, 1758)	Hemidactylus turcicus		US	Terrace Circle and vicinity, Brawley	California	PRESENT	1	493fe050-055d-11d8-b84f-b8a03c50a862	32.97	-115.55							2015-05-02	2	5	2015	5221528	5221528	PRESERVED_SPECIMEN	LACM	Herps	186863	GBP 2102			CC0_1_0		Stevie Kennedy-Gold, Bennett Hardy, and Greg Pauly		native	2026-02-26T00:49:33.058Z		
1800524878	7a25f7aa-03fb-4322-aaeb-66719e1a9527	a5a06826-12ed-4d8e-bf9e-145513e5291b	Animalia	Chordata	Squamata		Gekkonidae	Hemidactylus	Hemidactylus turcicus		SPECIES	Hemidactylus turcicus (Linnaeus, 1758)	Hemidactylus turcicus		US	Terrace Circle and vicinity, Brawley	California	PRESENT	1	493fe050-055d-11d8-b84f-b8a03c50a862	32.97	-115.55							2015-05-02	2	5	2015	5221528	5221528	PRESERVED_SPECIMEN	LACM	Herps	186865	GBP 2104			CC0_1_0		Stevie Kennedy-Gold, Bennett Hardy, and Greg Pauly		native	2026-02-26T00:49:26.183Z		
1800524877	7a25f7aa-03fb-4322-aaeb-66719e1a9527	c228a507-40d5-4a2d-97c4-c20460cfe582	Animalia	Chordata	Squamata		Gekkonidae	Hemidactylus	Hemidactylus turcicus		SPECIES	Hemidactylus turcicus (Linnaeus, 1758)	Hemidactylus turcicus		US	Terrace Circle and vicinity, Brawley	California	PRESENT	1	493fe050-055d-11d8-b84f-b8a03c50a862	32.97	-115.55							2015-05-02	2	5	2015	5221528	5221528	PRESERVED_SPECIMEN	LACM	Herps	186862	GBP 2101			CC0_1_0		Stevie Kennedy-Gold, Bennett Hardy, and Greg Pauly		native	2026-02-26T00:49:28.865Z		
1800524667	7a25f7aa-03fb-4322-aaeb-66719e1a9527	e5d9669e-d6c4-46b7-ae17-5493ad744a89	Animalia	Chordata	Squamata		Gekkonidae	Hemidactylus	Hemidactylus turcicus		SPECIES	Hemidactylus turcicus (Linnaeus, 1758)	Hemidactylus turcicus		US	270 Baja Ave., Davis	California	PRESENT	1	493fe050-055d-11d8-b84f-b8a03c50a862	38.56	-121.75							2014-04-09	9	4	2014	5221528	5221528	PRESERVED_SPECIMEN	LACM	Herps	186679	GBP 1637			CC0_1_0		Rachel DuBose		native	2026-02-26T00:49:30.331Z		
1800524651	7a25f7aa-03fb-4322-aaeb-66719e1a9527	79dd54db-e353-4d4f-80d7-6901af1084d7	Animalia	Chordata	Squamata		Gekkonidae	Hemidactylus	Hemidactylus turcicus		SPECIES	Hemidactylus turcicus (Linnaeus, 1758)	Hemidactylus turcicus		US	Industrial complex on W 11th St., east of N Central Ave in Upland, San Bernardino Co., California.	California	PRESENT	1	493fe050-055d-11d8-b84f-b8a03c50a862	34.1	-117.69							2015-06-24	24	6	2015	5221528	5221528	PRESERVED_SPECIMEN	LACM	Herps	187222	LMC 144			CC0_1_0		Lauren Chan, Elizabeth Gibson, Margaux Yanega		native	2026-02-26T00:49:30.192Z		
1800524592	7a25f7aa-03fb-4322-aaeb-66719e1a9527	709be84e-2a7e-4c1b-a9f1-56595ccc8fd3	Animalia	Chordata	Squamata		Gekkonidae	Hemidactylus	Hemidactylus turcicus		SPECIES	Hemidactylus turcicus (Linnaeus, 1758)	Hemidactylus turcicus		US	Terrace Circle and vicinity, Brawley	California	PRESENT	1	493fe050-055d-11d8-b84f-b8a03c50a862	32.97	-115.55							2015-05-02	2	5	2015	5221528	5221528	PRESERVED_SPECIMEN	LACM	Herps	186856	GBP 2095			CC0_1_0		Stevie Kennedy-Gold, Bennett Hardy, and Greg Pauly		native	2026-02-26T00:49:32.363Z		
1800524591	7a25f7aa-03fb-4322-aaeb-66719e1a9527	047f9b19-01f4-46ca-a01b-d2abcb0b41b8	Animalia	Chordata	Squamata		Gekkonidae	Hemidactylus	Hemidactylus turcicus		SPECIES	Hemidactylus turcicus (Linnaeus, 1758)	Hemidactylus turcicus		US	Terrace Circle and vicinity, Brawley	California	PRESENT	1	493fe050-055d-11d8-b84f-b8a03c50a862	32.97	-115.55							2015-05-02	2	5	2015	5221528	5221528	PRESERVED_SPECIMEN	LACM	Herps	186857	GBP 2096			CC0_1_0		Stevie Kennedy-Gold, Bennett Hardy, and Greg Pauly		native	2026-02-26T00:49:15.989Z		
1800524588	7a25f7aa-03fb-4322-aaeb-66719e1a9527	66341843-0c86-424f-a5ca-1907be0cd7d6	Animalia	Chordata	Squamata		Gekkonidae	Hemidactylus	Hemidactylus turcicus		SPECIES	Hemidactylus turcicus (Linnaeus, 1758)	Hemidactylus turcicus		US	Terrace Circle and vicinity, Brawley	California	PRESENT	1	493fe050-055d-11d8-b84f-b8a03c50a862	32.97	-115.55							2015-05-02	2	5	2015	5221528	5221528	PRESERVED_SPECIMEN	LACM	Herps	186858	GBP 2097			CC0_1_0		Stevie Kennedy-Gold, Bennett Hardy, and Greg Pauly		native	2026-02-26T00:49:27.605Z		
1800524586	7a25f7aa-03fb-4322-aaeb-66719e1a9527	f6c39dbd-509d-4412-b078-2ce7ec793c16	Animalia	Chordata	Squamata		Gekkonidae	Hemidactylus	Hemidactylus turcicus		SPECIES	Hemidactylus turcicus (Linnaeus, 1758)	Hemidactylus turcicus		US	Terrace Circle and vicinity, Brawley	California	PRESENT	1	493fe050-055d-11d8-b84f-b8a03c50a862	32.97	-115.55							2015-05-02	2	5	2015	5221528	5221528	PRESERVED_SPECIMEN	LACM	Herps	186855	GBP 2094			CC0_1_0		Stevie Kennedy-Gold, Bennett Hardy, and Greg Pauly		native	2026-02-26T00:49:27.049Z		
1800524584	7a25f7aa-03fb-4322-aaeb-66719e1a9527	1949dc01-cb23-403e-8551-f371b32ac753	Animalia	Chordata	Squamata		Gekkonidae	Hemidactylus	Hemidactylus turcicus		SPECIES	Hemidactylus turcicus (Linnaeus, 1758)	Hemidactylus turcicus		US	vicinity of Beacon St. and Woodstock Ave, Castaic	California	PRESENT	1	493fe050-055d-11d8-b84f-b8a03c50a862	34.45	-118.62							2015-05-09	9	5	2015	5221528	5221528	PRESERVED_SPECIMEN	LACM	Herps	186917	GBP 2160			CC0_1_0		Stevie Kennedy-Gold, Bennett Hardy, and Greg Pauly		native	2026-02-26T00:49:17.232Z		
1800524569	7a25f7aa-03fb-4322-aaeb-66719e1a9527	9f62e0d5-5962-4339-b8a5-fc806bc7c8a3	Animalia	Chordata	Squamata		Gekkonidae	Hemidactylus	Hemidactylus turcicus		SPECIES	Hemidactylus turcicus (Linnaeus, 1758)	Hemidactylus turcicus		US	vicinity of Beacon St. and Woodstock Ave, Castaic	California	PRESENT	1	493fe050-055d-11d8-b84f-b8a03c50a862	34.45	-118.62							2015-05-09	9	5	2015	5221528	5221528	PRESERVED_SPECIMEN	LACM	Herps	186916	GBP 2159			CC0_1_0		Stevie Kennedy-Gold, Bennett Hardy, and Greg Pauly		native	2026-02-26T00:49:23.575Z		
1800524563	7a25f7aa-03fb-4322-aaeb-66719e1a9527	5a87e03c-9193-47ed-af1b-a08a26659982	Animalia	Chordata	Squamata		Gekkonidae	Hemidactylus	Hemidactylus turcicus		SPECIES	Hemidactylus turcicus (Linnaeus, 1758)	Hemidactylus turcicus		US	vicinity of Beacon St. and Woodstock Ave, Castaic	California	PRESENT	1	493fe050-055d-11d8-b84f-b8a03c50a862	34.45	-118.62							2015-05-09	9	5	2015	5221528	5221528	PRESERVED_SPECIMEN	LACM	Herps	186912	GBP 2155			CC0_1_0		Stevie Kennedy-Gold, Bennett Hardy, and Greg Pauly		native	2026-02-26T00:49:22.322Z		
1800524558	7a25f7aa-03fb-4322-aaeb-66719e1a9527	146276ac-c378-4068-b99c-0f07b0b76db5	Animalia	Chordata	Squamata		Gekkonidae	Hemidactylus	Hemidactylus turcicus		SPECIES	Hemidactylus turcicus (Linnaeus, 1758)	Hemidactylus turcicus		US	vicinity of Beacon St. and Woodstock Ave, Castaic	California	PRESENT	1	493fe050-055d-11d8-b84f-b8a03c50a862	34.45	-118.62							2015-05-09	9	5	2015	5221528	5221528	PRESERVED_SPECIMEN	LACM	Herps	186915	GBP 2158			CC0_1_0		Stevie Kennedy-Gold, Bennett Hardy, and Greg Pauly		native	2026-02-26T00:49:27.636Z		
1800524548	7a25f7aa-03fb-4322-aaeb-66719e1a9527	ac206f63-3c79-4bea-885c-a73ac1eb0acf	Animalia	Chordata	Squamata		Gekkonidae	Hemidactylus	Hemidactylus turcicus		SPECIES	Hemidactylus turcicus (Linnaeus, 1758)	Hemidactylus turcicus		US	vicinity of Beacon St. and Woodstock Ave, Castaic	California	PRESENT	1	493fe050-055d-11d8-b84f-b8a03c50a862	34.45	-118.62							2015-05-09	9	5	2015	5221528	5221528	PRESERVED_SPECIMEN	LACM	Herps	186914	GBP 2157			CC0_1_0		Stevie Kennedy-Gold, Bennett Hardy, and Greg Pauly		native	2026-02-26T00:49:23.537Z		
1800524535	7a25f7aa-03fb-4322-aaeb-66719e1a9527	5a2aafcb-d90d-4b49-8f31-6f0118994217	Animalia	Chordata	Squamata		Gekkonidae	Hemidactylus	Hemidactylus turcicus		SPECIES	Hemidactylus turcicus (Linnaeus, 1758)	Hemidactylus turcicus		US	vicinity of Beacon St. and Woodstock Ave, Castaic	California	PRESENT	1	493fe050-055d-11d8-b84f-b8a03c50a862	34.45	-118.62							2015-05-09	9	5	2015	5221528	5221528	PRESERVED_SPECIMEN	LACM	Herps	186913	GBP 2156			CC0_1_0		Stevie Kennedy-Gold, Bennett Hardy, and Greg Pauly		native	2026-02-26T00:49:27.455Z		
1800524525	7a25f7aa-03fb-4322-aaeb-66719e1a9527	823bd02c-3296-4d4d-94ac-3339ae83f84d	Animalia	Chordata	Squamata		Gekkonidae	Hemidactylus	Hemidactylus turcicus		SPECIES	Hemidactylus turcicus (Linnaeus, 1758)	Hemidactylus turcicus		US	Chevron Station/Charles Brown General Store, CA Hwy 127, Shoshone	California	PRESENT	1	493fe050-055d-11d8-b84f-b8a03c50a862	35.97	-116.27							2016-04-30	30	4	2016	5221528	5221528	PRESERVED_SPECIMEN	LACM	Herps	187891	GBP 2814			CC0_1_0		Greg Pauly and Stevie Kennedy-Gold		native	2026-02-26T00:49:26.076Z		
1800524514	7a25f7aa-03fb-4322-aaeb-66719e1a9527	b2ea1e09-355c-4cc8-8888-dc59acac1f9c	Animalia	Chordata	Squamata		Gekkonidae	Hemidactylus	Hemidactylus turcicus		SPECIES	Hemidactylus turcicus (Linnaeus, 1758)	Hemidactylus turcicus		US	US Postal Office, 113 CA Hwy 127, Shoshone	California	PRESENT	1	493fe050-055d-11d8-b84f-b8a03c50a862	35.97	-116.27							2016-04-30	30	4	2016	5221528	5221528	PRESERVED_SPECIMEN	LACM	Herps	187890	GBP 2813			CC0_1_0		Greg Pauly and Stevie Kennedy-Gold		native	2026-02-26T00:49:20.141Z		
1800524510	7a25f7aa-03fb-4322-aaeb-66719e1a9527	d0ecec63-b96c-470e-b44e-ee408aef19ef	Animalia	Chordata	Squamata		Gekkonidae	Hemidactylus	Hemidactylus turcicus		SPECIES	Hemidactylus turcicus (Linnaeus, 1758)	Hemidactylus turcicus		US	US Postal Office, 113 CA Hwy 127, Shoshone	California	PRESENT	1	493fe050-055d-11d8-b84f-b8a03c50a862	35.97	-116.27							2016-04-29	29	4	2016	5221528	5221528	PRESERVED_SPECIMEN	LACM	Herps	187888	GBP 2811			CC0_1_0		Greg Pauly, Tom Wake, Brenna Vredeveld		native	2026-02-26T00:49:24.473Z		
1800524454	7a25f7aa-03fb-4322-aaeb-66719e1a9527	d55247e8-5086-4192-b757-27cc1fa2b500	Animalia	Chordata	Squamata		Gekkonidae	Hemidactylus	Hemidactylus turcicus		SPECIES	Hemidactylus turcicus (Linnaeus, 1758)	Hemidactylus turcicus		US	Shoshone Inn, CA Hwy 127, Shoshone	California	PRESENT	1	493fe050-055d-11d8-b84f-b8a03c50a862	35.98	-116.27							2016-04-29	29	4	2016	5221528	5221528	PRESERVED_SPECIMEN	LACM	Herps	187887	GBP 2810			CC0_1_0		Greg Pauly, Tom Wake, Brenna Vredeveld		native	2026-02-26T00:49:20.858Z		
1800524446	7a25f7aa-03fb-4322-aaeb-66719e1a9527	1e66ff5d-2ad0-4c34-993c-943e90537358	Animalia	Chordata	Squamata		Gekkonidae	Hemidactylus	Hemidactylus turcicus		SPECIES	Hemidactylus turcicus (Linnaeus, 1758)	Hemidactylus turcicus		US	Shoshone Inn, CA Hwy 127, Shoshone	California	PRESENT	1	493fe050-055d-11d8-b84f-b8a03c50a862	35.98	-116.27							2016-04-29	29	4	2016	5221528	5221528	PRESERVED_SPECIMEN	LACM	Herps	187886	GBP 2809			CC0_1_0		Greg Pauly, Tom Wake, Brenna Vredeveld		native	2026-02-26T00:49:21.524Z		
1800524427	7a25f7aa-03fb-4322-aaeb-66719e1a9527	b878305d-e66e-4305-a35f-d8e27aec9654	Animalia	Chordata	Squamata		Gekkonidae	Hemidactylus	Hemidactylus turcicus		SPECIES	Hemidactylus turcicus (Linnaeus, 1758)	Hemidactylus turcicus		US	vacant lot immediately W of 650 E Easy St., Simi Valley	California	PRESENT	1	493fe050-055d-11d8-b84f-b8a03c50a862	34.27	-118.78							2015-10-03	3	10	2015	5221528	5221528	PRESERVED_SPECIMEN	LACM	Herps	187785	GBP 2587			CC0_1_0		Greg Pauly, Robert & Max Espinoza, Tom Wake, Matt Dickson, Logan Hopkins, Samantha Sidhu, Roman Nova		native	2026-02-26T00:49:23.230Z		
1800524426	7a25f7aa-03fb-4322-aaeb-66719e1a9527	d7f425e0-5e4d-4a8f-94ec-af9d744e52da	Animalia	Chordata	Squamata		Gekkonidae	Hemidactylus	Hemidactylus turcicus		SPECIES	Hemidactylus turcicus (Linnaeus, 1758)	Hemidactylus turcicus		US	vacant lot immediately W of 650 E Easy St., Simi Valley	California	PRESENT	1	493fe050-055d-11d8-b84f-b8a03c50a862	34.27	-118.78							2015-10-03	3	10	2015	5221528	5221528	PRESERVED_SPECIMEN	LACM	Herps	187781	GBP 2583			CC0_1_0		Greg Pauly, Robert & Max Espinoza, Tom Wake, Matt Dickson, Logan Hopkins, Samantha Sidhu, Roman Nova		native	2026-02-26T00:49:29.324Z		
1800524423	7a25f7aa-03fb-4322-aaeb-66719e1a9527	3458fea4-73f4-4c55-8fbb-a844a60e0539	Animalia	Chordata	Squamata		Gekkonidae	Hemidactylus	Hemidactylus turcicus		SPECIES	Hemidactylus turcicus (Linnaeus, 1758)	Hemidactylus turcicus		US	vacant lot immediately W of 650 E Easy St., Simi Valley	California	PRESENT	1	493fe050-055d-11d8-b84f-b8a03c50a862	34.27	-118.78							2015-10-03	3	10	2015	5221528	5221528	PRESERVED_SPECIMEN	LACM	Herps	187779	GBP 2581			CC0_1_0		Greg Pauly, Robert & Max Espinoza, Tom Wake, Matt Dickson, Logan Hopkins, Samantha Sidhu, Roman Nova		native	2026-02-26T00:49:31.838Z		
1800524420	7a25f7aa-03fb-4322-aaeb-66719e1a9527	fe0fe6e2-dda6-4cef-9e18-bccdc744dde1	Animalia	Chordata	Squamata		Gekkonidae	Hemidactylus	Hemidactylus turcicus		SPECIES	Hemidactylus turcicus (Linnaeus, 1758)	Hemidactylus turcicus		US	vacant lot immediately W of 650 E Easy St., Simi Valley	California	PRESENT	1	493fe050-055d-11d8-b84f-b8a03c50a862	34.27	-118.78							2015-10-03	3	10	2015	5221528	5221528	PRESERVED_SPECIMEN	LACM	Herps	187780	GBP 2582			CC0_1_0		Greg Pauly, Robert & Max Espinoza, Tom Wake, Matt Dickson, Logan Hopkins, Samantha Sidhu, Roman Nova		native	2026-02-26T00:49:32.865Z		
1800524418	7a25f7aa-03fb-4322-aaeb-66719e1a9527	d588cb35-cc15-4c0e-ba4a-7995657627c9	Animalia	Chordata	Squamata		Gekkonidae	Hemidactylus	Hemidactylus turcicus		SPECIES	Hemidactylus turcicus (Linnaeus, 1758)	Hemidactylus turcicus		US	between 750 and 490 E. Easy Street, Simi Valley	California	PRESENT	1	493fe050-055d-11d8-b84f-b8a03c50a862	34.27	-118.79							2015-10-03	3	10	2015	5221528	5221528	PRESERVED_SPECIMEN	LACM	Herps	187752	GBP 2554			CC0_1_0		Greg Pauly, Robert & Max Espinoza, Tom Wake, Matt Dickson, Logan Hopkins, Samantha Sidhu, Roman Nova		native	2026-02-26T00:49:26.152Z		
1800524416	7a25f7aa-03fb-4322-aaeb-66719e1a9527	d8d529ff-3db2-4bf5-b1b6-e78c7e05e8f2	Animalia	Chordata	Squamata		Gekkonidae	Hemidactylus	Hemidactylus turcicus		SPECIES	Hemidactylus turcicus (Linnaeus, 1758)	Hemidactylus turcicus		US	vacant lot immediately W of 650 E Easy St., Simi Valley	California	PRESENT	1	493fe050-055d-11d8-b84f-b8a03c50a862	34.27	-118.78							2015-10-03	3	10	2015	5221528	5221528	PRESERVED_SPECIMEN	LACM	Herps	187784	GBP 2586			CC0_1_0		Greg Pauly, Robert & Max Espinoza, Tom Wake, Matt Dickson, Logan Hopkins, Samantha Sidhu, Roman Nova		native	2026-02-26T00:49:27.675Z		
1800524415	7a25f7aa-03fb-4322-aaeb-66719e1a9527	ccb8567e-07ed-4563-8447-06b6bcd5760f	Animalia	Chordata	Squamata		Gekkonidae	Hemidactylus	Hemidactylus turcicus		SPECIES	Hemidactylus turcicus (Linnaeus, 1758)	Hemidactylus turcicus		US	between 750 and 490 E. Easy Street, Simi Valley	California	PRESENT	1	493fe050-055d-11d8-b84f-b8a03c50a862	34.27	-118.79							2015-10-03	3	10	2015	5221528	5221528	PRESERVED_SPECIMEN	LACM	Herps	187753	GBP 2555			CC0_1_0		Greg Pauly, Robert & Max Espinoza, Tom Wake, Matt Dickson, Logan Hopkins, Samantha Sidhu, Roman Nova		native	2026-02-26T00:49:34.674Z		
1800524414	7a25f7aa-03fb-4322-aaeb-66719e1a9527	a6f94507-b0b4-4f48-82e1-338c57be2cca	Animalia	Chordata	Squamata		Gekkonidae	Hemidactylus	Hemidactylus turcicus		SPECIES	Hemidactylus turcicus (Linnaeus, 1758)	Hemidactylus turcicus		US	vacant lot immediately W of 650 E Easy St., Simi Valley	California	PRESENT	1	493fe050-055d-11d8-b84f-b8a03c50a862	34.27	-118.78							2015-10-03	3	10	2015	5221528	5221528	PRESERVED_SPECIMEN	LACM	Herps	187782	GBP 2584			CC0_1_0		Greg Pauly, Robert & Max Espinoza, Tom Wake, Matt Dickson, Logan Hopkins, Samantha Sidhu, Roman Nova		native	2026-02-26T00:49:23.035Z		
1800524411	7a25f7aa-03fb-4322-aaeb-66719e1a9527	37790aaa-71ac-47b7-b652-e2794648eea4	Animalia	Chordata	Squamata		Gekkonidae	Hemidactylus	Hemidactylus turcicus		SPECIES	Hemidactylus turcicus (Linnaeus, 1758)	Hemidactylus turcicus		US	vacant lot immediately W of 650 E Easy St., Simi Valley	California	PRESENT	1	493fe050-055d-11d8-b84f-b8a03c50a862	34.27	-118.78							2015-10-03	3	10	2015	5221528	5221528	PRESERVED_SPECIMEN	LACM	Herps	187762	GBP 2564			CC0_1_0		Greg Pauly, Robert & Max Espinoza, Tom Wake, Matt Dickson, Logan Hopkins, Samantha Sidhu, Roman Nova		native	2026-02-26T00:49:29.370Z		
1800524408	7a25f7aa-03fb-4322-aaeb-66719e1a9527	58604940-c6e6-43c3-af14-764e33135353	Animalia	Chordata	Squamata		Gekkonidae	Hemidactylus	Hemidactylus turcicus		SPECIES	Hemidactylus turcicus (Linnaeus, 1758)	Hemidactylus turcicus		US	vacant lot immediately W of 650 E Easy St., Simi Valley	California	PRESENT	1	493fe050-055d-11d8-b84f-b8a03c50a862	34.27	-118.78							2015-10-03	3	10	2015	5221528	5221528	PRESERVED_SPECIMEN	LACM	Herps	187760	GBP 2562			CC0_1_0		Greg Pauly, Robert & Max Espinoza, Tom Wake, Matt Dickson, Logan Hopkins, Samantha Sidhu, Roman Nova		native	2026-02-26T00:49:27.404Z		
1800524406	7a25f7aa-03fb-4322-aaeb-66719e1a9527	7014d4d1-336e-41c0-8098-fa0cac170638	Animalia	Chordata	Squamata		Gekkonidae	Hemidactylus	Hemidactylus turcicus		SPECIES	Hemidactylus turcicus (Linnaeus, 1758)	Hemidactylus turcicus		US	vacant lot immediately W of 650 E Easy St., Simi Valley	California	PRESENT	1	493fe050-055d-11d8-b84f-b8a03c50a862	34.27	-118.78							2015-10-03	3	10	2015	5221528	5221528	PRESERVED_SPECIMEN	LACM	Herps	187778	GBP 2580			CC0_1_0		Greg Pauly, Robert & Max Espinoza, Tom Wake, Matt Dickson, Logan Hopkins, Samantha Sidhu, Roman Nova		native	2026-02-26T00:49:19.018Z		
1800524405	7a25f7aa-03fb-4322-aaeb-66719e1a9527	6f589391-5aac-4a57-882f-c639817e3b28	Animalia	Chordata	Squamata		Gekkonidae	Hemidactylus	Hemidactylus turcicus		SPECIES	Hemidactylus turcicus (Linnaeus, 1758)	Hemidactylus turcicus		US	vacant lot immediately W of 650 E Easy St., Simi Valley	California	PRESENT	1	493fe050-055d-11d8-b84f-b8a03c50a862	34.27	-118.78							2015-10-03	3	10	2015	5221528	5221528	PRESERVED_SPECIMEN	LACM	Herps	187761	GBP 2563			CC0_1_0		Greg Pauly, Robert & Max Espinoza, Tom Wake, Matt Dickson, Logan Hopkins, Samantha Sidhu, Roman Nova		native	2026-02-26T00:49:26.722Z		
1800524401	7a25f7aa-03fb-4322-aaeb-66719e1a9527	f5f9fe4b-855e-4eca-bb41-fe373d6672ce	Animalia	Chordata	Squamata		Gekkonidae	Hemidactylus	Hemidactylus turcicus		SPECIES	Hemidactylus turcicus (Linnaeus, 1758)	Hemidactylus turcicus		US	vacant lot immediately W of 650 E Easy St., Simi Valley	California	PRESENT	1	493fe050-055d-11d8-b84f-b8a03c50a862	34.27	-118.78							2015-10-03	3	10	2015	5221528	5221528	PRESERVED_SPECIMEN	LACM	Herps	187786	GBP 2588			CC0_1_0		Greg Pauly, Robert & Max Espinoza, Tom Wake, Matt Dickson, Logan Hopkins, Samantha Sidhu, Roman Nova		native	2026-02-26T00:49:20.938Z		
1800524389	7a25f7aa-03fb-4322-aaeb-66719e1a9527	1e24dd94-eb93-4046-8bee-a8a6928f547c	Animalia	Chordata	Squamata		Gekkonidae	Hemidactylus	Hemidactylus turcicus		SPECIES	Hemidactylus turcicus (Linnaeus, 1758)	Hemidactylus turcicus		US	between 750 and 490 E. Easy Street, Simi Valley	California	PRESENT	1	493fe050-055d-11d8-b84f-b8a03c50a862	34.27	-118.79							2015-10-03	3	10	2015	5221528	5221528	PRESERVED_SPECIMEN	LACM	Herps	187749	GBP 2551			CC0_1_0		Greg Pauly, Robert & Max Espinoza, Tom Wake, Matt Dickson, Logan Hopkins, Samantha Sidhu, Roman Nova		native	2026-02-26T00:49:33.255Z		
1800524382	7a25f7aa-03fb-4322-aaeb-66719e1a9527	c52de5b9-480a-4708-ad42-ee12d587739a	Animalia	Chordata	Squamata		Gekkonidae	Hemidactylus	Hemidactylus turcicus		SPECIES	Hemidactylus turcicus (Linnaeus, 1758)	Hemidactylus turcicus		US	between 750 and 490 E. Easy Street, Simi Valley	California	PRESENT	1	493fe050-055d-11d8-b84f-b8a03c50a862	34.27	-118.79							2015-10-03	3	10	2015	5221528	5221528	PRESERVED_SPECIMEN	LACM	Herps	187755	GBP 2557			CC0_1_0		Greg Pauly, Robert & Max Espinoza, Tom Wake, Matt Dickson, Logan Hopkins, Samantha Sidhu, Roman Nova		native	2026-02-26T00:49:32.420Z		
1800524381	7a25f7aa-03fb-4322-aaeb-66719e1a9527	9e40ff49-e28b-4ac2-b95c-434317b7c197	Animalia	Chordata	Squamata		Gekkonidae	Hemidactylus	Hemidactylus turcicus		SPECIES	Hemidactylus turcicus (Linnaeus, 1758)	Hemidactylus turcicus		US	between 750 and 490 E. Easy Street, Simi Valley	California	PRESENT	1	493fe050-055d-11d8-b84f-b8a03c50a862	34.27	-118.79							2015-10-03	3	10	2015	5221528	5221528	PRESERVED_SPECIMEN	LACM	Herps	187751	GBP 2553			CC0_1_0		Greg Pauly, Robert & Max Espinoza, Tom Wake, Matt Dickson, Logan Hopkins, Samantha Sidhu, Roman Nova		native	2026-02-26T00:49:26.080Z		
1800524371	7a25f7aa-03fb-4322-aaeb-66719e1a9527	a8534cf1-a6de-475d-a5af-0a0fab007bf7	Animalia	Chordata	Squamata		Gekkonidae	Hemidactylus	Hemidactylus turcicus		SPECIES	Hemidactylus turcicus (Linnaeus, 1758)	Hemidactylus turcicus		US	between 750 and 490 E. Easy Street, Simi Valley	California	PRESENT	1	493fe050-055d-11d8-b84f-b8a03c50a862	34.27	-118.79							2015-10-03	3	10	2015	5221528	5221528	PRESERVED_SPECIMEN	LACM	Herps	187750	GBP 2552			CC0_1_0		Greg Pauly, Robert & Max Espinoza, Tom Wake, Matt Dickson, Logan Hopkins, Samantha Sidhu, Roman Nova		native	2026-02-26T00:49:32.070Z		
1800524367	7a25f7aa-03fb-4322-aaeb-66719e1a9527	622056f7-f1b5-4a57-bfc3-e611e945ea32	Animalia	Chordata	Squamata		Gekkonidae	Hemidactylus	Hemidactylus turcicus		SPECIES	Hemidactylus turcicus (Linnaeus, 1758)	Hemidactylus turcicus		US	between 750 and 490 E. Easy Street, Simi Valley	California	PRESENT	1	493fe050-055d-11d8-b84f-b8a03c50a862	34.27	-118.79							2015-10-03	3	10	2015	5221528	5221528	PRESERVED_SPECIMEN	LACM	Herps	187748	GBP 2550			CC0_1_0		Greg Pauly, Robert & Max Espinoza, Tom Wake, Matt Dickson, Logan Hopkins, Samantha Sidhu, Roman Nova		native	2026-02-26T00:49:31.728Z		
1800524363	7a25f7aa-03fb-4322-aaeb-66719e1a9527	3204f65c-eeda-4dc6-99de-13b9979f2243	Animalia	Chordata	Squamata		Gekkonidae	Hemidactylus	Hemidactylus turcicus		SPECIES	Hemidactylus turcicus (Linnaeus, 1758)	Hemidactylus turcicus		US	between 750 and 490 E. Easy Street, Simi Valley	California	PRESENT	1	493fe050-055d-11d8-b84f-b8a03c50a862	34.27	-118.79							2015-10-03	3	10	2015	5221528	5221528	PRESERVED_SPECIMEN	LACM	Herps	187745	GBP 2547			CC0_1_0		Greg Pauly, Robert & Max Espinoza, Tom Wake, Matt Dickson, Logan Hopkins, Samantha Sidhu, Roman Nova		native	2026-02-26T00:49:30.723Z		
1800524362	7a25f7aa-03fb-4322-aaeb-66719e1a9527	f195767d-a480-4edb-a761-0a0f5a068aad	Animalia	Chordata	Squamata		Gekkonidae	Hemidactylus	Hemidactylus turcicus		SPECIES	Hemidactylus turcicus (Linnaeus, 1758)	Hemidactylus turcicus		US	vacant lot immediately W of 650 E Easy St., Simi Valley	California	PRESENT	1	493fe050-055d-11d8-b84f-b8a03c50a862	34.27	-118.78							2015-10-03	3	10	2015	5221528	5221528	PRESERVED_SPECIMEN	LACM	Herps	187783	GBP 2585			CC0_1_0		Greg Pauly, Robert & Max Espinoza, Tom Wake, Matt Dickson, Logan Hopkins, Samantha Sidhu, Roman Nova		native	2026-02-26T00:49:21.087Z		
1800524361	7a25f7aa-03fb-4322-aaeb-66719e1a9527	26bb8e9b-4f7e-4abc-ae8e-5ee4875d4599	Animalia	Chordata	Squamata		Gekkonidae	Hemidactylus	Hemidactylus turcicus		SPECIES	Hemidactylus turcicus (Linnaeus, 1758)	Hemidactylus turcicus		US	between 750 and 490 E. Easy Street, Simi Valley	California	PRESENT	1	493fe050-055d-11d8-b84f-b8a03c50a862	34.27	-118.79							2015-10-03	3	10	2015	5221528	5221528	PRESERVED_SPECIMEN	LACM	Herps	187754	GBP 2556			CC0_1_0		Greg Pauly, Robert & Max Espinoza, Tom Wake, Matt Dickson, Logan Hopkins, Samantha Sidhu, Roman Nova		native	2026-02-26T00:49:26.026Z		
1800524352	7a25f7aa-03fb-4322-aaeb-66719e1a9527	fad484de-c317-42ee-b0b5-f9ac440e3e8d	Animalia	Chordata	Squamata		Gekkonidae	Hemidactylus	Hemidactylus turcicus		SPECIES	Hemidactylus turcicus (Linnaeus, 1758)	Hemidactylus turcicus		US	vacant lot immediately W of 650 E Easy St., Simi Valley	California	PRESENT	1	493fe050-055d-11d8-b84f-b8a03c50a862	34.27	-118.78							2015-10-03	3	10	2015	5221528	5221528	PRESERVED_SPECIMEN	LACM	Herps	187777	GBP 2579			CC0_1_0		Greg Pauly, Robert & Max Espinoza, Tom Wake, Matt Dickson, Logan Hopkins, Samantha Sidhu, Roman Nova		native	2026-02-26T00:49:21.696Z		
1800524340	7a25f7aa-03fb-4322-aaeb-66719e1a9527	45dc0715-4ce0-4276-970d-9ab371445133	Animalia	Chordata	Squamata		Gekkonidae	Hemidactylus	Hemidactylus turcicus		SPECIES	Hemidactylus turcicus (Linnaeus, 1758)	Hemidactylus turcicus		US	between 750 and 490 E. Easy Street, Simi Valley	California	PRESENT	1	493fe050-055d-11d8-b84f-b8a03c50a862	34.27	-118.79							2015-10-03	3	10	2015	5221528	5221528	PRESERVED_SPECIMEN	LACM	Herps	187747	GBP 2549			CC0_1_0		Greg Pauly, Robert & Max Espinoza, Tom Wake, Matt Dickson, Logan Hopkins, Samantha Sidhu, Roman Nova		native	2026-02-26T00:49:18.472Z		
1800524333	7a25f7aa-03fb-4322-aaeb-66719e1a9527	02ff3fa8-db46-46e8-aff1-25a6562acc87	Animalia	Chordata	Squamata		Gekkonidae	Hemidactylus	Hemidactylus turcicus		SPECIES	Hemidactylus turcicus (Linnaeus, 1758)	Hemidactylus turcicus		US	between 750 and 490 E. Easy Street, Simi Valley	California	PRESENT	1	493fe050-055d-11d8-b84f-b8a03c50a862	34.27	-118.79							2015-10-03	3	10	2015	5221528	5221528	PRESERVED_SPECIMEN	LACM	Herps	187756	GBP 2558			CC0_1_0		Greg Pauly, Robert & Max Espinoza, Tom Wake, Matt Dickson, Logan Hopkins, Samantha Sidhu, Roman Nova		native	2026-02-26T00:49:24.102Z		
1800524331	7a25f7aa-03fb-4322-aaeb-66719e1a9527	b9cb3e03-b579-4836-a6b1-50223ab77cc3	Animalia	Chordata	Squamata		Gekkonidae	Hemidactylus	Hemidactylus turcicus		SPECIES	Hemidactylus turcicus (Linnaeus, 1758)	Hemidactylus turcicus		US	between 750 and 490 E. Easy Street, Simi Valley	California	PRESENT	1	493fe050-055d-11d8-b84f-b8a03c50a862	34.27	-118.79							2015-10-03	3	10	2015	5221528	5221528	PRESERVED_SPECIMEN	LACM	Herps	187746	GBP 2548			CC0_1_0		Greg Pauly, Robert & Max Espinoza, Tom Wake, Matt Dickson, Logan Hopkins, Samantha Sidhu, Roman Nova		native	2026-02-26T00:49:24.177Z		
1800524322	7a25f7aa-03fb-4322-aaeb-66719e1a9527	9cfd562a-0b53-4302-95e7-76076f4682f0	Animalia	Chordata	Squamata		Gekkonidae	Hemidactylus	Hemidactylus turcicus		SPECIES	Hemidactylus turcicus (Linnaeus, 1758)	Hemidactylus turcicus		US	between 750 and 490 E. Easy Street, Simi Valley	California	PRESENT	1	493fe050-055d-11d8-b84f-b8a03c50a862	34.27	-118.79							2015-10-03	3	10	2015	5221528	5221528	PRESERVED_SPECIMEN	LACM	Herps	187744	GBP 2546			CC0_1_0		Greg Pauly, Robert & Max Espinoza, Tom Wake, Matt Dickson, Logan Hopkins, Samantha Sidhu, Roman Nova		native	2026-02-26T00:49:34.323Z		
1800524301	7a25f7aa-03fb-4322-aaeb-66719e1a9527	47bf268f-5b05-4494-9ded-aff4d5ba26b2	Animalia	Chordata	Squamata		Gekkonidae	Hemidactylus	Hemidactylus turcicus		SPECIES	Hemidactylus turcicus (Linnaeus, 1758)	Hemidactylus turcicus		US	vacant lot immediately W of 650 E Easy St., Simi Valley	California	PRESENT	1	493fe050-055d-11d8-b84f-b8a03c50a862	34.27	-118.78							2015-10-03	3	10	2015	5221528	5221528	PRESERVED_SPECIMEN	LACM	Herps	187759	GBP 2561			CC0_1_0		Greg Pauly, Robert & Max Espinoza, Tom Wake, Matt Dickson, Logan Hopkins, Samantha Sidhu, Roman Nova		native	2026-02-26T00:49:18.123Z		
1800524258	7a25f7aa-03fb-4322-aaeb-66719e1a9527	cbc81c3f-d52e-447b-84a0-479f5c89e5ab	Animalia	Chordata	Squamata		Gekkonidae	Hemidactylus	Hemidactylus turcicus		SPECIES	Hemidactylus turcicus (Linnaeus, 1758)	Hemidactylus turcicus		US	between 750 and 490 E. Easy Street, Simi Valley	California	PRESENT	1	493fe050-055d-11d8-b84f-b8a03c50a862	34.27	-118.79							2015-10-03	3	10	2015	5221528	5221528	PRESERVED_SPECIMEN	LACM	Herps	187743	GBP 2545			CC0_1_0		Greg Pauly, Robert & Max Espinoza, Tom Wake, Matt Dickson, Logan Hopkins, Samantha Sidhu, Roman Nova		native	2026-02-26T00:49:23.632Z		
1800524207	7a25f7aa-03fb-4322-aaeb-66719e1a9527	47f65f55-99b8-4c9f-b108-21c975698aa7	Animalia	Chordata	Squamata		Gekkonidae	Hemidactylus	Hemidactylus turcicus		SPECIES	Hemidactylus turcicus (Linnaeus, 1758)	Hemidactylus turcicus		US	vacant lot immediately W of 650 E Easy St., Simi Valley	California	PRESENT	1	493fe050-055d-11d8-b84f-b8a03c50a862	34.27	-118.78							2015-10-03	3	10	2015	5221528	5221528	PRESERVED_SPECIMEN	LACM	Herps	187770	GBP 2572			CC0_1_0		Greg Pauly, Robert & Max Espinoza, Tom Wake, Matt Dickson, Logan Hopkins, Samantha Sidhu, Roman Nova		native	2026-02-26T00:49:28.631Z		
1800524188	7a25f7aa-03fb-4322-aaeb-66719e1a9527	b0dfb26b-42ae-46fa-92de-d74ac82aebab	Animalia	Chordata	Squamata		Gekkonidae	Hemidactylus	Hemidactylus turcicus		SPECIES	Hemidactylus turcicus (Linnaeus, 1758)	Hemidactylus turcicus		US	vacant lot immediately W of 650 E Easy St., Simi Valley	California	PRESENT	1	493fe050-055d-11d8-b84f-b8a03c50a862	34.27	-118.78							2015-10-03	3	10	2015	5221528	5221528	PRESERVED_SPECIMEN	LACM	Herps	187769	GBP 2571			CC0_1_0		Greg Pauly, Robert & Max Espinoza, Tom Wake, Matt Dickson, Logan Hopkins, Samantha Sidhu, Roman Nova		native	2026-02-26T00:49:27.287Z		
1800524184	7a25f7aa-03fb-4322-aaeb-66719e1a9527	4df93119-d613-48ad-b3c2-4743311e7756	Animalia	Chordata	Squamata		Gekkonidae	Hemidactylus	Hemidactylus turcicus		SPECIES	Hemidactylus turcicus (Linnaeus, 1758)	Hemidactylus turcicus		US	vacant lot immediately W of 650 E Easy St., Simi Valley	California	PRESENT	1	493fe050-055d-11d8-b84f-b8a03c50a862	34.27	-118.78							2015-10-03	3	10	2015	5221528	5221528	PRESERVED_SPECIMEN	LACM	Herps	187772	GBP 2574			CC0_1_0		Greg Pauly, Robert & Max Espinoza, Tom Wake, Matt Dickson, Logan Hopkins, Samantha Sidhu, Roman Nova		native	2026-02-26T00:49:23.261Z		
1800524179	7a25f7aa-03fb-4322-aaeb-66719e1a9527	1159942a-efcf-4eeb-8883-ea4a6c92d894	Animalia	Chordata	Squamata		Gekkonidae	Hemidactylus	Hemidactylus turcicus		SPECIES	Hemidactylus turcicus (Linnaeus, 1758)	Hemidactylus turcicus		US	vacant lot immediately W of 650 E Easy St., Simi Valley	California	PRESENT	1	493fe050-055d-11d8-b84f-b8a03c50a862	34.27	-118.78							2015-10-03	3	10	2015	5221528	5221528	PRESERVED_SPECIMEN	LACM	Herps	187776	GBP 2578			CC0_1_0		Greg Pauly, Robert & Max Espinoza, Tom Wake, Matt Dickson, Logan Hopkins, Samantha Sidhu, Roman Nova		native	2026-02-26T00:49:27.613Z		
1800524160	7a25f7aa-03fb-4322-aaeb-66719e1a9527	2ba25b48-53eb-4b7a-ac6c-b76af33d7a87	Animalia	Chordata	Squamata		Gekkonidae	Hemidactylus	Hemidactylus turcicus		SPECIES	Hemidactylus turcicus (Linnaeus, 1758)	Hemidactylus turcicus		US	vacant lot immediately W of 650 E Easy St., Simi Valley	California	PRESENT	1	493fe050-055d-11d8-b84f-b8a03c50a862	34.27	-118.78							2015-10-03	3	10	2015	5221528	5221528	PRESERVED_SPECIMEN	LACM	Herps	187774	GBP 2576			CC0_1_0		Greg Pauly, Robert & Max Espinoza, Tom Wake, Matt Dickson, Logan Hopkins, Samantha Sidhu, Roman Nova		native	2026-02-26T00:49:29.488Z		
1800524142	7a25f7aa-03fb-4322-aaeb-66719e1a9527	4c7f7cd7-49fe-439b-b9a8-be8636c5f2c8	Animalia	Chordata	Squamata		Gekkonidae	Hemidactylus	Hemidactylus turcicus		SPECIES	Hemidactylus turcicus (Linnaeus, 1758)	Hemidactylus turcicus		US	vacant lot immediately W of 650 E Easy St., Simi Valley	California	PRESENT	1	493fe050-055d-11d8-b84f-b8a03c50a862	34.27	-118.78							2015-10-03	3	10	2015	5221528	5221528	PRESERVED_SPECIMEN	LACM	Herps	187773	GBP 2575			CC0_1_0		Greg Pauly, Robert & Max Espinoza, Tom Wake, Matt Dickson, Logan Hopkins, Samantha Sidhu, Roman Nova		native	2026-02-26T00:49:33.665Z		
1800524140	7a25f7aa-03fb-4322-aaeb-66719e1a9527	b5d38904-684e-4073-8e1a-8d74d752e27a	Animalia	Chordata	Squamata		Gekkonidae	Hemidactylus	Hemidactylus turcicus		SPECIES	Hemidactylus turcicus (Linnaeus, 1758)	Hemidactylus turcicus		US	vacant lot immediately W of 650 E Easy St., Simi Valley	California	PRESENT	1	493fe050-055d-11d8-b84f-b8a03c50a862	34.27	-118.78							2015-10-03	3	10	2015	5221528	5221528	PRESERVED_SPECIMEN	LACM	Herps	187775	GBP 2577			CC0_1_0		Greg Pauly, Robert & Max Espinoza, Tom Wake, Matt Dickson, Logan Hopkins, Samantha Sidhu, Roman Nova		native	2026-02-26T00:49:33.940Z		
1800524138	7a25f7aa-03fb-4322-aaeb-66719e1a9527	0fef8ceb-ff08-43ff-ab73-e4fdb04dd497	Animalia	Chordata	Squamata		Gekkonidae	Hemidactylus	Hemidactylus turcicus		SPECIES	Hemidactylus turcicus (Linnaeus, 1758)	Hemidactylus turcicus		US	vacant lot immediately W of 650 E Easy St., Simi Valley	California	PRESENT	1	493fe050-055d-11d8-b84f-b8a03c50a862	34.27	-118.78							2015-10-03	3	10	2015	5221528	5221528	PRESERVED_SPECIMEN	LACM	Herps	187768	GBP 2570			CC0_1_0		Greg Pauly, Robert & Max Espinoza, Tom Wake, Matt Dickson, Logan Hopkins, Samantha Sidhu, Roman Nova		native	2026-02-26T00:49:16.823Z		
1800524135	7a25f7aa-03fb-4322-aaeb-66719e1a9527	f5e37e42-5b55-416a-b93b-d0c2e567193f	Animalia	Chordata	Squamata		Gekkonidae	Hemidactylus	Hemidactylus turcicus		SPECIES	Hemidactylus turcicus (Linnaeus, 1758)	Hemidactylus turcicus		US	vacant lot immediately W of 650 E Easy St., Simi Valley	California	PRESENT	1	493fe050-055d-11d8-b84f-b8a03c50a862	34.27	-118.78							2015-10-03	3	10	2015	5221528	5221528	PRESERVED_SPECIMEN	LACM	Herps	187771	GBP 2573			CC0_1_0		Greg Pauly, Robert & Max Espinoza, Tom Wake, Matt Dickson, Logan Hopkins, Samantha Sidhu, Roman Nova		native	2026-02-26T00:49:28.041Z		
1800523961	7a25f7aa-03fb-4322-aaeb-66719e1a9527	11c8352d-02f8-4b80-8483-6501360d5f1f	Animalia	Chordata	Squamata		Gekkonidae	Hemidactylus	Hemidactylus turcicus		SPECIES	Hemidactylus turcicus (Linnaeus, 1758)	Hemidactylus turcicus		US	Shoshone Inn, CA Hwy 127, Shoshone	California	PRESENT	1	493fe050-055d-11d8-b84f-b8a03c50a862	35.98	-116.27							2016-04-30	30	4	2016	5221528	5221528	PRESERVED_SPECIMEN	LACM	Herps	187896	GBP 2819			CC0_1_0		Greg Pauly and Stevie Kennedy-Gold		native	2026-02-26T00:49:16.905Z		
1800523957	7a25f7aa-03fb-4322-aaeb-66719e1a9527	fe24c54f-9dce-47f4-9cd6-cdd1918ae201	Animalia	Chordata	Squamata		Gekkonidae	Hemidactylus	Hemidactylus turcicus		SPECIES	Hemidactylus turcicus (Linnaeus, 1758)	Hemidactylus turcicus		US	Shoshone Inn, CA Hwy 127, Shoshone	California	PRESENT	1	493fe050-055d-11d8-b84f-b8a03c50a862	35.98	-116.27							2016-04-30	30	4	2016	5221528	5221528	PRESERVED_SPECIMEN	LACM	Herps	187897	GBP 2820			CC0_1_0		Greg Pauly and Stevie Kennedy-Gold		native	2026-02-26T00:49:24.010Z		
1800523898	7a25f7aa-03fb-4322-aaeb-66719e1a9527	923f80c9-72d6-4c4d-9224-7ba1eb6f9ff9	Animalia	Chordata	Squamata		Gekkonidae	Hemidactylus	Hemidactylus turcicus		SPECIES	Hemidactylus turcicus (Linnaeus, 1758)	Hemidactylus turcicus		US	planter in front of Shoshone Inn, CA Hwy 127, Shoshone	California	PRESENT	1	493fe050-055d-11d8-b84f-b8a03c50a862	35.98	-116.27							2016-04-30	30	4	2016	5221528	5221528	PRESERVED_SPECIMEN	LACM	Herps	187898	GBP 2821			CC0_1_0		Greg Pauly and Stevie Kennedy-Gold		native	2026-02-26T00:49:30.718Z		
1800523891	7a25f7aa-03fb-4322-aaeb-66719e1a9527	26d83bfc-a917-469a-9316-b3eb5160b5b9	Animalia	Chordata	Squamata		Gekkonidae	Hemidactylus	Hemidactylus turcicus		SPECIES	Hemidactylus turcicus (Linnaeus, 1758)	Hemidactylus turcicus		US	vacant lot immediately W of 650 E Easy St., Simi Valley	California	PRESENT	1	493fe050-055d-11d8-b84f-b8a03c50a862	34.27	-118.78							2015-10-03	3	10	2015	5221528	5221528	PRESERVED_SPECIMEN	LACM	Herps	187767	GBP 2569			CC0_1_0		Greg Pauly, Robert & Max Espinoza, Tom Wake, Matt Dickson, Logan Hopkins, Samantha Sidhu, Roman Nova		native	2026-02-26T00:49:27.330Z		
1800523889	7a25f7aa-03fb-4322-aaeb-66719e1a9527	a80fd5ab-4536-4c24-8c02-74b50b36e504	Animalia	Chordata	Squamata		Gekkonidae	Hemidactylus	Hemidactylus turcicus		SPECIES	Hemidactylus turcicus (Linnaeus, 1758)	Hemidactylus turcicus		US	vacant lot immediately W of 650 E Easy St., Simi Valley	California	PRESENT	1	493fe050-055d-11d8-b84f-b8a03c50a862	34.27	-118.78							2015-10-03	3	10	2015	5221528	5221528	PRESERVED_SPECIMEN	LACM	Herps	187765	GBP 2567			CC0_1_0		Greg Pauly, Robert & Max Espinoza, Tom Wake, Matt Dickson, Logan Hopkins, Samantha Sidhu, Roman Nova		native	2026-02-26T00:49:28.350Z		
1800523881	7a25f7aa-03fb-4322-aaeb-66719e1a9527	9dbd8bb5-681a-4dd9-909d-7411acdb34e4	Animalia	Chordata	Squamata		Gekkonidae	Hemidactylus	Hemidactylus turcicus		SPECIES	Hemidactylus turcicus (Linnaeus, 1758)	Hemidactylus turcicus		US	vacant lot immediately W of 650 E Easy St., Simi Valley	California	PRESENT	1	493fe050-055d-11d8-b84f-b8a03c50a862	34.27	-118.78							2015-10-03	3	10	2015	5221528	5221528	PRESERVED_SPECIMEN	LACM	Herps	187763	GBP 2565			CC0_1_0		Greg Pauly, Robert & Max Espinoza, Tom Wake, Matt Dickson, Logan Hopkins, Samantha Sidhu, Roman Nova		native	2026-02-26T00:49:35.149Z		
1800523876	7a25f7aa-03fb-4322-aaeb-66719e1a9527	505c1b96-737b-466f-b682-eeb61211bada	Animalia	Chordata	Squamata		Gekkonidae	Hemidactylus	Hemidactylus turcicus		SPECIES	Hemidactylus turcicus (Linnaeus, 1758)	Hemidactylus turcicus		US	vacant lot immediately W of 650 E Easy St., Simi Valley	California	PRESENT	1	493fe050-055d-11d8-b84f-b8a03c50a862	34.27	-118.78							2015-10-03	3	10	2015	5221528	5221528	PRESERVED_SPECIMEN	LACM	Herps	187764	GBP 2566			CC0_1_0		Greg Pauly, Robert & Max Espinoza, Tom Wake, Matt Dickson, Logan Hopkins, Samantha Sidhu, Roman Nova		native	2026-02-26T00:49:31.514Z		
1800523874	7a25f7aa-03fb-4322-aaeb-66719e1a9527	08406fd7-564d-4178-9418-55b1b45779c8	Animalia	Chordata	Squamata		Gekkonidae	Hemidactylus	Hemidactylus turcicus		SPECIES	Hemidactylus turcicus (Linnaeus, 1758)	Hemidactylus turcicus		US	vacant lot immediately W of 650 E Easy St., Simi Valley	California	PRESENT	1	493fe050-055d-11d8-b84f-b8a03c50a862	34.27	-118.78							2015-10-03	3	10	2015	5221528	5221528	PRESERVED_SPECIMEN	LACM	Herps	187766	GBP 2568			CC0_1_0		Greg Pauly, Robert & Max Espinoza, Tom Wake, Matt Dickson, Logan Hopkins, Samantha Sidhu, Roman Nova		native	2026-02-26T00:49:16.141Z		
1800523775	7a25f7aa-03fb-4322-aaeb-66719e1a9527	cf7b5754-49bc-4582-b21a-87a50c4b7598	Animalia	Chordata	Squamata		Gekkonidae	Hemidactylus	Hemidactylus turcicus		SPECIES	Hemidactylus turcicus (Linnaeus, 1758)	Hemidactylus turcicus		US	2138 S. Wright St., Santa Ana	California	PRESENT		493fe050-055d-11d8-b84f-b8a03c50a862	33.72	-117.85							2014-10-25	25	10	2014	5221528	5221528	PRESERVED_SPECIMEN	LACM	Herps		GBP 1948			CC0_1_0		Greg Pauly, Robert Espinoza, Max Espinoza, and Tom Wake		native	2026-02-26T00:49:28.954Z		
1800523690	7a25f7aa-03fb-4322-aaeb-66719e1a9527	69075d78-5a9f-42eb-95e3-3b1b172d7c0a	Animalia	Chordata	Squamata		Gekkonidae	Hemidactylus	Hemidactylus turcicus		SPECIES	Hemidactylus turcicus (Linnaeus, 1758)	Hemidactylus turcicus		US	Terrace Circle and vicinity, Brawley	California	PRESENT		493fe050-055d-11d8-b84f-b8a03c50a862	32.97	-115.55							2019-05-03	3	5	2019	5221528	5221528	PRESERVED_SPECIMEN	LACM	Herps		GBP 2106			CC0_1_0		Stevie Kennedy-Gold, Bennett Hardy, and Greg Pauly		native	2026-02-26T00:49:33.660Z		
1800523655	7a25f7aa-03fb-4322-aaeb-66719e1a9527	d8b25200-60c3-46bc-8d27-5d55c184945e	Animalia	Chordata	Squamata		Gekkonidae	Hemidactylus	Hemidactylus turcicus		SPECIES	Hemidactylus turcicus (Linnaeus, 1758)	Hemidactylus turcicus		US	Chevron Station/Charles Brown General Store, CA Hwy 127, Shoshone	California	PRESENT	1	493fe050-055d-11d8-b84f-b8a03c50a862	35.97	-116.27							2016-04-30	30	4	2016	5221528	5221528	PRESERVED_SPECIMEN	LACM	Herps	187892	GBP 2815			CC0_1_0		Greg Pauly and Stevie Kennedy-Gold		native	2026-02-26T00:49:28.443Z		
1800523653	7a25f7aa-03fb-4322-aaeb-66719e1a9527	4360588c-437f-4055-b799-0b066b4d8580	Animalia	Chordata	Squamata		Gekkonidae	Hemidactylus	Hemidactylus turcicus		SPECIES	Hemidactylus turcicus (Linnaeus, 1758)	Hemidactylus turcicus		US	Shoshone Inn, CA Hwy 127, Shoshone	California	PRESENT	1	493fe050-055d-11d8-b84f-b8a03c50a862	35.98	-116.27							2016-04-30	30	4	2016	5221528	5221528	PRESERVED_SPECIMEN	LACM	Herps	187894	GBP 2817			CC0_1_0		Greg Pauly and Stevie Kennedy-Gold		native	2026-02-26T00:49:31.899Z		
1800523652	7a25f7aa-03fb-4322-aaeb-66719e1a9527	c24ac544-6194-4f12-8c67-92919e0bb253	Animalia	Chordata	Squamata		Gekkonidae	Hemidactylus	Hemidactylus turcicus		SPECIES	Hemidactylus turcicus (Linnaeus, 1758)	Hemidactylus turcicus		US	Shoshone Inn, CA Hwy 127, Shoshone	California	PRESENT	1	493fe050-055d-11d8-b84f-b8a03c50a862	35.98	-116.27							2016-04-30	30	4	2016	5221528	5221528	PRESERVED_SPECIMEN	LACM	Herps	187895	GBP 2818			CC0_1_0		Greg Pauly and Stevie Kennedy-Gold		native	2026-02-26T00:49:30.685Z		
1800523650	7a25f7aa-03fb-4322-aaeb-66719e1a9527	7ce12332-95ce-4600-9280-f2d0cad396dc	Animalia	Chordata	Squamata		Gekkonidae	Hemidactylus	Hemidactylus turcicus		SPECIES	Hemidactylus turcicus (Linnaeus, 1758)	Hemidactylus turcicus		US	Chevron Station/Charles Brown General Store, CA Hwy 127, Shoshone	California	PRESENT	1	493fe050-055d-11d8-b84f-b8a03c50a862	35.98	-116.27							2016-04-30	30	4	2016	5221528	5221528	PRESERVED_SPECIMEN	LACM	Herps	187893	GBP 2816			CC0_1_0		Greg Pauly and Stevie Kennedy-Gold		native	2026-02-26T00:49:34.801Z		
1800523385	7a25f7aa-03fb-4322-aaeb-66719e1a9527	d489107a-0678-4592-82f7-bb34f91192ae	Animalia	Chordata	Squamata		Gekkonidae	Hemidactylus	Hemidactylus turcicus		SPECIES	Hemidactylus turcicus (Linnaeus, 1758)	Hemidactylus turcicus		US	vacant lot immediately W of 650 E Easy St., Simi Valley	California	PRESENT	1	493fe050-055d-11d8-b84f-b8a03c50a862	34.27	-118.78							2015-10-03	3	10	2015	5221528	5221528	PRESERVED_SPECIMEN	LACM	Herps	187758	GBP 2560			CC0_1_0		Greg Pauly, Robert & Max Espinoza, Tom Wake, Matt Dickson, Logan Hopkins, Samantha Sidhu, Roman Nova		native	2026-02-26T00:49:23.989Z		
1800523384	7a25f7aa-03fb-4322-aaeb-66719e1a9527	0772d786-f2a9-45f5-a4fc-e348094e9a10	Animalia	Chordata	Squamata		Gekkonidae	Hemidactylus	Hemidactylus turcicus		SPECIES	Hemidactylus turcicus (Linnaeus, 1758)	Hemidactylus turcicus		US	vacant lot immediately W of 650 E Easy St., Simi Valley	California	PRESENT	1	493fe050-055d-11d8-b84f-b8a03c50a862	34.27	-118.78							2015-10-03	3	10	2015	5221528	5221528	PRESERVED_SPECIMEN	LACM	Herps	187757	GBP 2559			CC0_1_0		Greg Pauly, Robert & Max Espinoza, Tom Wake, Matt Dickson, Logan Hopkins, Samantha Sidhu, Roman Nova		native	2026-02-26T00:49:28.302Z		
1800523356	7a25f7aa-03fb-4322-aaeb-66719e1a9527	8bae79c9-8571-48c5-88a6-fb48baa43414	Animalia	Chordata	Squamata		Gekkonidae	Hemidactylus	Hemidactylus turcicus		SPECIES	Hemidactylus turcicus (Linnaeus, 1758)	Hemidactylus turcicus		US	Industrial complex on W 11th St., east of N Central Ave in Upland, San Bernardino Co., California.	California	PRESENT	1	493fe050-055d-11d8-b84f-b8a03c50a862	34.1	-117.69							2015-06-24	24	6	2015	5221528	5221528	PRESERVED_SPECIMEN	LACM	Herps	187224	LMC 146			CC0_1_0		Lauren Chan, Elizabeth Gibson, Margaux Yanega		native	2026-02-26T00:49:29.766Z		
1800523351	7a25f7aa-03fb-4322-aaeb-66719e1a9527	4cc39baf-6ceb-437b-a07b-6f08ad638350	Animalia	Chordata	Squamata		Gekkonidae	Hemidactylus	Hemidactylus turcicus		SPECIES	Hemidactylus turcicus (Linnaeus, 1758)	Hemidactylus turcicus		US	Industrial complex on W 11th St., east of N Central Ave in Upland, San Bernardino Co., California.	California	PRESENT	1	493fe050-055d-11d8-b84f-b8a03c50a862	34.1	-117.69							2015-06-24	24	6	2015	5221528	5221528	PRESERVED_SPECIMEN	LACM	Herps	187221	LMC 143			CC0_1_0		Lauren Chan, Elizabeth Gibson, Margaux Yanega		native	2026-02-26T00:49:28.455Z		
1800523346	7a25f7aa-03fb-4322-aaeb-66719e1a9527	cd779907-fc98-4cbf-8826-5050d9d4f8e3	Animalia	Chordata	Squamata		Gekkonidae	Hemidactylus	Hemidactylus turcicus		SPECIES	Hemidactylus turcicus (Linnaeus, 1758)	Hemidactylus turcicus		US	Industrial complex on W 11th St., east of N Central Ave, Upland, San Bernardino Co., California.	California	PRESENT	1	493fe050-055d-11d8-b84f-b8a03c50a862	34.1	-117.69							2015-06-24	24	6	2015	5221528	5221528	PRESERVED_SPECIMEN	LACM	Herps	187226	LMC 148			CC0_1_0		Lauren Chan, Elizabeth Gibson, Margaux Yanega		native	2026-02-26T00:49:23.900Z		
1800523345	7a25f7aa-03fb-4322-aaeb-66719e1a9527	2925dffc-e1ff-47d1-a772-1eff42db2740	Animalia	Chordata	Squamata		Gekkonidae	Hemidactylus	Hemidactylus turcicus		SPECIES	Hemidactylus turcicus (Linnaeus, 1758)	Hemidactylus turcicus		US	Industrial complex on W 11th St., east of N Central Ave, Upland, San Bernardino Co., California.	California	PRESENT	1	493fe050-055d-11d8-b84f-b8a03c50a862	34.1	-117.69							2015-06-24	24	6	2015	5221528	5221528	PRESERVED_SPECIMEN	LACM	Herps	187227	LMC 149			CC0_1_0		Lauren Chan, Elizabeth Gibson, Margaux Yanega		native	2026-02-26T00:49:22.186Z		
1800523344	7a25f7aa-03fb-4322-aaeb-66719e1a9527	f33f97ce-eb94-4e78-bddb-bb6b4bd7067c	Animalia	Chordata	Squamata		Gekkonidae	Hemidactylus	Hemidactylus turcicus		SPECIES	Hemidactylus turcicus (Linnaeus, 1758)	Hemidactylus turcicus		US	Industrial complex on W 11th St., east of N Central Ave in Upland, San Bernardino Co., California.	California	PRESENT	1	493fe050-055d-11d8-b84f-b8a03c50a862	34.1	-117.69							2015-06-24	24	6	2015	5221528	5221528	PRESERVED_SPECIMEN	LACM	Herps	187223	LMC 145			CC0_1_0		Lauren Chan, Elizabeth Gibson, Margaux Yanega		native	2026-02-26T00:49:26.919Z		
1800523314	7a25f7aa-03fb-4322-aaeb-66719e1a9527	d8e188c5-ad7e-46eb-8ff5-372155ad2f0d	Animalia	Chordata	Squamata		Gekkonidae	Hemidactylus	Hemidactylus turcicus		SPECIES	Hemidactylus turcicus (Linnaeus, 1758)	Hemidactylus turcicus		US	344 Sierra St., El Segundo	California	PRESENT	1	493fe050-055d-11d8-b84f-b8a03c50a862	33.92	-118.41							2015-04-03	3	4	2015	5221528	5221528	PRESERVED_SPECIMEN	LACM	Herps	186763	GBP 2030			CC0_1_0		Aaron Arugay and Greg Pauly		native	2026-02-26T00:49:30.653Z		
1800523313	7a25f7aa-03fb-4322-aaeb-66719e1a9527	76858914-648d-4a52-a12e-11852058b8c7	Animalia	Chordata	Squamata		Gekkonidae	Hemidactylus	Hemidactylus turcicus		SPECIES	Hemidactylus turcicus (Linnaeus, 1758)	Hemidactylus turcicus		US	344 Sierra St., El Segundo	California	PRESENT	1	493fe050-055d-11d8-b84f-b8a03c50a862	33.92	-118.41							2015-04-03	3	4	2015	5221528	5221528	PRESERVED_SPECIMEN	LACM	Herps	186764	GBP 2031			CC0_1_0		Greg Pauly		native	2026-02-26T00:49:28.496Z		
1800523311	7a25f7aa-03fb-4322-aaeb-66719e1a9527	499fb311-d084-4b99-824c-2cc50a08e3b7	Animalia	Chordata	Squamata		Gekkonidae	Hemidactylus	Hemidactylus turcicus		SPECIES	Hemidactylus turcicus (Linnaeus, 1758)	Hemidactylus turcicus		US	344 Sierra St., El Segundo	California	PRESENT	1	493fe050-055d-11d8-b84f-b8a03c50a862	33.92	-118.41							2015-04-03	3	4	2015	5221528	5221528	PRESERVED_SPECIMEN	LACM	Herps	186765	GBP 2032			CC0_1_0		Greg Pauly		native	2026-02-26T00:49:28.178Z		
1800523285	7a25f7aa-03fb-4322-aaeb-66719e1a9527	f125d166-3bf4-4b19-bff9-b2fa97acf965	Animalia	Chordata	Squamata		Gekkonidae	Hemidactylus	Hemidactylus turcicus		SPECIES	Hemidactylus turcicus (Linnaeus, 1758)	Hemidactylus turcicus		US	between 750 and 490 E. Easy Street, Simi Valley	California	PRESENT	1	493fe050-055d-11d8-b84f-b8a03c50a862	34.27	-118.79							2015-10-03	3	10	2015	5221528	5221528	PRESERVED_SPECIMEN	LACM	Herps	187741	GBP 2543			CC0_1_0		Greg Pauly, Robert & Max Espinoza, Tom Wake, Matt Dickson, Logan Hopkins, Samantha Sidhu, Roman Nova		native	2026-02-26T00:49:27.931Z		
1800523276	7a25f7aa-03fb-4322-aaeb-66719e1a9527	ff4c915c-98ad-4ecc-8eb5-82f7b33b5514	Animalia	Chordata	Squamata		Gekkonidae	Hemidactylus	Hemidactylus turcicus		SPECIES	Hemidactylus turcicus (Linnaeus, 1758)	Hemidactylus turcicus		US	between 750 and 490 E. Easy Street, Simi Valley	California	PRESENT	1	493fe050-055d-11d8-b84f-b8a03c50a862	34.27	-118.79							2015-10-03	3	10	2015	5221528	5221528	PRESERVED_SPECIMEN	LACM	Herps	187742	GBP 2544			CC0_1_0		Greg Pauly, Robert & Max Espinoza, Tom Wake, Matt Dickson, Logan Hopkins, Samantha Sidhu, Roman Nova		native	2026-02-26T00:49:32.664Z		
1800523123	7a25f7aa-03fb-4322-aaeb-66719e1a9527	b2735e37-d025-4018-bfef-bf9aaa7fb146	Animalia	Chordata	Squamata		Gekkonidae	Hemidactylus	Hemidactylus turcicus		SPECIES	Hemidactylus turcicus (Linnaeus, 1758)	Hemidactylus turcicus		US	Terrace Circle and vicinity, Brawley	California	PRESENT	1	493fe050-055d-11d8-b84f-b8a03c50a862	32.97	-115.55							2015-05-02	2	5	2015	5221528	5221528	PRESERVED_SPECIMEN	LACM	Herps	186859	GBP 2098			CC0_1_0		Stevie Kennedy-Gold, Bennett Hardy, and Greg Pauly		native	2026-02-26T00:49:28.547Z		
1800523119	7a25f7aa-03fb-4322-aaeb-66719e1a9527	099a3650-b5a9-44a0-bdfa-6a98a89fe98c	Animalia	Chordata	Squamata		Gekkonidae	Hemidactylus	Hemidactylus turcicus		SPECIES	Hemidactylus turcicus (Linnaeus, 1758)	Hemidactylus turcicus		US	Terrace Circle and vicinity, Brawley	California	PRESENT	1	493fe050-055d-11d8-b84f-b8a03c50a862	32.97	-115.55							2015-05-02	2	5	2015	5221528	5221528	PRESERVED_SPECIMEN	LACM	Herps	186861	GBP 2100			CC0_1_0		Stevie Kennedy-Gold, Bennett Hardy, and Greg Pauly		native	2026-02-26T00:49:25.046Z		
1800523117	7a25f7aa-03fb-4322-aaeb-66719e1a9527	914d7b49-a56a-406f-ae19-b707c9a66dfc	Animalia	Chordata	Squamata		Gekkonidae	Hemidactylus	Hemidactylus turcicus		SPECIES	Hemidactylus turcicus (Linnaeus, 1758)	Hemidactylus turcicus		US	Terrace Circle and vicinity, Brawley	California	PRESENT	1	493fe050-055d-11d8-b84f-b8a03c50a862	32.97	-115.55							2015-05-02	2	5	2015	5221528	5221528	PRESERVED_SPECIMEN	LACM	Herps	186860	GBP 2099			CC0_1_0		Stevie Kennedy-Gold, Bennett Hardy, and Greg Pauly		native	2026-02-26T00:49:26.793Z		
1800523054	7a25f7aa-03fb-4322-aaeb-66719e1a9527	73af0e57-4ee8-457f-b939-16780de8c54a	Animalia	Chordata	Squamata		Gekkonidae	Hemidactylus	Hemidactylus turcicus		SPECIES	Hemidactylus turcicus (Linnaeus, 1758)	Hemidactylus turcicus		US	vicinity of Deepwell Rd and Palm Colony, Palm Springs	California	PRESENT	1	493fe050-055d-11d8-b84f-b8a03c50a862	33.8	-116.54							2015-05-03	3	5	2015	5221528	5221528	PRESERVED_SPECIMEN	LACM	Herps	186897	GBP 2137			CC0_1_0		Stevie Kennedy-Gold, Bennett Hardy, and Greg Pauly		native	2026-02-26T00:49:25.681Z		
1800523052	7a25f7aa-03fb-4322-aaeb-66719e1a9527	b724ba8a-5f96-4830-abf6-6ce617cd481d	Animalia	Chordata	Squamata		Gekkonidae	Hemidactylus	Hemidactylus turcicus		SPECIES	Hemidactylus turcicus (Linnaeus, 1758)	Hemidactylus turcicus		US	vicinity of Deepwell Rd and Palm Colony, Palm Springs	California	PRESENT	1	493fe050-055d-11d8-b84f-b8a03c50a862	33.8	-116.54							2015-05-03	3	5	2015	5221528	5221528	PRESERVED_SPECIMEN	LACM	Herps	186892	GBP 2132			CC0_1_0		Stevie Kennedy-Gold, Bennett Hardy, and Greg Pauly		native	2026-02-26T00:49:26.182Z		
1800523047	7a25f7aa-03fb-4322-aaeb-66719e1a9527	28d4c5a2-adc8-4f0a-b0e4-dd060245c7cd	Animalia	Chordata	Squamata		Gekkonidae	Hemidactylus	Hemidactylus turcicus		SPECIES	Hemidactylus turcicus (Linnaeus, 1758)	Hemidactylus turcicus		US	US Postal Office, 113 CA Hwy 127, Shoshone	California	PRESENT	1	493fe050-055d-11d8-b84f-b8a03c50a862	35.97	-116.27							2016-04-29	29	4	2016	5221528	5221528	PRESERVED_SPECIMEN	LACM	Herps	187889	GBP 2812			CC0_1_0		Greg Pauly, Tom Wake, Brenna Vredeveld		native	2026-02-26T00:49:26.076Z		
1800523041	7a25f7aa-03fb-4322-aaeb-66719e1a9527	4dd80dde-b49c-4cf2-8232-b71e0c571120	Animalia	Chordata	Squamata		Gekkonidae	Hemidactylus	Hemidactylus turcicus		SPECIES	Hemidactylus turcicus (Linnaeus, 1758)	Hemidactylus turcicus		US	vicinity of Beacon St. and Woodstock Ave, Castaic	California	PRESENT	1	493fe050-055d-11d8-b84f-b8a03c50a862	34.45	-118.62							2015-05-09	9	5	2015	5221528	5221528	PRESERVED_SPECIMEN	LACM	Herps	186920	GBP 2163			CC0_1_0		Stevie Kennedy-Gold, Bennett Hardy, and Greg Pauly		native	2026-02-26T00:49:22.183Z		
1800523039	7a25f7aa-03fb-4322-aaeb-66719e1a9527	232f3824-0735-4aa6-a469-aa6b626bd27e	Animalia	Chordata	Squamata		Gekkonidae	Hemidactylus	Hemidactylus turcicus		SPECIES	Hemidactylus turcicus (Linnaeus, 1758)	Hemidactylus turcicus		US	vicinity of Beacon St. and Woodstock Ave, Castaic	California	PRESENT	1	493fe050-055d-11d8-b84f-b8a03c50a862	34.45	-118.62							2015-05-09	9	5	2015	5221528	5221528	PRESERVED_SPECIMEN	LACM	Herps	186919	GBP 2162			CC0_1_0		Stevie Kennedy-Gold, Bennett Hardy, and Greg Pauly		native	2026-02-26T00:49:17.776Z		
1800523036	7a25f7aa-03fb-4322-aaeb-66719e1a9527	eeb0981a-1df0-4a5f-aa38-4b8a463a2f7c	Animalia	Chordata	Squamata		Gekkonidae	Hemidactylus	Hemidactylus turcicus		SPECIES	Hemidactylus turcicus (Linnaeus, 1758)	Hemidactylus turcicus		US	vicinity of Beacon St. and Woodstock Ave, Castaic	California	PRESENT	1	493fe050-055d-11d8-b84f-b8a03c50a862	34.45	-118.62							2015-05-09	9	5	2015	5221528	5221528	PRESERVED_SPECIMEN	LACM	Herps	186918	GBP 2161			CC0_1_0		Stevie Kennedy-Gold, Bennett Hardy, and Greg Pauly		native	2026-02-26T00:49:24.038Z		
1800523030	7a25f7aa-03fb-4322-aaeb-66719e1a9527	97ecbd8c-4183-41b8-b87e-00e6139309af	Animalia	Chordata	Squamata		Gekkonidae	Hemidactylus	Hemidactylus turcicus		SPECIES	Hemidactylus turcicus (Linnaeus, 1758)	Hemidactylus turcicus		US	vicinity of Deepwell Rd and Palm Colony, Palm Springs	California	PRESENT	1	493fe050-055d-11d8-b84f-b8a03c50a862	33.8	-116.54							2015-05-03	3	5	2015	5221528	5221528	PRESERVED_SPECIMEN	LACM	Herps	186898	GBP 2138			CC0_1_0		Stevie Kennedy-Gold, Bennett Hardy, and Greg Pauly		native	2026-02-26T00:49:23.562Z		
1800523029	7a25f7aa-03fb-4322-aaeb-66719e1a9527	a793623c-64b9-4f83-a18b-5b8cfe5fab10	Animalia	Chordata	Squamata		Gekkonidae	Hemidactylus	Hemidactylus turcicus		SPECIES	Hemidactylus turcicus (Linnaeus, 1758)	Hemidactylus turcicus		US	vicinity of Deepwell Rd and Palm Colony, Palm Springs	California	PRESENT	1	493fe050-055d-11d8-b84f-b8a03c50a862	33.8	-116.54							2015-05-03	3	5	2015	5221528	5221528	PRESERVED_SPECIMEN	LACM	Herps	186891	GBP 2131			CC0_1_0		Stevie Kennedy-Gold, Bennett Hardy, and Greg Pauly		native	2026-02-26T00:49:24.301Z		
1800523028	7a25f7aa-03fb-4322-aaeb-66719e1a9527	965a4f56-c88b-4de4-91a8-fe96d6a06ee0	Animalia	Chordata	Squamata		Gekkonidae	Hemidactylus	Hemidactylus turcicus		SPECIES	Hemidactylus turcicus (Linnaeus, 1758)	Hemidactylus turcicus		US	vicinity of Deepwell Rd and Palm Colony, Palm Springs	California	PRESENT	1	493fe050-055d-11d8-b84f-b8a03c50a862	33.8	-116.54							2015-05-03	3	5	2015	5221528	5221528	PRESERVED_SPECIMEN	LACM	Herps	186889	GBP 2129			CC0_1_0		Stevie Kennedy-Gold, Bennett Hardy, and Greg Pauly		native	2026-02-26T00:49:28.581Z		
1800523027	7a25f7aa-03fb-4322-aaeb-66719e1a9527	2c356823-d251-43bc-a89f-4bf8ab5783d8	Animalia	Chordata	Squamata		Gekkonidae	Hemidactylus	Hemidactylus turcicus		SPECIES	Hemidactylus turcicus (Linnaeus, 1758)	Hemidactylus turcicus		US	Motel 6,E. Palm Canyon Dr at S Calle Palo Fierro, Palm Springs	California	PRESENT	1	493fe050-055d-11d8-b84f-b8a03c50a862	33.8	-116.54							2015-05-03	3	5	2015	5221528	5221528	PRESERVED_SPECIMEN	LACM	Herps	186900	GBP 2140			CC0_1_0		Stevie Kennedy-Gold, Bennett Hardy, and Greg Pauly		native	2026-02-26T00:49:35.635Z		
1800523026	7a25f7aa-03fb-4322-aaeb-66719e1a9527	c60c45e6-00de-4569-9572-0b89b48afcdb	Animalia	Chordata	Squamata		Gekkonidae	Hemidactylus	Hemidactylus turcicus		SPECIES	Hemidactylus turcicus (Linnaeus, 1758)	Hemidactylus turcicus		US	vicinity of Deepwell Rd and Palm Colony, Palm Springs	California	PRESENT	1	493fe050-055d-11d8-b84f-b8a03c50a862	33.8	-116.54							2015-05-03	3	5	2015	5221528	5221528	PRESERVED_SPECIMEN	LACM	Herps	186894	GBP 2134			CC0_1_0		Stevie Kennedy-Gold, Bennett Hardy, and Greg Pauly		native	2026-02-26T00:49:31.125Z		
1800523025	7a25f7aa-03fb-4322-aaeb-66719e1a9527	531fef2c-03e4-409a-9020-bcb77791762c	Animalia	Chordata	Squamata		Gekkonidae	Hemidactylus	Hemidactylus turcicus		SPECIES	Hemidactylus turcicus (Linnaeus, 1758)	Hemidactylus turcicus		US	vicinity of Deepwell Rd and Palm Colony, Palm Springs	California	PRESENT	1	493fe050-055d-11d8-b84f-b8a03c50a862	33.8	-116.54							2015-05-03	3	5	2015	5221528	5221528	PRESERVED_SPECIMEN	LACM	Herps	186895	GBP 2135			CC0_1_0		Stevie Kennedy-Gold, Bennett Hardy, and Greg Pauly		native	2026-02-26T00:49:27.785Z		
1800523024	7a25f7aa-03fb-4322-aaeb-66719e1a9527	7315b6a7-ec02-4ee0-a487-8c6778d55c32	Animalia	Chordata	Squamata		Gekkonidae	Hemidactylus	Hemidactylus turcicus		SPECIES	Hemidactylus turcicus (Linnaeus, 1758)	Hemidactylus turcicus		US	vicinity of Deepwell Rd and Palm Colony, Palm Springs	California	PRESENT	1	493fe050-055d-11d8-b84f-b8a03c50a862	33.8	-116.54							2015-05-03	3	5	2015	5221528	5221528	PRESERVED_SPECIMEN	LACM	Herps	186888	GBP 2128			CC0_1_0		Stevie Kennedy-Gold, Bennett Hardy, and Greg Pauly		native	2026-02-26T00:49:26.730Z		
1800523023	7a25f7aa-03fb-4322-aaeb-66719e1a9527	d7a85872-1494-4652-adb8-61d6feb3bfa1	Animalia	Chordata	Squamata		Gekkonidae	Hemidactylus	Hemidactylus turcicus		SPECIES	Hemidactylus turcicus (Linnaeus, 1758)	Hemidactylus turcicus		US	Motel 6,E. Palm Canyon Dr at S Calle Palo Fierro, Palm Springs	California	PRESENT	1	493fe050-055d-11d8-b84f-b8a03c50a862	33.8	-116.54							2015-05-03	3	5	2015	5221528	5221528	PRESERVED_SPECIMEN	LACM	Herps	186899	GBP 2139			CC0_1_0		Stevie Kennedy-Gold, Bennett Hardy, and Greg Pauly		native	2026-02-26T00:49:33.076Z		
1800523021	7a25f7aa-03fb-4322-aaeb-66719e1a9527	663582a5-0734-4e30-9aed-15bf907b43a7	Animalia	Chordata	Squamata		Gekkonidae	Hemidactylus	Hemidactylus turcicus		SPECIES	Hemidactylus turcicus (Linnaeus, 1758)	Hemidactylus turcicus		US	vicinity of Deepwell Rd and Palm Colony, Palm Springs	California	PRESENT	1	493fe050-055d-11d8-b84f-b8a03c50a862	33.8	-116.54							2015-05-03	3	5	2015	5221528	5221528	PRESERVED_SPECIMEN	LACM	Herps	186893	GBP 2133			CC0_1_0		Stevie Kennedy-Gold, Bennett Hardy, and Greg Pauly		native	2026-02-26T00:49:33.840Z		
1800523020	7a25f7aa-03fb-4322-aaeb-66719e1a9527	c40c014d-8e5c-4cfb-990b-a3b6b6840deb	Animalia	Chordata	Squamata		Gekkonidae	Hemidactylus	Hemidactylus turcicus		SPECIES	Hemidactylus turcicus (Linnaeus, 1758)	Hemidactylus turcicus		US	vicinity of Deepwell Rd and Palm Colony, Palm Springs	California	PRESENT	1	493fe050-055d-11d8-b84f-b8a03c50a862	33.8	-116.54							2015-05-03	3	5	2015	5221528	5221528	PRESERVED_SPECIMEN	LACM	Herps	186890	GBP 2130			CC0_1_0		Stevie Kennedy-Gold, Bennett Hardy, and Greg Pauly		native	2026-02-26T00:49:32.868Z		
1800523018	7a25f7aa-03fb-4322-aaeb-66719e1a9527	a23f7ab8-6fe8-43b2-a87d-3e56d2559305	Animalia	Chordata	Squamata		Gekkonidae	Hemidactylus	Hemidactylus turcicus		SPECIES	Hemidactylus turcicus (Linnaeus, 1758)	Hemidactylus turcicus		US	vicinity of Deepwell Rd and Palm Colony, Palm Springs	California	PRESENT	1	493fe050-055d-11d8-b84f-b8a03c50a862	33.8	-116.54							2015-05-03	3	5	2015	5221528	5221528	PRESERVED_SPECIMEN	LACM	Herps	186896	GBP 2136			CC0_1_0		Stevie Kennedy-Gold, Bennett Hardy, and Greg Pauly		native	2026-02-26T00:49:20.149Z		
1800523011	7a25f7aa-03fb-4322-aaeb-66719e1a9527	54a77179-2fe8-48d3-b9e5-254d714b0296	Animalia	Chordata	Squamata		Gekkonidae	Hemidactylus	Hemidactylus turcicus		SPECIES	Hemidactylus turcicus (Linnaeus, 1758)	Hemidactylus turcicus		US	Terrace Circle and vicinity, Brawley	California	PRESENT	1	493fe050-055d-11d8-b84f-b8a03c50a862	32.97	-115.55							2015-05-02	2	5	2015	5221528	5221528	PRESERVED_SPECIMEN	LACM	Herps	186854	GBP 2093			CC0_1_0		Stevie Kennedy-Gold, Bennett Hardy, and Greg Pauly		native	2026-02-26T00:49:36.045Z		
1800523006	7a25f7aa-03fb-4322-aaeb-66719e1a9527	b241aa7d-e00f-46b3-b17c-c2fedc303522	Animalia	Chordata	Squamata		Gekkonidae	Hemidactylus	Hemidactylus turcicus		SPECIES	Hemidactylus turcicus (Linnaeus, 1758)	Hemidactylus turcicus		US	Motel 6, 590 W Main Street, Brawley	California	PRESENT	1	493fe050-055d-11d8-b84f-b8a03c50a862	32.98	-115.55							2015-05-02	2	5	2015	5221528	5221528	PRESERVED_SPECIMEN	LACM	Herps	186853	GBP 2092			CC0_1_0		Stevie Kennedy-Gold, Bennett Hardy, and Greg Pauly		native	2026-02-26T00:49:27.514Z		
1800523002	7a25f7aa-03fb-4322-aaeb-66719e1a9527	a5ca31d3-f73c-4418-8573-dab1ccf01687	Animalia	Chordata	Squamata		Gekkonidae	Hemidactylus	Hemidactylus turcicus		SPECIES	Hemidactylus turcicus (Linnaeus, 1758)	Hemidactylus turcicus		US	vicinity of Beacon St. and Woodstock Ave, Castaic	California	PRESENT	1	493fe050-055d-11d8-b84f-b8a03c50a862	34.45	-118.62							2015-05-09	9	5	2015	5221528	5221528	PRESERVED_SPECIMEN	LACM	Herps	186908	GBP 2151			CC0_1_0		Stevie Kennedy-Gold, Bennett Hardy, and Greg Pauly		native	2026-02-26T00:49:32.225Z		
1800523000	7a25f7aa-03fb-4322-aaeb-66719e1a9527	72ef528c-b002-4b81-a668-24414a02a7fe	Animalia	Chordata	Squamata		Gekkonidae	Hemidactylus	Hemidactylus turcicus		SPECIES	Hemidactylus turcicus (Linnaeus, 1758)	Hemidactylus turcicus		US	vicinity of Beacon St. and Woodstock Ave, Castaic	California	PRESENT	1	493fe050-055d-11d8-b84f-b8a03c50a862	34.45	-118.62							2015-05-09	9	5	2015	5221528	5221528	PRESERVED_SPECIMEN	LACM	Herps	186907	GBP 2150			CC0_1_0		Stevie Kennedy-Gold, Bennett Hardy, and Greg Pauly		native	2026-02-26T00:49:18.890Z		
1800522999	7a25f7aa-03fb-4322-aaeb-66719e1a9527	462abd7a-1222-43aa-817e-aa7bfbed9923	Animalia	Chordata	Squamata		Gekkonidae	Hemidactylus	Hemidactylus turcicus		SPECIES	Hemidactylus turcicus (Linnaeus, 1758)	Hemidactylus turcicus		US	vicinity of Beacon St. and Woodstock Ave, Castaic	California	PRESENT	1	493fe050-055d-11d8-b84f-b8a03c50a862	34.45	-118.62							2015-05-09	9	5	2015	5221528	5221528	PRESERVED_SPECIMEN	LACM	Herps	186909	GBP 2152			CC0_1_0		Stevie Kennedy-Gold, Bennett Hardy, and Greg Pauly		native	2026-02-26T00:49:22.913Z		
1800522998	7a25f7aa-03fb-4322-aaeb-66719e1a9527	07f49977-b16d-4898-9d1b-ad02c8626d6b	Animalia	Chordata	Squamata		Gekkonidae	Hemidactylus	Hemidactylus turcicus		SPECIES	Hemidactylus turcicus (Linnaeus, 1758)	Hemidactylus turcicus		US	vicinity of Beacon St. and Woodstock Ave, Castaic	California	PRESENT	1	493fe050-055d-11d8-b84f-b8a03c50a862	34.45	-118.62							2015-05-09	9	5	2015	5221528	5221528	PRESERVED_SPECIMEN	LACM	Herps	186910	GBP 2153			CC0_1_0		Stevie Kennedy-Gold, Bennett Hardy, and Greg Pauly		native	2026-02-26T00:49:24.231Z		
1800522990	7a25f7aa-03fb-4322-aaeb-66719e1a9527	83ccf72e-927b-4cd0-86a4-1bae9f8f030b	Animalia	Chordata	Squamata		Gekkonidae	Hemidactylus	Hemidactylus turcicus		SPECIES	Hemidactylus turcicus (Linnaeus, 1758)	Hemidactylus turcicus		US	225 S. Las Flores Dr., Brawley	California	PRESENT	1	493fe050-055d-11d8-b84f-b8a03c50a862	32.98	-115.55							2015-05-02	2	5	2015	5221528	5221528	PRESERVED_SPECIMEN	LACM	Herps	186852	GBP 2091			CC0_1_0		Stevie Kennedy-Gold, Bennett Hardy, and Greg Pauly		native	2026-02-26T00:49:28.234Z		
1800522988	7a25f7aa-03fb-4322-aaeb-66719e1a9527	2c73e402-9b84-4dd9-84d2-95adc88967ff	Animalia	Chordata	Squamata		Gekkonidae	Hemidactylus	Hemidactylus turcicus		SPECIES	Hemidactylus turcicus (Linnaeus, 1758)	Hemidactylus turcicus		US	vicinity of Beacon St. and Woodstock Ave, Castaic	California	PRESENT	1	493fe050-055d-11d8-b84f-b8a03c50a862	34.45	-118.62							2015-05-09	9	5	2015	5221528	5221528	PRESERVED_SPECIMEN	LACM	Herps	186911	GBP 2154			CC0_1_0		Stevie Kennedy-Gold, Bennett Hardy, and Greg Pauly		native	2026-02-26T00:49:25.395Z		
1703197654	50c9509d-22c7-4a22-a47d-8c48425ef4a7	https://www.inaturalist.org/observations/8903917	Animalia	Chordata	Squamata		Gekkonidae	Hemidactylus	Hemidactylus turcicus		SPECIES	Hemidactylus turcicus (Linnaeus, 1758)	Hemidactylus turcicus		US		California	PRESENT		28eb1a3f-1c15-4a95-931a-4af90ecb574d	33.969723	-116.49028							2017-11-22T19:10:17	22	11	2017	5221528	5221528	HUMAN_OBSERVATION	iNaturalist	Observations	8903917		Kamp	2017-11-23T03:14:51	CC_BY_NC_4_0	Kamp	Kamp			2026-02-23T23:06:53.055Z	StillImage	COORDINATE_ROUNDED;CONTINENT_DERIVED_FROM_COORDINATES;TAXON_ID_NOT_FOUND
1703124850	50c9509d-22c7-4a22-a47d-8c48425ef4a7	http://www.inaturalist.org/observations/3781754	Animalia	Chordata	Squamata		Gekkonidae	Hemidactylus	Hemidactylus turcicus		SPECIES	Hemidactylus turcicus (Linnaeus, 1758)	Hemidactylus turcicus		US		California	PRESENT		28eb1a3f-1c15-4a95-931a-4af90ecb574d	34.111154	-118.090105	28874.0						2016-07-31T20:48	31	7	2016	5221528	5221528	HUMAN_OBSERVATION	iNaturalist	Observations	3781754		Cedric Lee	2016-08-01T06:22:18	CC_BY_NC_4_0	Cedric Lee	Cedric Lee			2026-02-24T00:04:25.019Z		COORDINATE_ROUNDED;CONTINENT_DERIVED_FROM_COORDINATES;TAXON_ID_NOT_FOUND
1703121967	50c9509d-22c7-4a22-a47d-8c48425ef4a7	http://www.inaturalist.org/observations/2305892	Animalia	Chordata	Squamata		Gekkonidae	Hemidactylus	Hemidactylus turcicus		SPECIES	Hemidactylus turcicus (Linnaeus, 1758)	Hemidactylus turcicus		US		California	PRESENT		28eb1a3f-1c15-4a95-931a-4af90ecb574d	34.062511	-118.122848	1538.0						2015-10-23	23	10	2015	5221528	5221528	HUMAN_OBSERVATION	iNaturalist	Observations	2305892		Cedric Lee	2015-10-24T04:28:00	CC_BY_NC_4_0	Cedric Lee	Cedric Lee			2026-02-23T22:51:38.047Z		CONTINENT_DERIVED_FROM_COORDINATES;TAXON_ID_NOT_FOUND
1703120551	50c9509d-22c7-4a22-a47d-8c48425ef4a7	http://www.inaturalist.org/observations/1728417	Animalia	Chordata	Squamata		Gekkonidae	Hemidactylus	Hemidactylus turcicus		SPECIES	Hemidactylus turcicus (Linnaeus, 1758)	Hemidactylus turcicus		US		California	PRESENT		28eb1a3f-1c15-4a95-931a-4af90ecb574d	33.836203	-116.533274	134.0						2015-07-03	3	7	2015	5221528	5221528	HUMAN_OBSERVATION	iNaturalist	Observations	1728417		Cedric Lee	2015-07-06T07:02:37	CC_BY_NC_4_0	Cedric Lee	Cedric Lee			2026-02-23T22:51:35.637Z		CONTINENT_DERIVED_FROM_COORDINATES;TAXON_ID_NOT_FOUND
1702460437	50c9509d-22c7-4a22-a47d-8c48425ef4a7	https://www.inaturalist.org/observations/8480415	Animalia	Chordata	Squamata		Gekkonidae	Hemidactylus	Hemidactylus turcicus		SPECIES	Hemidactylus turcicus (Linnaeus, 1758)	Hemidactylus turcicus		US		California	PRESENT		28eb1a3f-1c15-4a95-931a-4af90ecb574d	33.177318	-115.615372	31.0						2017-10-20T09:26	20	10	2017	5221528	5221528	HUMAN_OBSERVATION	iNaturalist	Observations	8480415		Matthew Salkiewicz	2017-10-20T19:17:45	CC_BY_NC_4_0	Matthew Salkiewicz	Matthew Salkiewicz			2026-02-23T22:52:21.685Z	StillImage	CONTINENT_DERIVED_FROM_COORDINATES;TAXON_ID_NOT_FOUND
1677351762	50c9509d-22c7-4a22-a47d-8c48425ef4a7	https://www.inaturalist.org/observations/8573229	Animalia	Chordata	Squamata		Gekkonidae	Hemidactylus	Hemidactylus turcicus		SPECIES	Hemidactylus turcicus (Linnaeus, 1758)	Hemidactylus turcicus		US		California	PRESENT		28eb1a3f-1c15-4a95-931a-4af90ecb574d	32.975079	-115.542053							2017-10-25T21:47:26	25	10	2017	5221528	5221528	HUMAN_OBSERVATION	iNaturalist	Observations	8573229		Bob Miller	2017-10-27T06:22:35	CC_BY_4_0	Bob Miller	Bob Miller			2026-02-23T22:52:23.511Z	StillImage	COORDINATE_ROUNDED;CONTINENT_DERIVED_FROM_COORDINATES;TAXON_ID_NOT_FOUND
1668830770	50c9509d-22c7-4a22-a47d-8c48425ef4a7	https://www.inaturalist.org/observations/7989880	Animalia	Chordata	Squamata		Gekkonidae	Hemidactylus	Hemidactylus turcicus		SPECIES	Hemidactylus turcicus (Linnaeus, 1758)	Hemidactylus turcicus		US		California	PRESENT		28eb1a3f-1c15-4a95-931a-4af90ecb574d	33.770683	-116.35132							2017-09-18T20:23:39	18	9	2017	5221528	5221528	HUMAN_OBSERVATION	iNaturalist	Observations	7989880		Roberto R. Calderón	2017-09-19T03:33:10	CC_BY_NC_4_0	Chris Evers	Chris Evers			2026-02-23T21:46:11.468Z	StillImage	COORDINATE_ROUNDED;CONTINENT_DERIVED_FROM_COORDINATES;TAXON_ID_NOT_FOUND
1640105418	50c9509d-22c7-4a22-a47d-8c48425ef4a7	https://www.inaturalist.org/observations/7821731	Animalia	Chordata	Squamata		Gekkonidae	Hemidactylus	Hemidactylus turcicus		SPECIES	Hemidactylus turcicus (Linnaeus, 1758)	Hemidactylus turcicus		US		California	PRESENT		28eb1a3f-1c15-4a95-931a-4af90ecb574d	34.094032	-118.093078	28874.0						2017-08-26T22:00	26	8	2017	5221528	5221528	HUMAN_OBSERVATION	iNaturalist	Observations	7821731		NHMLA Community Science Program	2017-09-07T17:09:54	CC_BY_NC_4_0	NHMLA Community Science Program	NHMLA Community Science Program			2026-02-23T21:46:18.570Z	StillImage	COORDINATE_ROUNDED;CONTINENT_DERIVED_FROM_COORDINATES;TAXON_ID_NOT_FOUND
1584403321	50c9509d-22c7-4a22-a47d-8c48425ef4a7	https://www.inaturalist.org/observations/6687739	Animalia	Chordata	Squamata		Gekkonidae	Hemidactylus	Hemidactylus turcicus		SPECIES	Hemidactylus turcicus (Linnaeus, 1758)	Hemidactylus turcicus		US		California	PRESENT		28eb1a3f-1c15-4a95-931a-4af90ecb574d	34.133258	-117.577003							2017-06-16T20:54	16	6	2017	5221528	5221528	HUMAN_OBSERVATION	iNaturalist	Observations	6687739		ezzturbo	2017-06-17T04:05:45	CC_BY_NC_4_0	ezzturbo	ezzturbo			2026-02-23T22:52:09.194Z	StillImage	COORDINATE_ROUNDED;CONTINENT_DERIVED_FROM_COORDINATES;TAXON_ID_NOT_FOUND
1584403320	50c9509d-22c7-4a22-a47d-8c48425ef4a7	https://www.inaturalist.org/observations/6687740	Animalia	Chordata	Squamata		Gekkonidae	Hemidactylus	Hemidactylus turcicus		SPECIES	Hemidactylus turcicus (Linnaeus, 1758)	Hemidactylus turcicus		US		California	PRESENT		28eb1a3f-1c15-4a95-931a-4af90ecb574d	34.133264	-117.576981							2017-06-16T20:55	16	6	2017	5221528	5221528	HUMAN_OBSERVATION	iNaturalist	Observations	6687740		ezzturbo	2017-06-17T04:05:45	CC_BY_NC_4_0	ezzturbo	ezzturbo			2026-02-23T22:52:07.496Z	StillImage	COORDINATE_ROUNDED;CONTINENT_DERIVED_FROM_COORDINATES;TAXON_ID_NOT_FOUND
1584403317	50c9509d-22c7-4a22-a47d-8c48425ef4a7	https://www.inaturalist.org/observations/6687741	Animalia	Chordata	Squamata		Gekkonidae	Hemidactylus	Hemidactylus turcicus		SPECIES	Hemidactylus turcicus (Linnaeus, 1758)	Hemidactylus turcicus		US		California	PRESENT		28eb1a3f-1c15-4a95-931a-4af90ecb574d	34.133297	-117.576958							2017-06-16T20:56	16	6	2017	5221528	5221528	HUMAN_OBSERVATION	iNaturalist	Observations	6687741		ezzturbo	2017-06-17T04:05:46	CC_BY_NC_4_0	ezzturbo	ezzturbo			2026-02-23T21:45:59.144Z	StillImage	COORDINATE_ROUNDED;CONTINENT_DERIVED_FROM_COORDINATES;TAXON_ID_NOT_FOUND
1572365680	50c9509d-22c7-4a22-a47d-8c48425ef4a7	https://www.inaturalist.org/observations/6928241	Animalia	Chordata	Squamata		Gekkonidae	Hemidactylus	Hemidactylus turcicus		SPECIES	Hemidactylus turcicus (Linnaeus, 1758)	Hemidactylus turcicus		US		California	PRESENT		28eb1a3f-1c15-4a95-931a-4af90ecb574d	34.115734	-118.156723							2017-07-05T04:31:01	5	7	2017	5221528	5221528	HUMAN_OBSERVATION	iNaturalist	Observations	6928241		screws	2017-07-05T14:32:47	CC_BY_NC_4_0	princesspigmelon	princesspigmelon			2026-02-23T22:52:15.758Z	StillImage	COORDINATE_ROUNDED;CONTINENT_DERIVED_FROM_COORDINATES;TAXON_ID_NOT_FOUND
1571060902	50c9509d-22c7-4a22-a47d-8c48425ef4a7	http://www.inaturalist.org/observations/3385183	Animalia	Chordata	Squamata		Gekkonidae	Hemidactylus	Hemidactylus turcicus		SPECIES	Hemidactylus turcicus (Linnaeus, 1758)	Hemidactylus turcicus		US		California	PRESENT		28eb1a3f-1c15-4a95-931a-4af90ecb574d	34.133275	-117.576821	1221854.0						2016-06-04	4	6	2016	5221528	5221528	HUMAN_OBSERVATION	iNaturalist	Observations	3385183		Matt Gruen	2017-04-30T04:41:43	CC_BY_NC_4_0	ezzturbo	ezzturbo			2026-02-23T22:51:46.540Z	StillImage	CONTINENT_DERIVED_FROM_COORDINATES;TAXON_ID_NOT_FOUND
1563439654	50c9509d-22c7-4a22-a47d-8c48425ef4a7	https://www.inaturalist.org/observations/6433055	Animalia	Chordata	Squamata		Gekkonidae	Hemidactylus	Hemidactylus turcicus		SPECIES	Hemidactylus turcicus (Linnaeus, 1758)	Hemidactylus turcicus		US		California	PRESENT		28eb1a3f-1c15-4a95-931a-4af90ecb574d	33.674998	-117.323352	28930.0						2017-05-11T20:18	11	5	2017	5221528	5221528	HUMAN_OBSERVATION	iNaturalist	Observations	6433055		NHMLA Community Science Program	2017-05-30T18:32:31	CC_BY_NC_4_0	NHMLA Community Science Program	NHMLA Community Science Program			2026-02-23T22:52:09.183Z	StillImage	COORDINATE_ROUNDED;CONTINENT_DERIVED_FROM_COORDINATES;TAXON_ID_NOT_FOUND
1500304777	50c9509d-22c7-4a22-a47d-8c48425ef4a7	https://www.inaturalist.org/observations/5928657	Animalia	Chordata	Squamata		Gekkonidae	Hemidactylus	Hemidactylus turcicus		SPECIES	Hemidactylus turcicus (Linnaeus, 1758)	Hemidactylus turcicus		US		California	PRESENT		28eb1a3f-1c15-4a95-931a-4af90ecb574d	32.737314	-117.150326	50.0						2017-04-23T08:33:01	23	4	2017	5221528	5221528	HUMAN_OBSERVATION	iNaturalist	Observations	5928657		Nathan	2017-04-25T17:22:05	CC_BY_NC_4_0	Zach Kay	Zach Kay			2026-02-23T22:52:00.934Z	StillImage	COORDINATE_ROUNDED;CONTINENT_DERIVED_FROM_COORDINATES;TAXON_ID_NOT_FOUND
1453444223	50c9509d-22c7-4a22-a47d-8c48425ef4a7	https://www.inaturalist.org/observations/5146253	Animalia	Chordata	Squamata		Gekkonidae	Hemidactylus	Hemidactylus turcicus		SPECIES	Hemidactylus turcicus (Linnaeus, 1758)	Hemidactylus turcicus		US		California	PRESENT		28eb1a3f-1c15-4a95-931a-4af90ecb574d	34.035327	-118.152925	28874.0						2017-02-20T19:00	20	2	2017	5221528	5221528	HUMAN_OBSERVATION	iNaturalist	Observations	5146253		Shawn Jorgensen	2017-02-21T04:22:25	CC_BY_NC_4_0	Shawn Jorgensen	Shawn Jorgensen			2026-02-24T00:04:33.764Z	StillImage	COORDINATE_ROUNDED;CONTINENT_DERIVED_FROM_COORDINATES;TAXON_ID_NOT_FOUND
1453444181	50c9509d-22c7-4a22-a47d-8c48425ef4a7	https://www.inaturalist.org/observations/5146259	Animalia	Chordata	Squamata		Gekkonidae	Hemidactylus	Hemidactylus turcicus		SPECIES	Hemidactylus turcicus (Linnaeus, 1758)	Hemidactylus turcicus		US		California	PRESENT		28eb1a3f-1c15-4a95-931a-4af90ecb574d	34.038983	-118.117511	28874.0						2017-02-20T19:49	20	2	2017	5221528	5221528	HUMAN_OBSERVATION	iNaturalist	Observations	5146259		Shawn Jorgensen	2017-02-21T04:25:18	CC_BY_NC_4_0	Shawn Jorgensen	Shawn Jorgensen			2026-02-24T00:04:32.349Z	StillImage	COORDINATE_ROUNDED;CONTINENT_DERIVED_FROM_COORDINATES;TAXON_ID_NOT_FOUND
1453419064	50c9509d-22c7-4a22-a47d-8c48425ef4a7	https://www.inaturalist.org/observations/5094980	Animalia	Chordata	Squamata		Gekkonidae	Hemidactylus	Hemidactylus turcicus		SPECIES	Hemidactylus turcicus (Linnaeus, 1758)	Hemidactylus turcicus		US		California	PRESENT		28eb1a3f-1c15-4a95-931a-4af90ecb574d	34.032314	-118.103582	28874.0						2017-02-11T19:00	11	2	2017	5221528	5221528	HUMAN_OBSERVATION	iNaturalist	Observations	5094980		Shawn Jorgensen	2017-02-12T08:13:13	CC_BY_NC_4_0	Shawn Jorgensen	Shawn Jorgensen			2026-02-23T21:45:41.315Z	StillImage	COORDINATE_ROUNDED;CONTINENT_DERIVED_FROM_COORDINATES;TAXON_ID_NOT_FOUND
1453208511	50c9509d-22c7-4a22-a47d-8c48425ef4a7	http://www.inaturalist.org/observations/4528767	Animalia	Chordata	Squamata		Gekkonidae	Hemidactylus	Hemidactylus turcicus		SPECIES	Hemidactylus turcicus (Linnaeus, 1758)	Hemidactylus turcicus		US		California	PRESENT		28eb1a3f-1c15-4a95-931a-4af90ecb574d	34.137615	-118.148452	17.0						2016-11-10T15:42	10	11	2016	5221528	5221528	HUMAN_OBSERVATION	iNaturalist	Observations	4528767		NHMLA Community Science Program	2016-11-10T23:46:26	CC_BY_NC_4_0	NHMLA Community Science Program	NHMLA Community Science Program			2026-02-24T00:04:27.423Z	StillImage	COORDINATE_ROUNDED;CONTINENT_DERIVED_FROM_COORDINATES;TAXON_ID_NOT_FOUND
1453162837	50c9509d-22c7-4a22-a47d-8c48425ef4a7	http://www.inaturalist.org/observations/4415033	Animalia	Chordata	Squamata		Gekkonidae	Hemidactylus	Hemidactylus turcicus		SPECIES	Hemidactylus turcicus (Linnaeus, 1758)	Hemidactylus turcicus		US		California	PRESENT		28eb1a3f-1c15-4a95-931a-4af90ecb574d	33.825897	-116.539742							2016-10-22T13:40:55	22	10	2016	5221528	5221528	HUMAN_OBSERVATION	iNaturalist	Observations	4415033		Ken-ichi Ueda	2016-10-22T22:56:53	CC_BY_NC_4_0	Damon Tighe	Damon Tighe			2026-02-23T21:45:34.588Z	StillImage	COORDINATE_ROUNDED;CONTINENT_DERIVED_FROM_COORDINATES;TAXON_ID_NOT_FOUND
1453130777	50c9509d-22c7-4a22-a47d-8c48425ef4a7	http://www.inaturalist.org/observations/4309712	Animalia	Chordata	Squamata		Gekkonidae	Hemidactylus	Hemidactylus turcicus		SPECIES	Hemidactylus turcicus (Linnaeus, 1758)	Hemidactylus turcicus		US		California	PRESENT		28eb1a3f-1c15-4a95-931a-4af90ecb574d	33.953625	-118.032044							2016-10-09T19:16:41	9	10	2016	5221528	5221528	HUMAN_OBSERVATION	iNaturalist	Observations	4309712		Will Flaxington	2016-10-10T06:27:17	CC_BY_NC_4_0	amarellano80	amarellano80			2026-02-23T21:45:33.854Z	StillImage	COORDINATE_ROUNDED;CONTINENT_DERIVED_FROM_COORDINATES;TAXON_ID_NOT_FOUND
1291125612	50c9509d-22c7-4a22-a47d-8c48425ef4a7	http://www.inaturalist.org/observations/3678120	Animalia	Chordata	Squamata		Gekkonidae	Hemidactylus	Hemidactylus turcicus		SPECIES	Hemidactylus turcicus (Linnaeus, 1758)	Hemidactylus turcicus		US		California	PRESENT		28eb1a3f-1c15-4a95-931a-4af90ecb574d	37.307605	-120.473328	1953.0						2016-07-14T23:15	14	7	2016	5221528	5221528	HUMAN_OBSERVATION	iNaturalist	Observations	3678120		cem	2016-07-14T19:21:48	CC_BY_NC_4_0	cem	cem			2026-02-23T22:51:48.810Z	StillImage	COORDINATE_ROUNDED;CONTINENT_DERIVED_FROM_COORDINATES;TAXON_ID_NOT_FOUND
1291125514	50c9509d-22c7-4a22-a47d-8c48425ef4a7	http://www.inaturalist.org/observations/3678119	Animalia	Chordata	Squamata		Gekkonidae	Hemidactylus	Hemidactylus turcicus		SPECIES	Hemidactylus turcicus (Linnaeus, 1758)	Hemidactylus turcicus		US		California	PRESENT		28eb1a3f-1c15-4a95-931a-4af90ecb574d	37.302163	-120.482968	11017.0						2016-07-14T23:15	14	7	2016	5221528	5221528	HUMAN_OBSERVATION	iNaturalist	Observations	3678119		cem	2016-07-14T19:21:48	CC_BY_NC_4_0	cem	cem			2026-02-23T21:45:29.335Z	StillImage	COORDINATE_ROUNDED;CONTINENT_DERIVED_FROM_COORDINATES;TAXON_ID_NOT_FOUND
1291082843	50c9509d-22c7-4a22-a47d-8c48425ef4a7	http://www.inaturalist.org/observations/3490218	Animalia	Chordata	Squamata		Gekkonidae	Hemidactylus	Hemidactylus turcicus		SPECIES	Hemidactylus turcicus (Linnaeus, 1758)	Hemidactylus turcicus		US		California	PRESENT		28eb1a3f-1c15-4a95-931a-4af90ecb574d	34.00419	-118.491123	50.0						2016-06-03	3	6	2016	5221528	5221528	HUMAN_OBSERVATION	iNaturalist	Observations	3490218		NHMLA Community Science Program	2016-06-20T16:19:06	CC_BY_NC_4_0	NHMLA Community Science Program	NHMLA Community Science Program			2026-02-24T00:04:14.482Z	StillImage	CONTINENT_DERIVED_FROM_COORDINATES;TAXON_ID_NOT_FOUND
1272090145	50c9509d-22c7-4a22-a47d-8c48425ef4a7	http://www.inaturalist.org/observations/3385210	Animalia	Chordata	Squamata		Gekkonidae	Hemidactylus	Hemidactylus turcicus		SPECIES	Hemidactylus turcicus (Linnaeus, 1758)	Hemidactylus turcicus		US		California	PRESENT		28eb1a3f-1c15-4a95-931a-4af90ecb574d	34.13315	-117.576708	4.0						2016-06-04	4	6	2016	5221528	5221528	HUMAN_OBSERVATION	iNaturalist	Observations	3385210		ezzturbo	2016-06-05T07:00:38	CC_BY_NC_4_0	ezzturbo	ezzturbo			2026-02-23T21:45:23.310Z	StillImage	CONTINENT_DERIVED_FROM_COORDINATES;TAXON_ID_NOT_FOUND
1227741318	50c9509d-22c7-4a22-a47d-8c48425ef4a7	http://www.inaturalist.org/observations/2450021	Animalia	Chordata	Squamata		Gekkonidae	Hemidactylus	Hemidactylus turcicus		SPECIES	Hemidactylus turcicus (Linnaeus, 1758)	Hemidactylus turcicus		US		California	PRESENT		28eb1a3f-1c15-4a95-931a-4af90ecb574d	38.021223	-121.328007	37.0						2015-11-07T22:30:43	7	11	2015	5221528	5221528	HUMAN_OBSERVATION	iNaturalist	Observations	2450021		Paul Freed	2015-12-05T17:05:41	CC_BY_NC_4_0	gaddi	gaddi			2026-02-23T22:51:42.653Z	StillImage	COORDINATE_ROUNDED;CONTINENT_DERIVED_FROM_COORDINATES;TAXON_ID_NOT_FOUND
1211986354	50c9509d-22c7-4a22-a47d-8c48425ef4a7	http://www.inaturalist.org/observations/2343255	Animalia	Chordata	Squamata		Gekkonidae	Hemidactylus	Hemidactylus turcicus		SPECIES	Hemidactylus turcicus (Linnaeus, 1758)	Hemidactylus turcicus		US		California	PRESENT		28eb1a3f-1c15-4a95-931a-4af90ecb574d	34.153577	-118.090254	28874.0						2015-10-23	23	10	2015	5221528	5221528	HUMAN_OBSERVATION	iNaturalist	Observations	2343255		NHMLA Community Science Program	2015-11-02T21:54:18	CC_BY_NC_4_0	NHMLA Community Science Program	NHMLA Community Science Program			2026-02-24T00:04:08.977Z	StillImage	COORDINATE_ROUNDED;CONTINENT_DERIVED_FROM_COORDINATES;TAXON_ID_NOT_FOUND
1211982825	50c9509d-22c7-4a22-a47d-8c48425ef4a7	http://www.inaturalist.org/observations/2331962	Animalia	Chordata	Squamata		Gekkonidae	Hemidactylus	Hemidactylus turcicus		SPECIES	Hemidactylus turcicus (Linnaeus, 1758)	Hemidactylus turcicus		US		California	PRESENT		28eb1a3f-1c15-4a95-931a-4af90ecb574d	33.999123	-117.770659	28902.0						2015-10-30	30	10	2015	5221528	5221528	HUMAN_OBSERVATION	iNaturalist	Observations	2331962		Roadkill	2015-10-30T08:22:38	CC_BY_NC_4_0	Roadkill	Roadkill			2026-02-23T21:45:10.643Z	StillImage	COORDINATE_ROUNDED;CONTINENT_DERIVED_FROM_COORDINATES;TAXON_ID_NOT_FOUND
1144977682	50c9509d-22c7-4a22-a47d-8c48425ef4a7	http://www.inaturalist.org/observations/1845480	Animalia	Chordata	Squamata		Gekkonidae	Hemidactylus	Hemidactylus turcicus		SPECIES	Hemidactylus turcicus (Linnaeus, 1758)	Hemidactylus turcicus		US		California	PRESENT		28eb1a3f-1c15-4a95-931a-4af90ecb574d	34.868996	-114.643686	108.0						2015-07-25	25	7	2015	5221528	5221528	HUMAN_OBSERVATION	iNaturalist	Observations	1845480		Tony Gerard	2015-08-09T01:35:39	CC_BY_NC_4_0	Tony Gerard	Tony Gerard			2026-02-23T22:51:32.451Z		CONTINENT_DERIVED_FROM_COORDINATES;TAXON_ID_NOT_FOUND
1135527018	50c9509d-22c7-4a22-a47d-8c48425ef4a7	http://www.inaturalist.org/observations/1884978	Animalia	Chordata	Squamata		Gekkonidae	Hemidactylus	Hemidactylus turcicus		SPECIES	Hemidactylus turcicus (Linnaeus, 1758)	Hemidactylus turcicus		US		California	PRESENT		28eb1a3f-1c15-4a95-931a-4af90ecb574d	33.801955	-116.518913							2015-08-23T08:03:18	23	8	2015	5221528	5221528	HUMAN_OBSERVATION	iNaturalist	Observations	1884978		Jon Rishi	2015-08-23T15:39:58	CC_BY_NC_4_0	Jon Rishi	Jon Rishi			2026-02-23T21:45:07.207Z	StillImage	COORDINATE_ROUNDED;CONTINENT_DERIVED_FROM_COORDINATES;TAXON_ID_NOT_FOUND
1135213779	50c9509d-22c7-4a22-a47d-8c48425ef4a7	http://www.inaturalist.org/observations/1853353	Animalia	Chordata	Squamata		Gekkonidae	Hemidactylus	Hemidactylus turcicus		SPECIES	Hemidactylus turcicus (Linnaeus, 1758)	Hemidactylus turcicus		US		California	PRESENT		28eb1a3f-1c15-4a95-931a-4af90ecb574d	35.216042	-119.15154	28706.0						2015-08-01	1	8	2015	5221528	5221528	HUMAN_OBSERVATION	iNaturalist	Observations	1853353		NHMLA Community Science Program	2015-08-11T16:33:26	CC_BY_NC_4_0	NHMLA Community Science Program	NHMLA Community Science Program			2026-02-23T21:45:07.281Z	StillImage	COORDINATE_ROUNDED;CONTINENT_DERIVED_FROM_COORDINATES;TAXON_ID_NOT_FOUND
1088976614	50c9509d-22c7-4a22-a47d-8c48425ef4a7	http://www.inaturalist.org/observations/1476649	Animalia	Chordata	Squamata		Gekkonidae	Hemidactylus	Hemidactylus turcicus		SPECIES	Hemidactylus turcicus (Linnaeus, 1758)	Hemidactylus turcicus		US		California	PRESENT		28eb1a3f-1c15-4a95-931a-4af90ecb574d	33.795872	-116.536112							2015-05-10T22:04:12	10	5	2015	5221528	5221528	HUMAN_OBSERVATION	iNaturalist	Observations	1476649		Allison Blthazor	2015-05-11T05:31:53	CC_BY_NC_4_0	Allison Blthazor	Allison Blthazor			2026-02-24T00:04:11.690Z	StillImage	COORDINATE_ROUNDED;CONTINENT_DERIVED_FROM_COORDINATES;TAXON_ID_NOT_FOUND
1088976595	50c9509d-22c7-4a22-a47d-8c48425ef4a7	http://www.inaturalist.org/observations/1476497	Animalia	Chordata	Squamata		Gekkonidae	Hemidactylus	Hemidactylus turcicus		SPECIES	Hemidactylus turcicus (Linnaeus, 1758)	Hemidactylus turcicus		US		California	PRESENT		28eb1a3f-1c15-4a95-931a-4af90ecb574d	33.797012	-116.536713							2015-05-10T21:24:08	10	5	2015	5221528	5221528	HUMAN_OBSERVATION	iNaturalist	Observations	1476497		Allison Blthazor	2015-05-11T04:37:49	CC_BY_NC_4_0	Allison Blthazor	Allison Blthazor			2026-02-23T22:51:33.881Z	StillImage	COORDINATE_ROUNDED;CONTINENT_DERIVED_FROM_COORDINATES;TAXON_ID_NOT_FOUND
1088976587	50c9509d-22c7-4a22-a47d-8c48425ef4a7	http://www.inaturalist.org/observations/1476498	Animalia	Chordata	Squamata		Gekkonidae	Hemidactylus	Hemidactylus turcicus		SPECIES	Hemidactylus turcicus (Linnaeus, 1758)	Hemidactylus turcicus		US		California	PRESENT		28eb1a3f-1c15-4a95-931a-4af90ecb574d	33.796045	-116.536422							2015-05-10T21:21:01	10	5	2015	5221528	5221528	HUMAN_OBSERVATION	iNaturalist	Observations	1476498		Allison Blthazor	2015-05-11T15:33:40	CC_BY_NC_4_0	Allison Blthazor	Allison Blthazor			2026-02-23T22:51:33.182Z	StillImage	COORDINATE_ROUNDED;CONTINENT_DERIVED_FROM_COORDINATES;TAXON_ID_NOT_FOUND
1088967838	50c9509d-22c7-4a22-a47d-8c48425ef4a7	http://www.inaturalist.org/observations/1450547	Animalia	Chordata	Squamata		Gekkonidae	Hemidactylus	Hemidactylus turcicus		SPECIES	Hemidactylus turcicus (Linnaeus, 1758)	Hemidactylus turcicus		US		California	PRESENT		28eb1a3f-1c15-4a95-931a-4af90ecb574d	32.915211	-115.554579	29039.0						2015-05-02T22:39:04	2	5	2015	5221528	5221528	HUMAN_OBSERVATION	iNaturalist	Observations	1450547		Stevie Kennedy-Gold	2015-05-03T18:32:46	CC_BY_NC_4_0	Stevie Kennedy-Gold	Stevie Kennedy-Gold			2026-02-24T00:04:06.087Z	StillImage	COORDINATE_ROUNDED;CONTINENT_DERIVED_FROM_COORDINATES;TAXON_ID_NOT_FOUND
1088925970	50c9509d-22c7-4a22-a47d-8c48425ef4a7	http://www.inaturalist.org/observations/1330079	Animalia	Chordata	Squamata		Gekkonidae	Hemidactylus	Hemidactylus turcicus		SPECIES	Hemidactylus turcicus (Linnaeus, 1758)	Hemidactylus turcicus		US		California	PRESENT		28eb1a3f-1c15-4a95-931a-4af90ecb574d	33.674965	-116.749496	28930.0						2015-03-22T20:12:47	22	3	2015	5221528	5221528	HUMAN_OBSERVATION	iNaturalist	Observations	1330079				CC_BY_NC_4_0	Allison Blthazor	Allison Blthazor			2026-02-23T21:45:01.585Z	StillImage	COORDINATE_ROUNDED;CONTINENT_DERIVED_FROM_COORDINATES;TAXON_ID_NOT_FOUND
1088922523	50c9509d-22c7-4a22-a47d-8c48425ef4a7	http://www.inaturalist.org/observations/1303670	Animalia	Chordata	Squamata		Gekkonidae	Hemidactylus	Hemidactylus turcicus		SPECIES	Hemidactylus turcicus (Linnaeus, 1758)	Hemidactylus turcicus		US		California	PRESENT		28eb1a3f-1c15-4a95-931a-4af90ecb574d	34.071281	-117.373634	28874.0						2015-03-10	10	3	2015	5221528	5221528	HUMAN_OBSERVATION	iNaturalist	Observations	1303670		NHMLA Community Science Program	2015-03-19T16:18:46	CC_BY_NC_4_0	NHMLA Community Science Program	NHMLA Community Science Program			2026-02-23T22:51:32.116Z	StillImage	COORDINATE_ROUNDED;CONTINENT_DERIVED_FROM_COORDINATES;TAXON_ID_NOT_FOUND
1088916661	50c9509d-22c7-4a22-a47d-8c48425ef4a7	http://www.inaturalist.org/observations/1287801	Animalia	Chordata	Squamata		Gekkonidae	Hemidactylus	Hemidactylus turcicus		SPECIES	Hemidactylus turcicus (Linnaeus, 1758)	Hemidactylus turcicus		US		California	PRESENT		28eb1a3f-1c15-4a95-931a-4af90ecb574d	34.104217	-117.688203							2014-08-07T19:18:35	7	8	2014	5221528	5221528	HUMAN_OBSERVATION	iNaturalist	Observations	1287801				CC_BY_NC_4_0	Lauren Chan	Lauren Chan			2026-02-23T22:51:36.865Z	StillImage	COORDINATE_ROUNDED;CONTINENT_DERIVED_FROM_COORDINATES;TAXON_ID_NOT_FOUND
1054783217	7a25f7aa-03fb-4322-aaeb-66719e1a9527	fca1f844-a806-4135-b29e-673ce133d6bc	Animalia	Chordata	Squamata		Gekkonidae	Hemidactylus	Hemidactylus turcicus		SPECIES	Hemidactylus turcicus (Linnaeus, 1758)	Hemidactylus turcicus		US	951 E. Whittier Blvd, La Habra	California	PRESENT	1	493fe050-055d-11d8-b84f-b8a03c50a862	33.94	-117.94							2014-10-18	18	10	2014	5221528	5221528	PRESERVED_SPECIMEN	LACM	Herps	186006	GBP 1932			CC0_1_0		Greg Pauly, Robert Espinoza, and Max Espinoza		native	2026-02-26T00:49:28.651Z		
1054779130	7a25f7aa-03fb-4322-aaeb-66719e1a9527	f645c495-872d-445c-9c2c-1faa93ddc670	Animalia	Chordata	Squamata		Gekkonidae	Hemidactylus	Hemidactylus turcicus		SPECIES	Hemidactylus turcicus (Linnaeus, 1758)	Hemidactylus turcicus		US	between 750 and 490 E. Easy Street, Simi Valley	California	PRESENT	1	493fe050-055d-11d8-b84f-b8a03c50a862	34.27	-118.79							2014-10-11	11	10	2014	5221528	5221528	PRESERVED_SPECIMEN	LACM	Herps	185985	GBP 1911			CC0_1_0		Greg Pauly, Robert Espinoza, Tanja Wolfmeyer, Benjamin Singh, and Gillian C. Larson		native	2026-02-26T00:49:26.765Z		
1054777046	7a25f7aa-03fb-4322-aaeb-66719e1a9527	f2ec64bf-f65e-44ea-aed4-7397720a240d	Animalia	Chordata	Squamata		Gekkonidae	Hemidactylus	Hemidactylus turcicus		SPECIES	Hemidactylus turcicus (Linnaeus, 1758)	Hemidactylus turcicus		US	between 750 and 490 E. Easy Street, Simi Valley	California	PRESENT	1	493fe050-055d-11d8-b84f-b8a03c50a862	34.27	-118.79							2014-10-11	11	10	2014	5221528	5221528	PRESERVED_SPECIMEN	LACM	Herps	185992	GBP 1918			CC0_1_0		Greg Pauly, Robert Espinoza, Tanja Wolfmeyer, Benjamin Singh, and Gillian C. Larson		native	2026-02-26T00:49:21.187Z		
1054775619	7a25f7aa-03fb-4322-aaeb-66719e1a9527	f0a362e2-dfb6-4acf-b2c3-89aee41b7ca7	Animalia	Chordata	Squamata		Gekkonidae	Hemidactylus	Hemidactylus turcicus		SPECIES	Hemidactylus turcicus (Linnaeus, 1758)	Hemidactylus turcicus		US	951 E. Whittier Blvd, La Habra	California	PRESENT	1	493fe050-055d-11d8-b84f-b8a03c50a862	33.94	-117.94							2014-10-18	18	10	2014	5221528	5221528	PRESERVED_SPECIMEN	LACM	Herps	186007	GBP 1933			CC0_1_0		Greg Pauly, Robert Espinoza, and Max Espinoza		native	2026-02-26T00:49:26.418Z		
1054771717	7a25f7aa-03fb-4322-aaeb-66719e1a9527	ea540627-080c-404b-9c43-f493f8bcdc5f	Animalia	Chordata	Squamata		Gekkonidae	Hemidactylus	Hemidactylus turcicus		SPECIES	Hemidactylus turcicus (Linnaeus, 1758)	Hemidactylus turcicus		US	between 750 and 490 E. Easy Street, Simi Valley	California	PRESENT	1	493fe050-055d-11d8-b84f-b8a03c50a862	34.27	-118.79							2014-10-11	11	10	2014	5221528	5221528	PRESERVED_SPECIMEN	LACM	Herps	185991	GBP 1917			CC0_1_0		Greg Pauly, Robert Espinoza, Tanja Wolfmeyer, Benjamin Singh, and Gillian C. Larson		native	2026-02-26T00:49:23.877Z		
1054759164	7a25f7aa-03fb-4322-aaeb-66719e1a9527	d6563480-1950-4215-a160-74a9e9edf7e0	Animalia	Chordata	Squamata		Gekkonidae	Hemidactylus	Hemidactylus turcicus		SPECIES	Hemidactylus turcicus (Linnaeus, 1758)	Hemidactylus turcicus		US	between 750 and 490 E. Easy Street, Simi Valley	California	PRESENT	1	493fe050-055d-11d8-b84f-b8a03c50a862	34.27	-118.79							2014-10-11	11	10	2014	5221528	5221528	PRESERVED_SPECIMEN	LACM	Herps	185986	GBP 1912			CC0_1_0		Greg Pauly, Robert Espinoza, Tanja Wolfmeyer, Benjamin Singh, and Gillian C. Larson		native	2026-02-26T00:49:34.682Z		
1054757155	7a25f7aa-03fb-4322-aaeb-66719e1a9527	d31307d0-a07f-4314-a619-6509fa2b4381	Animalia	Chordata	Squamata		Gekkonidae	Hemidactylus	Hemidactylus turcicus		SPECIES	Hemidactylus turcicus (Linnaeus, 1758)	Hemidactylus turcicus		US	Orange County Public Works, East Bristol Lane at Glassell St., Santa Ana	California	PRESENT	1	493fe050-055d-11d8-b84f-b8a03c50a862	33.83	-117.85							2014-10-25	25	10	2014	5221528	5221528	PRESERVED_SPECIMEN	LACM	Herps	186012	GBP 1938			CC0_1_0		Greg Pauly, Robert Espinoza, Max Espinoza, and Tom Wake		native	2026-02-26T00:49:28.476Z		
1054738166	7a25f7aa-03fb-4322-aaeb-66719e1a9527	b4788ef6-f3c4-4825-9fb5-e876759367b7	Animalia	Chordata	Squamata		Gekkonidae	Hemidactylus	Hemidactylus turcicus		SPECIES	Hemidactylus turcicus (Linnaeus, 1758)	Hemidactylus turcicus		US	between 750 and 490 E. Easy Street, Simi Valley	California	PRESENT	1	493fe050-055d-11d8-b84f-b8a03c50a862	34.27	-118.79							2014-10-11	11	10	2014	5221528	5221528	PRESERVED_SPECIMEN	LACM	Herps	185989	GBP 1915			CC0_1_0		Greg Pauly, Robert Espinoza, Tanja Wolfmeyer, Benjamin Singh, and Gillian C. Larson		native	2026-02-26T00:49:20.348Z		
1054723981	7a25f7aa-03fb-4322-aaeb-66719e1a9527	9daa8121-1ed4-474d-abb3-e829b5bcba09	Animalia	Chordata	Squamata		Gekkonidae	Hemidactylus	Hemidactylus turcicus		SPECIES	Hemidactylus turcicus (Linnaeus, 1758)	Hemidactylus turcicus		US	951 E. Whittier Blvd, La Habra	California	PRESENT	1	493fe050-055d-11d8-b84f-b8a03c50a862	33.94	-117.94							2014-10-18	18	10	2014	5221528	5221528	PRESERVED_SPECIMEN	LACM	Herps	186003	GBP 1929			CC0_1_0		Greg Pauly, Robert Espinoza, and Max Espinoza		native	2026-02-26T00:49:20.496Z		
1054717491	7a25f7aa-03fb-4322-aaeb-66719e1a9527	93767a46-6185-4a21-b7ae-82dec72a705c	Animalia	Chordata	Squamata		Gekkonidae	Hemidactylus	Hemidactylus turcicus		SPECIES	Hemidactylus turcicus (Linnaeus, 1758)	Hemidactylus turcicus		US	5505 1/2 Tujunga Blvd, North Hollywood 91601	California	PRESENT	1	493fe050-055d-11d8-b84f-b8a03c50a862	34.17	-118.38							2014-10-05	5	10	2014	5221528	5221528	PRESERVED_SPECIMEN	LACM	Herps	185980	GBP 1906			CC0_1_0		Elise Heinsich		native	2026-02-26T00:49:28.054Z		
1054710307	7a25f7aa-03fb-4322-aaeb-66719e1a9527	87e2297a-ed7f-443f-b72e-f6c823ecb204	Animalia	Chordata	Squamata		Gekkonidae	Hemidactylus	Hemidactylus turcicus		SPECIES	Hemidactylus turcicus (Linnaeus, 1758)	Hemidactylus turcicus		US	between 750 and 490 E. Easy Street, Simi Valley	California	PRESENT	1	493fe050-055d-11d8-b84f-b8a03c50a862	34.27	-118.79							2014-10-11	11	10	2014	5221528	5221528	PRESERVED_SPECIMEN	LACM	Herps	185984	GBP 1910			CC0_1_0		Greg Pauly, Robert Espinoza, Tanja Wolfmeyer, Benjamin Singh, and Gillian C. Larson		native	2026-02-26T00:49:36.176Z		
1054708998	7a25f7aa-03fb-4322-aaeb-66719e1a9527	8596e0b4-95b5-4f02-a5f7-dd45d122310d	Animalia	Chordata	Squamata		Gekkonidae	Hemidactylus	Hemidactylus turcicus		SPECIES	Hemidactylus turcicus (Linnaeus, 1758)	Hemidactylus turcicus		US	951 E. Whittier Blvd, La Habra	California	PRESENT	1	493fe050-055d-11d8-b84f-b8a03c50a862	33.94	-117.94							2014-10-18	18	10	2014	5221528	5221528	PRESERVED_SPECIMEN	LACM	Herps	186008	GBP 1934			CC0_1_0		Greg Pauly, Robert Espinoza, and Max Espinoza		native	2026-02-26T00:49:22.720Z		
1054703911	7a25f7aa-03fb-4322-aaeb-66719e1a9527	7d7253dd-68fe-45d5-acc7-b946bbde911f	Animalia	Chordata	Squamata		Gekkonidae	Hemidactylus	Hemidactylus turcicus		SPECIES	Hemidactylus turcicus (Linnaeus, 1758)	Hemidactylus turcicus		US	951 E. Whittier Blvd, La Habra	California	PRESENT	1	493fe050-055d-11d8-b84f-b8a03c50a862	33.94	-117.94							2014-10-18	18	10	2014	5221528	5221528	PRESERVED_SPECIMEN	LACM	Herps	186004	GBP 1930			CC0_1_0		Greg Pauly, Robert Espinoza, and Max Espinoza		native	2026-02-26T00:49:32.354Z		
1054702526	7a25f7aa-03fb-4322-aaeb-66719e1a9527	7b66427a-1b2c-4f0b-a7ef-05f7adde00e6	Animalia	Chordata	Squamata		Gekkonidae	Hemidactylus	Hemidactylus turcicus		SPECIES	Hemidactylus turcicus (Linnaeus, 1758)	Hemidactylus turcicus		US	between 750 and 490 E. Easy Street, Simi Valley	California	PRESENT	1	493fe050-055d-11d8-b84f-b8a03c50a862	34.27	-118.79							2014-10-11	11	10	2014	5221528	5221528	PRESERVED_SPECIMEN	LACM	Herps	185994	GBP 1920			CC0_1_0		Greg Pauly, Robert Espinoza, Tanja Wolfmeyer, Benjamin Singh, and Gillian C. Larson		native	2026-02-26T00:49:23.166Z		
1054700886	7a25f7aa-03fb-4322-aaeb-66719e1a9527	78e5edaa-e6c6-41d1-a412-fe5979b3d259	Animalia	Chordata	Squamata		Gekkonidae	Hemidactylus	Hemidactylus turcicus		SPECIES	Hemidactylus turcicus (Linnaeus, 1758)	Hemidactylus turcicus		US	between 750 and 490 E. Easy Street, Simi Valley	California	PRESENT	1	493fe050-055d-11d8-b84f-b8a03c50a862	34.27	-118.79							2014-10-11	11	10	2014	5221528	5221528	PRESERVED_SPECIMEN	LACM	Herps	185983	GBP 1909			CC0_1_0		Greg Pauly, Robert Espinoza, Tanja Wolfmeyer, Benjamin Singh, and Gillian C. Larson		native	2026-02-26T00:49:30.244Z		
1054700197	7a25f7aa-03fb-4322-aaeb-66719e1a9527	779889c4-1b23-472c-81e2-b1caf3ec514f	Animalia	Chordata	Squamata		Gekkonidae	Hemidactylus	Hemidactylus turcicus		SPECIES	Hemidactylus turcicus (Linnaeus, 1758)	Hemidactylus turcicus		US	between 750 and 490 E. Easy Street, Simi Valley	California	PRESENT	1	493fe050-055d-11d8-b84f-b8a03c50a862	34.27	-118.79							2014-10-11	11	10	2014	5221528	5221528	PRESERVED_SPECIMEN	LACM	Herps	185988	GBP 1914			CC0_1_0		Greg Pauly, Robert Espinoza, Tanja Wolfmeyer, Benjamin Singh, and Gillian C. Larson		native	2026-02-26T00:49:19.325Z		
1054700129	7a25f7aa-03fb-4322-aaeb-66719e1a9527	77b1d8be-e8c6-4ef6-a0c5-6333bcf0064e	Animalia	Chordata	Squamata		Gekkonidae	Hemidactylus	Hemidactylus turcicus		SPECIES	Hemidactylus turcicus (Linnaeus, 1758)	Hemidactylus turcicus		US	between 750 and 490 E. Easy Street, Simi Valley	California	PRESENT	1	493fe050-055d-11d8-b84f-b8a03c50a862	34.27	-118.79							2014-10-11	11	10	2014	5221528	5221528	PRESERVED_SPECIMEN	LACM	Herps	185981	GBP 1907			CC0_1_0		Greg Pauly, Robert Espinoza, Tanja Wolfmeyer, Benjamin Singh, and Gillian C. Larson		native	2026-02-26T00:49:29.470Z		
1054696594	7a25f7aa-03fb-4322-aaeb-66719e1a9527	723d00fc-4a24-493e-a371-29818d36404f	Animalia	Chordata	Squamata		Gekkonidae	Hemidactylus	Hemidactylus turcicus		SPECIES	Hemidactylus turcicus (Linnaeus, 1758)	Hemidactylus turcicus		US	between 750 and 490 E. Easy Street, Simi Valley	California	PRESENT	1	493fe050-055d-11d8-b84f-b8a03c50a862	34.27	-118.79							2014-10-11	11	10	2014	5221528	5221528	PRESERVED_SPECIMEN	LACM	Herps	185982	GBP 1908			CC0_1_0		Greg Pauly, Robert Espinoza, Tanja Wolfmeyer, Benjamin Singh, and Gillian C. Larson		native	2026-02-26T00:49:28.141Z		
1054695224	7a25f7aa-03fb-4322-aaeb-66719e1a9527	6f6498e7-da9e-4634-890e-2f61fd9169f1	Animalia	Chordata	Squamata		Gekkonidae	Hemidactylus	Hemidactylus turcicus		SPECIES	Hemidactylus turcicus (Linnaeus, 1758)	Hemidactylus turcicus		US	E. Saint Gertrude Place at S. Wright St., Santa Ana	California	PRESENT	1	493fe050-055d-11d8-b84f-b8a03c50a862	33.72	-117.85							2014-10-25	25	10	2014	5221528	5221528	PRESERVED_SPECIMEN	LACM	Herps	186019	GBP 1945			CC0_1_0		Greg Pauly, Robert Espinoza, Max Espinoza, and Tom Wake		native	2026-02-26T00:49:26.114Z		
1054690908	7a25f7aa-03fb-4322-aaeb-66719e1a9527	689f1185-bcc5-4614-905c-a3899f990e08	Animalia	Chordata	Squamata		Gekkonidae	Hemidactylus	Hemidactylus turcicus		SPECIES	Hemidactylus turcicus (Linnaeus, 1758)	Hemidactylus turcicus		US	Orange County Public Works, East Bristol Lane at Glassell St., Santa Ana	California	PRESENT	1	493fe050-055d-11d8-b84f-b8a03c50a862	33.83	-117.85							2014-10-25	25	10	2014	5221528	5221528	PRESERVED_SPECIMEN	LACM	Herps	186015	GBP 1941			CC0_1_0		Greg Pauly, Robert Espinoza, Max Espinoza, and Tom Wake		native	2026-02-26T00:49:31.644Z		
1054672179	7a25f7aa-03fb-4322-aaeb-66719e1a9527	4a6d2fbc-bb67-48af-b9b2-de4838d22cb7	Animalia	Chordata	Squamata		Gekkonidae	Hemidactylus	Hemidactylus turcicus		SPECIES	Hemidactylus turcicus (Linnaeus, 1758)	Hemidactylus turcicus		US	between 750 and 490 E. Easy Street, Simi Valley	California	PRESENT	1	493fe050-055d-11d8-b84f-b8a03c50a862	34.27	-118.79							2014-10-11	11	10	2014	5221528	5221528	PRESERVED_SPECIMEN	LACM	Herps	185993	GBP 1919			CC0_1_0		Greg Pauly, Robert Espinoza, Tanja Wolfmeyer, Benjamin Singh, and Gillian C. Larson		native	2026-02-26T00:49:33.484Z		
1054671352	7a25f7aa-03fb-4322-aaeb-66719e1a9527	4905d695-e6f6-4a69-81ef-a01bcc8e64d8	Animalia	Chordata	Squamata		Gekkonidae	Hemidactylus	Hemidactylus turcicus		SPECIES	Hemidactylus turcicus (Linnaeus, 1758)	Hemidactylus turcicus		US	Orange County Public Works, East Bristol Lane at Glassell St., Santa Ana	California	PRESENT	1	493fe050-055d-11d8-b84f-b8a03c50a862	33.83	-117.85							2014-10-25	25	10	2014	5221528	5221528	PRESERVED_SPECIMEN	LACM	Herps	186013	GBP 1939			CC0_1_0		Greg Pauly, Robert Espinoza, Max Espinoza, and Tom Wake		native	2026-02-26T00:49:25.638Z		
1054661615	7a25f7aa-03fb-4322-aaeb-66719e1a9527	399adff6-2635-4885-bb0a-f43803a535ab	Animalia	Chordata	Squamata		Gekkonidae	Hemidactylus	Hemidactylus turcicus		SPECIES	Hemidactylus turcicus (Linnaeus, 1758)	Hemidactylus turcicus		US	E. Saint Gertrude Place at S. Wright St., Santa Ana	California	PRESENT	1	493fe050-055d-11d8-b84f-b8a03c50a862	33.72	-117.85							2014-10-25	25	10	2014	5221528	5221528	PRESERVED_SPECIMEN	LACM	Herps	186018	GBP 1944			CC0_1_0		Greg Pauly, Robert Espinoza, Max Espinoza, and Tom Wake		native	2026-02-26T00:49:24.812Z		
1054653392	7a25f7aa-03fb-4322-aaeb-66719e1a9527	2c5c8b9d-bf35-493f-b76d-20dcfe2dd079	Animalia	Chordata	Squamata		Gekkonidae	Hemidactylus	Hemidactylus turcicus		SPECIES	Hemidactylus turcicus (Linnaeus, 1758)	Hemidactylus turcicus		US	951 E. Whittier Blvd, La Habra	California	PRESENT	1	493fe050-055d-11d8-b84f-b8a03c50a862	33.94	-117.94							2014-10-18	18	10	2014	5221528	5221528	PRESERVED_SPECIMEN	LACM	Herps	186005	GBP 1931			CC0_1_0		Greg Pauly, Robert Espinoza, and Max Espinoza		native	2026-02-26T00:49:17.695Z		
1054643568	7a25f7aa-03fb-4322-aaeb-66719e1a9527	1c90bafe-8959-4bb7-9eb8-eae3acfeed72	Animalia	Chordata	Squamata		Gekkonidae	Hemidactylus	Hemidactylus turcicus		SPECIES	Hemidactylus turcicus (Linnaeus, 1758)	Hemidactylus turcicus		US	Orange County Public Works, East Bristol Lane at Glassell St., Santa Ana	California	PRESENT	1	493fe050-055d-11d8-b84f-b8a03c50a862	33.83	-117.85							2014-10-25	25	10	2014	5221528	5221528	PRESERVED_SPECIMEN	LACM	Herps	186014	GBP 1940			CC0_1_0		Greg Pauly, Robert Espinoza, Max Espinoza, and Tom Wake		native	2026-02-26T00:49:32.144Z		
1054643231	7a25f7aa-03fb-4322-aaeb-66719e1a9527	1c156cf3-27f9-40c1-acb2-3fe98b9514f1	Animalia	Chordata	Squamata		Gekkonidae	Hemidactylus	Hemidactylus turcicus		SPECIES	Hemidactylus turcicus (Linnaeus, 1758)	Hemidactylus turcicus		US	951 E. Whittier Blvd, La Habra	California	PRESENT	1	493fe050-055d-11d8-b84f-b8a03c50a862	33.94	-117.94							2014-10-18	18	10	2014	5221528	5221528	PRESERVED_SPECIMEN	LACM	Herps	186009	GBP 1935			CC0_1_0		Greg Pauly, Robert Espinoza, and Max Espinoza		native	2026-02-26T00:49:27.711Z		
1054642334	7a25f7aa-03fb-4322-aaeb-66719e1a9527	1aa4df1c-1819-4a2f-8cc8-7afcf43f6f29	Animalia	Chordata	Squamata		Gekkonidae	Hemidactylus	Hemidactylus turcicus		SPECIES	Hemidactylus turcicus (Linnaeus, 1758)	Hemidactylus turcicus		US	Orange County Public Works, East Bristol Lane at Glassell St., Santa Ana	California	PRESENT	1	493fe050-055d-11d8-b84f-b8a03c50a862	33.83	-117.85							2014-10-25	25	10	2014	5221528	5221528	PRESERVED_SPECIMEN	LACM	Herps	186011	GBP 1937			CC0_1_0		Greg Pauly, Robert Espinoza, and Max Espinoza		native	2026-02-26T00:49:22.498Z		
1054631856	7a25f7aa-03fb-4322-aaeb-66719e1a9527	0a14f396-1470-45cf-8d96-880cb6051dfd	Animalia	Chordata	Squamata		Gekkonidae	Hemidactylus	Hemidactylus turcicus		SPECIES	Hemidactylus turcicus (Linnaeus, 1758)	Hemidactylus turcicus		US	E. Saint Gertrude Place at S. Wright St., Santa Ana	California	PRESENT	1	493fe050-055d-11d8-b84f-b8a03c50a862	33.72	-117.85							2014-10-25	25	10	2014	5221528	5221528	PRESERVED_SPECIMEN	LACM	Herps	186017	GBP 1943			CC0_1_0		Greg Pauly, Robert Espinoza, Max Espinoza, and Tom Wake		native	2026-02-26T00:49:27.149Z		
1054631474	7a25f7aa-03fb-4322-aaeb-66719e1a9527	094f8e78-6f11-4415-a395-97c5d1353bb8	Animalia	Chordata	Squamata		Gekkonidae	Hemidactylus	Hemidactylus turcicus		SPECIES	Hemidactylus turcicus (Linnaeus, 1758)	Hemidactylus turcicus		US	between 750 and 490 E. Easy Street, Simi Valley	California	PRESENT	1	493fe050-055d-11d8-b84f-b8a03c50a862	34.27	-118.79							2014-10-11	11	10	2014	5221528	5221528	PRESERVED_SPECIMEN	LACM	Herps	185987	GBP 1913			CC0_1_0		Greg Pauly, Robert Espinoza, Tanja Wolfmeyer, Benjamin Singh, and Gillian C. Larson		native	2026-02-26T00:49:30.943Z		
1054626387	7a25f7aa-03fb-4322-aaeb-66719e1a9527	01bc5eef-028c-4b39-b3b8-ce5cd8912691	Animalia	Chordata	Squamata		Gekkonidae	Hemidactylus	Hemidactylus turcicus		SPECIES	Hemidactylus turcicus (Linnaeus, 1758)	Hemidactylus turcicus		US	between 750 and 490 E. Easy Street, Simi Valley	California	PRESENT	1	493fe050-055d-11d8-b84f-b8a03c50a862	34.27	-118.79							2014-10-11	11	10	2014	5221528	5221528	PRESERVED_SPECIMEN	LACM	Herps	185990	GBP 1916			CC0_1_0		Greg Pauly, Robert Espinoza, Tanja Wolfmeyer, Benjamin Singh, and Gillian C. Larson		native	2026-02-26T00:49:27.354Z		
1038293445	50c9509d-22c7-4a22-a47d-8c48425ef4a7	http://www.inaturalist.org/observations/912953	Animalia	Chordata	Squamata		Gekkonidae	Hemidactylus	Hemidactylus turcicus		SPECIES	Hemidactylus turcicus (Linnaeus, 1758)	Hemidactylus turcicus		US		California	PRESENT		28eb1a3f-1c15-4a95-931a-4af90ecb574d	34.048961	-118.276531	28874.0						2014-10-05T07:04	5	10	2014	5221528	5221528	HUMAN_OBSERVATION	iNaturalist	Observations	912953		NHMLA Community Science Program	2014-10-07T17:20:58	CC_BY_NC_4_0	NHMLA Community Science Program	NHMLA Community Science Program			2026-02-23T22:51:31.306Z	StillImage	COORDINATE_ROUNDED;CONTINENT_DERIVED_FROM_COORDINATES;TAXON_ID_NOT_FOUND
1024226556	50c9509d-22c7-4a22-a47d-8c48425ef4a7	http://www.inaturalist.org/observations/876399	Animalia	Chordata	Squamata		Gekkonidae	Hemidactylus	Hemidactylus turcicus		SPECIES	Hemidactylus turcicus (Linnaeus, 1758)	Hemidactylus turcicus		US		California	PRESENT		28eb1a3f-1c15-4a95-931a-4af90ecb574d	33.931958	-117.946173	1794.0						2014-09-14	14	9	2014	5221528	5221528	HUMAN_OBSERVATION	iNaturalist	Observations	876399		Jared	2014-09-14T22:57:17	CC_BY_NC_4_0	Jared	Jared			2026-02-24T00:04:02.139Z	StillImage	CONTINENT_DERIVED_FROM_COORDINATES;TAXON_ID_NOT_FOUND
1024190864	50c9509d-22c7-4a22-a47d-8c48425ef4a7	http://www.inaturalist.org/observations/785988	Animalia	Chordata	Squamata		Gekkonidae	Hemidactylus	Hemidactylus turcicus		SPECIES	Hemidactylus turcicus (Linnaeus, 1758)	Hemidactylus turcicus		US		California	PRESENT		28eb1a3f-1c15-4a95-931a-4af90ecb574d	32.650255	-115.73842	29066.0						2014-07-14T23:29:47	14	7	2014	5221528	5221528	HUMAN_OBSERVATION	iNaturalist	Observations	785988		Chris Patnaude	2014-07-15T18:59:22	CC_BY_NC_4_0	Chris Patnaude	Chris Patnaude			2026-02-23T22:51:37.987Z	StillImage	COORDINATE_ROUNDED;CONTINENT_DERIVED_FROM_COORDINATES;TAXON_ID_NOT_FOUND
